patient_id,ecg_id,lead,bpm,ibi,sdnn,sdsd,rmssd,pnn20,pnn50,hr_mad,sd1,sd2,s,sd1/sd2,breathingrate
13619.0,28,0,88.11748998664886,680.9090909090909,6.680426571226849,4.898979485566356,7.745966692414834,0.0,0.0,0.0,5.47722557505166,8.246211251235305,141.89430213444868,0.6642111641550726,0.13351134846461948
13619.0,28,1,88.3352208380521,679.2307692307693,7.297563831157799,5.527707983925667,10.0,0.0,0.0,10.0,7.071067811865475,7.071067811865466,157.0796326794894,1.0000000000000013,0.22650056625141562
13619.0,28,2,90.9090909090909,660.0,21.602468994692867,--,nan,nan,nan,10.0,nan,nan,nan,nan,nan
13619.0,28,3,88.23529411764706,680.0,7.0710678118654755,4.810456929208347,7.977240352174657,0.0,0.0,5.0,5.604012729971796,8.232168307397636,144.93164677671882,0.6807456457050188,0.12254901960784313
13619.0,28,4,88.11748998664886,680.9090909090909,6.680426571226849,4.898979485566356,7.745966692414834,0.0,0.0,0.0,5.47722557505166,8.246211251235305,141.89430213444868,0.6642111641550726,0.13351134846461948
13619.0,28,5,88.3352208380521,679.2307692307693,7.297563831157799,5.951190357119041,9.574271077563381,0.0,0.0,10.0,6.744339190099434,7.883703303510207,167.03964111966013,0.8554785651429231,0.22650056625141562
13619.0,28,6,nan,nan,nan,--,nan,nan,nan,nan,nan,nan,nan,nan,nan
13619.0,28,7,88.23529411764706,680.0,7.0710678118654755,4.810456929208347,7.977240352174657,0.0,0.0,5.0,5.604012729971796,8.232168307397636,144.93164677671882,0.6807456457050188,0.24509803921568626
13619.0,28,8,88.23529411764706,680.0,7.385489458759964,4.898979485566356,7.745966692414834,0.0,0.0,10.0,5.2915026221291805,8.366600265340736,139.08423572114506,0.6324555320336772,0.1336898395721925
13619.0,28,9,88.3352208380521,679.2307692307693,7.297563831157799,5.527707983925667,10.0,0.0,0.0,10.0,7.071067811865475,7.071067811865466,157.0796326794894,1.0000000000000013,0.22650056625141562
13619.0,28,10,88.3352208380521,679.2307692307693,8.284868934053085,6.871842709362768,10.801234497346433,0.0,0.0,10.0,7.6376261582597325,8.660254037844378,207.79682205165184,0.8819171036881975,0.22650056625141562
13619.0,28,11,88.3352208380521,679.2307692307693,7.297563831157799,5.527707983925667,10.0,0.0,0.0,10.0,7.071067811865475,7.071067811865466,157.0796326794894,1.0000000000000013,0.22650056625141562
