patient_id,ecg_id,lead,bpm,ibi,sdnn,sdsd,rmssd,pnn20,pnn50,hr_mad,sd1,sd2,s,sd1/sd2,breathingrate
3731.0,491,0,69.06474820143885,868.75,44.563858674939716,22.314999074019017,29.03200204700225,0.14285714285714285,0.14285714285714285,15.0,15.77908716741037,53.375833406484,2645.918221552787,0.2956223099552307,0.14388489208633093
3731.0,491,1,68.96551724137932,870.0,42.16370213557839,22.0439901106855,30.618621784789728,0.25,0.125,10.0,20.136254616983763,51.773243572331815,3275.170706817587,0.3889316802964378,0.1277139208173691
3731.0,491,2,68.96551724137932,870.0,42.946995755750415,19.324531042175384,30.618621784789728,0.375,0.125,10.0,20.136254616983763,53.20214986257603,3365.5631895303413,0.3784857316667987,0.2554278416347382
3731.0,491,3,66.66666666666667,900.0,10.954451150103322,7.0710678118654755,12.24744871391589,0.0,0.0,10.0,7.905694150420947,10.606601717798203,263.430552414027,0.7453559924999306,0.2222222222222222
3731.0,491,4,428.57142857142856,140.0,0.0,--,nan,nan,nan,0.0,nan,nan,nan,nan,nan
3731.0,491,5,68.96551724137932,870.0,42.946995755750415,19.324531042175384,30.618621784789728,0.375,0.125,10.0,20.136254616983763,53.20214986257603,3365.5631895303413,0.3784857316667987,0.2554278416347382
3731.0,491,6,75.9493670886076,790.0,0.0,--,nan,nan,nan,0.0,nan,nan,nan,nan,nan
3731.0,491,7,68.96551724137932,870.0,42.946995755750415,14.947825928876748,28.062430400804562,0.375,0.0,10.0,17.297940628872556,51.53124052455942,2800.366491323173,0.3356787155284663,0.1277139208173691
3731.0,491,8,68.18181818181819,880.0,35.050983275386564,22.173557826083453,33.4165627596057,0.3333333333333333,0.16666666666666666,10.0,19.75544931854949,32.510682005218555,2017.729132970549,0.6076602550318194,0.16233766233766234
3731.0,491,9,68.96551724137932,870.0,42.946995755750415,14.947825928876748,28.062430400804562,0.375,0.0,10.0,17.297940628872556,51.53124052455942,2800.366491323173,0.3356787155284663,0.1277139208173691
3731.0,491,10,69.06474820143885,868.75,44.563858674939716,22.314999074019017,29.03200204700225,0.14285714285714285,0.14285714285714285,15.0,15.77908716741037,53.375833406484,2645.918221552787,0.2956223099552307,0.14388489208633093
3731.0,491,11,98.36065573770492,610.0,20.0,--,nan,nan,nan,20.0,nan,nan,nan,nan,nan
