patient_id,ecg_id,lead,bpm,ibi,sdnn,sdsd,rmssd,pnn20,pnn50,hr_mad,sd1,sd2,s,sd1/sd2,breathingrate
9027.0,550,0,112.90322580645162,531.4285714285714,3.499271061118826,4.615384615384616,5.547001962252291,0.0,0.0,0.0,3.9223227027636804,3.263569759322553,40.21481680167716,1.2018504251546533,0.26881720430107525
9027.0,550,1,112.55411255411255,533.0769230769231,6.056929133855239,4.979295977319692,7.385489458759964,0.0,0.0,0.0,5.061603966209111,5.529784118452932,87.93185019104452,0.9153348228041126,0.14430014430014432
9027.0,550,2,112.78195488721805,532.0,4.0,4.517539514526256,5.3452248382484875,0.0,0.0,0.0,3.7796447300922718,4.40315285926357,52.283495495006555,0.858395075278949,0.2506265664160401
9027.0,550,3,115.38461538461539,520.0,28.674417556808756,35.61951712193752,51.720402163943,0.5,0.25,10.0,36.18528706532532,16.1051234084064,1830.8212815582744,2.2468183662869463,0.2136752136752137
9027.0,550,4,128.2051282051282,468.0,90.42123644365851,0.0,30.0,1.0,0.0,30.0,0.0,0.0,0.0,nan,0.4273504273504274
9027.0,550,5,112.67605633802818,532.5,5.5901699437494745,4.714045207910316,8.16496580927726,0.0,0.0,0.0,5.773502691896257,5.033222956847177,91.29256599178478,1.1470786693528063,0.11737089201877934
9027.0,550,6,112.78195488721805,532.0,4.0,4.103259033241449,4.6291004988627575,0.0,0.0,0.0,3.2340661207633628,4.315373561998075,43.8447061843302,0.7494290063884869,0.2506265664160401
9027.0,550,7,112.80846063454759,531.875,5.266343608235224,6.110100926607787,8.563488385776752,0.0,0.0,0.0,6.036923425424944,4.216370213557856,79.96579816498199,1.4317821063276295,0.11750881316098707
9027.0,550,8,112.90322580645162,531.4285714285714,3.499271061118826,4.615384615384616,5.547001962252291,0.0,0.0,0.0,3.9223227027636804,3.263569759322553,40.21481680167716,1.2018504251546533,0.26881720430107525
9027.0,550,9,112.78195488721805,532.0,4.0,4.79157423749955,5.976143046671968,0.0,0.0,0.0,4.195478615882403,3.3881546358947197,44.65752067151157,1.2382783747337704,0.12531328320802004
9027.0,550,10,112.78195488721805,532.0,5.41602560309064,4.948716593053935,7.559289460184544,0.0,0.0,0.0,5.3452248382484875,4.948716593053945,83.10141782832063,1.0801234497346412,0.12531328320802004
9027.0,550,11,112.67605633802818,532.5,5.5901699437494745,4.714045207910316,8.16496580927726,0.0,0.0,0.0,5.773502691896257,5.033222956847177,91.29256599178478,1.1470786693528063,0.11737089201877934
