patient_id,ecg_id,lead,bpm,ibi,sdnn,sdsd,rmssd,pnn20,pnn50,hr_mad,sd1,sd2,s,sd1/sd2,breathingrate
20767.0,551,0,56.872037914691944,1055.0,7.0710678118654755,6.998542122237652,10.0,0.0,0.0,0.0,6.998542122237652,7.559289460184515,166.20283565664033,0.9258200997725551,0.23696682464454977
20767.0,551,1,130.43478260869566,460.0,0.0,--,nan,nan,nan,0.0,nan,nan,nan,nan,nan
20767.0,551,2,nan,nan,nan,--,nan,nan,nan,nan,nan,nan,nan,nan,nan
20767.0,551,3,56.78233438485804,1056.6666666666667,4.714045207910316,4.898979485566356,7.745966692414834,0.0,0.0,0.0,5.2915026221291805,3.4641016151376713,57.58634455116824,1.5275252316519832,0.15772870662460567
20767.0,551,4,56.80473372781065,1056.25,4.841229182759271,4.948716593053935,7.559289460184544,0.0,0.0,0.0,5.3452248382484875,4.517539514526205,75.86086850872097,1.1832159566199365,0.2366863905325444
20767.0,551,5,56.83355886332882,1055.7142857142858,4.948716593053935,5.0,7.0710678118654755,0.0,0.0,0.0,4.859126579037749,4.859126579037698,74.17649320975818,1.0000000000000107,0.2706359945872801
20767.0,551,6,1285.7142857142858,46.666666666666664,4.714045207910317,0.0,0.0,0.0,0.0,0.0,0.0,0.0,0.0,nan,nan
20767.0,551,7,56.78233438485804,1056.6666666666667,7.4535599249993,6.324555320336759,11.832159566199232,0.0,0.0,5.0,8.24621125123532,7.211102550927938,186.81252945734545,1.1435437497937373,0.15772870662460567
20767.0,551,8,57.034220532319395,1052.0,7.483314773547883,9.428090415820632,11.547005383792516,0.0,0.0,10.0,6.666666666666666,6.666666666666614,139.62634015954524,1.0000000000000078,0.19011406844106465
20767.0,551,9,1000.0,60.0,10.954451150103322,0.0,30.0,1.0,0.0,10.0,0.0,0.0,0.0,nan,3.3333333333333335
20767.0,551,10,56.83355886332882,1055.7142857142858,4.948716593053935,5.0,7.0710678118654755,0.0,0.0,0.0,4.859126579037749,4.859126579037698,74.17649320975818,1.0000000000000107,0.2706359945872801
20767.0,551,11,56.83355886332882,1055.7142857142858,7.2843135908468355,6.871842709362768,10.801234497346433,0.0,0.0,0.0,7.54615428178118,7.5461542817811464,178.89624832941794,1.0000000000000044,0.13531799729364005
