patient_id,ecg_id,lead,bpm,ibi,sdnn,sdsd,rmssd,pnn20,pnn50,hr_mad,sd1,sd2,s,sd1/sd2,breathingrate
7420.0,566,0,64.343163538874,932.5,16.393596310755,13.997084244475303,20.0,0.42857142857142855,0.0,0.0,13.997084244475301,19.166296949998184,842.8022022189264,0.7302967433402219,0.2680965147453083
7420.0,566,1,64.343163538874,932.5,15.612494995995995,11.780301787479031,18.51640199545103,0.14285714285714285,0.0,10.0,12.936264483053451,18.40585532389302,748.0226748886397,0.7028341935438674,0.13404825737265416
7420.0,566,2,64.23982869379014,934.0,10.198039027185569,0.0,10.0,0.0,0.0,10.0,6.666666666666666,6.66666666666672,139.62634015954745,0.9999999999999919,0.21413276231263384
7420.0,566,3,nan,nan,nan,--,nan,nan,nan,nan,nan,nan,nan,nan,nan
7420.0,566,4,64.42953020134229,931.25,14.523687548277813,6.998542122237652,18.51640199545103,0.14285714285714285,0.0,10.0,12.936264483053451,16.781914463529617,682.0249494445465,0.7708455737375187,0.1342281879194631
7420.0,566,5,64.51612903225806,930.0,18.708286933869708,14.568627181693671,25.911938781738648,0.42857142857142855,0.0,15.0,18.070158058105022,19.79486637221574,1123.736269625236,0.9128709291752768,0.13440860215053763
7420.0,566,6,64.5933014354067,928.8888888888889,16.62958838566196,10.532687216470448,23.717082451262844,0.5,0.0,10.0,16.747201258717826,16.74720125871781,881.1185645615112,1.000000000000001,0.11961722488038279
7420.0,566,7,nan,nan,nan,--,nan,nan,nan,nan,nan,nan,nan,nan,nan
7420.0,566,8,64.343163538874,932.5,14.79019945774904,13.552618543578768,17.728105208558365,0.14285714285714285,0.0,5.0,12.371791482634837,17.20227796970329,668.6031609606024,0.7191949522280757,0.13404825737265416
7420.0,566,9,64.343163538874,932.5,14.79019945774904,13.552618543578768,17.728105208558365,0.14285714285714285,0.0,5.0,12.371791482634837,17.20227796970329,668.6031609606024,0.7191949522280757,0.13404825737265416
7420.0,566,10,64.343163538874,932.5,14.79019945774904,13.552618543578768,17.728105208558365,0.14285714285714285,0.0,5.0,12.371791482634837,17.20227796970329,668.6031609606024,0.7191949522280757,0.13404825737265416
7420.0,566,11,64.343163538874,932.5,14.79019945774904,13.552618543578768,17.728105208558365,0.14285714285714285,0.0,5.0,12.371791482634837,17.20227796970329,668.6031609606024,0.7191949522280757,0.13404825737265416
