patient_id,ecg_id,lead,bpm,ibi,sdnn,sdsd,rmssd,pnn20,pnn50,hr_mad,sd1,sd2,s,sd1/sd2,breathingrate
7793.0,570,0,55.46995377503852,1081.6666666666667,48.79093722768149,33.1058907144937,53.47896782848375,0.8,0.2,15.0,31.30495168499705,41.13392760240626,4045.4150879372464,0.7610494185623492,0.15408320493066255
7793.0,570,1,55.46995377503852,1081.6666666666667,45.613107278013366,26.076809620810597,47.74934554525329,0.8,0.2,20.0,27.349588662354684,40.84115571332428,3509.123837296249,0.6696575595051533,0.15408320493066255
7793.0,570,2,54.54545454545455,1100.0,14.142135623730951,11.661903789690601,24.899799195977465,0.6,0.0,10.0,17.54992877478424,7.211102550927965,397.58217274903876,2.433737233777908,0.1515151515151515
7793.0,570,3,55.46995377503852,1081.6666666666667,47.404875511092975,33.823069050575526,49.39635614091387,0.6,0.2,15.0,28.774989139876315,41.61730409336962,3762.1749285731835,0.6914188645021023,0.15408320493066255
7793.0,570,4,54.54545454545455,1100.0,15.811388300841896,4.714045207910317,33.665016461206925,1.0,0.0,15.0,23.33333333333333,5.773502691896212,423.2198516546474,4.041451884327412,0.22727272727272727
7793.0,570,5,58.25242718446602,1030.0,50.0,0.0,100.0,1.0,1.0,50.0,0.0,0.0,0.0,nan,nan
7793.0,570,6,55.55555555555556,1080.0,0.0,--,nan,nan,nan,0.0,nan,nan,nan,nan,nan
7793.0,570,7,55.48216644649934,1081.4285714285713,43.89226141639205,30.912061651652344,47.958315233127195,0.6666666666666666,0.16666666666666666,20.0,31.797973380564848,38.51406669430446,3847.4119739267976,0.8256197309142428,0.1321003963011889
7793.0,570,8,54.21686746987952,1106.6666666666667,12.472191289246473,5.0,25.495097567963924,0.5,0.0,10.0,17.677669529663685,3.535533905932766,196.34954084936362,4.999999999999959,nan
7793.0,570,9,55.55555555555556,1080.0,46.54746681256314,33.2264954516723,48.98979485566356,0.6,0.2,15.0,28.425340807103787,40.09987531152684,3580.9526236152515,0.7088635709281828,0.15432098765432098
7793.0,570,10,55.36332179930796,1083.75,41.51430476353904,28.21202522590214,45.51294949163998,0.7142857142857143,0.14285714285714285,15.0,29.381376858861614,34.729273660409184,3205.6619091681237,0.84601184424873,0.2306805074971165
7793.0,570,11,55.48216644649934,1081.4285714285713,42.23355856884138,24.094720491334932,48.13176359397884,0.8333333333333334,0.16666666666666666,30.0,32.33934651988709,38.604116073001556,3922.064444011334,0.8377175754712891,0.1321003963011889
