patient_id,ecg_id,lead,bpm,ibi,sdnn,sdsd,rmssd,pnn20,pnn50,hr_mad,sd1,sd2,s,sd1/sd2,breathingrate
10987.0,582,0,113.20754716981132,530.0,0.0,--,nan,nan,nan,0.0,nan,nan,nan,nan,nan
10987.0,582,1,61.30268199233716,978.75,32.572035551988456,12.453996981544782,24.784787961282106,0.2857142857142857,0.0,30.0,17.261494247992246,44.354784846457235,2405.2971545344462,0.3891687065498409,0.1277139208173691
10987.0,582,2,60.75949367088607,987.5,31.12474899497183,15.0,29.154759474226502,0.5,0.0,20.0,17.677669529663685,38.8908729652602,2159.844949342987,0.4545454545454535,0.2531645569620253
10987.0,582,3,305.08474576271186,196.66666666666666,207.41798914805395,0.0,440.0,1.0,1.0,0.0,0.0,0.0,0.0,nan,nan
10987.0,582,4,61.31386861313869,978.5714285714286,34.817307448439834,18.257418583505537,27.0801280154532,0.5,0.0,10.0,17.795130420052182,46.487752269937815,2598.9001614011027,0.3827918010903646,0.145985401459854
10987.0,582,5,61.30268199233716,978.75,32.572035551988456,12.453996981544782,24.784787961282106,0.2857142857142857,0.0,30.0,17.261494247992246,44.354784846457235,2405.2971545344462,0.3891687065498409,0.1277139208173691
10987.0,582,6,nan,nan,nan,--,nan,nan,nan,nan,nan,nan,nan,nan,nan
10987.0,582,7,61.38107416879795,977.5,33.819373146171706,18.070158058105026,28.030595529069405,0.42857142857142855,0.0,20.0,19.58758457257441,45.35573676110726,2791.0202234392655,0.4318656463623109,0.1278772378516624
10987.0,582,8,62.06896551724138,966.6666666666666,32.48931448269655,14.142135623730951,33.166247903554,0.6,0.0,30.0,23.065125189341586,38.83297567789518,2813.8850986492557,0.5939571919663861,0.1724137931034483
10987.0,582,9,61.30268199233716,978.75,32.572035551988456,12.453996981544782,24.784787961282106,0.2857142857142857,0.0,30.0,17.261494247992246,44.354784846457235,2405.2971545344462,0.3891687065498409,0.1277139208173691
10987.0,582,10,61.30268199233716,978.75,32.572035551988456,12.453996981544782,24.784787961282106,0.2857142857142857,0.0,30.0,17.261494247992246,44.354784846457235,2405.2971545344462,0.3891687065498409,0.1277139208173691
10987.0,582,11,61.30268199233716,978.75,32.572035551988456,12.453996981544782,24.784787961282106,0.2857142857142857,0.0,30.0,17.261494247992246,44.354784846457235,2405.2971545344462,0.3891687065498409,0.1277139208173691
