patient_id,ecg_id,lead,bpm,ibi,sdnn,sdsd,rmssd,pnn20,pnn50,hr_mad,sd1,sd2,s,sd1/sd2,breathingrate
819.0,683,0,59.57446808510638,1007.1428571428571,6.998542122237652,3.726779962499649,9.128709291752768,0.0,0.0,10.0,6.346477588219923,7.905694150421013,157.62410444267024,0.8027729719194797,0.14184397163120568
819.0,683,1,59.50413223140496,1008.3333333333334,6.871842709362768,4.0,8.94427190999916,0.0,0.0,5.0,6.324555320336758,8.485281374238639,168.59555354497877,0.7453559924999238,0.1652892561983471
819.0,683,2,59.50413223140496,1008.3333333333334,6.871842709362768,4.0,8.94427190999916,0.0,0.0,5.0,6.324555320336758,8.485281374238639,168.59555354497877,0.7453559924999238,0.1652892561983471
819.0,683,3,59.50413223140496,1008.3333333333334,6.871842709362768,4.0,8.94427190999916,0.0,0.0,5.0,6.324555320336758,8.485281374238639,168.59555354497877,0.7453559924999238,0.1652892561983471
819.0,683,4,59.50413223140496,1008.3333333333334,6.871842709362768,4.0,8.94427190999916,0.0,0.0,5.0,6.324555320336758,8.485281374238639,168.59555354497877,0.7453559924999238,0.1652892561983471
819.0,683,5,59.50413223140496,1008.3333333333334,6.871842709362768,4.0,8.94427190999916,0.0,0.0,5.0,6.324555320336758,8.485281374238639,168.59555354497877,0.7453559924999238,0.1652892561983471
819.0,683,6,59.60264900662252,1006.6666666666666,7.4535599249993,8.0,10.0,0.0,0.0,5.0,6.928203230275509,8.485281374238639,184.6871755433099,0.8164965809277194,0.16556291390728478
819.0,683,7,59.49008498583569,1008.5714285714286,6.388765649999399,4.714045207910317,8.16496580927726,0.0,0.0,0.0,5.773502691896257,7.817359599705778,141.791218719366,0.7385489458759905,0.141643059490085
819.0,683,8,59.57446808510638,1007.1428571428571,8.80630571852711,8.16496580927726,12.909944487358056,0.0,0.0,0.0,9.128709291752768,9.718253158075516,278.70673125278284,0.9393364366277227,0.14184397163120568
819.0,683,9,59.50413223140496,1008.3333333333334,6.871842709362768,4.0,8.94427190999916,0.0,0.0,5.0,6.324555320336758,8.485281374238639,168.59555354497877,0.7453559924999238,0.1652892561983471
819.0,683,10,59.50413223140496,1008.3333333333334,6.871842709362768,4.0,8.94427190999916,0.0,0.0,5.0,6.324555320336758,8.485281374238639,168.59555354497877,0.7453559924999238,0.1652892561983471
819.0,683,11,59.50413223140496,1008.3333333333334,6.871842709362768,4.0,8.94427190999916,0.0,0.0,5.0,6.324555320336758,8.485281374238639,168.59555354497877,0.7453559924999238,0.1652892561983471
