patient_id,ecg_id,lead,bpm,ibi,sdnn,sdsd,rmssd,pnn20,pnn50,hr_mad,sd1,sd2,s,sd1/sd2,breathingrate
7361.0,700,0,80.2919708029197,747.2727272727273,20.4898684901539,10.954451150103322,14.832396974191326,0.1,0.0,20.0,10.099504938362077,26.8700576850888,852.5474453154054,0.3758646541338343,0.24330900243309
7361.0,700,1,80.2919708029197,747.2727272727273,20.4898684901539,7.810249675906654,10.488088481701515,0.0,0.0,20.0,6.519202405202649,27.248853186877426,558.0749984382709,0.23924685418842448,0.24330900243309
7361.0,700,2,80.23774145616642,747.7777777777778,20.427529234278037,10.497813183356476,11.952286093343936,0.14285714285714285,0.0,20.0,7.423074889580902,25.274008589934468,589.3968948695137,0.29370389992417695,0.1485884101040119
7361.0,700,3,600.0,100.0,50.0,--,nan,nan,nan,50.0,nan,nan,nan,nan,nan
7361.0,700,4,80.2919708029197,747.2727272727273,20.928844424038797,7.0,11.40175425099138,0.0,0.0,20.0,7.245688373094719,27.793884219374597,632.6722243718941,0.26069362295335047,0.121654501216545
7361.0,700,5,80.42895442359249,746.0,21.071307505705477,11.547005383792516,15.275252316519467,0.1111111111111111,0.0,20.0,10.061539042374907,27.034500134658753,854.5404663897311,0.3721740365924436,0.2680965147453083
7361.0,700,6,80.53691275167785,745.0,20.615528128088304,11.110243021644486,19.685019685029527,0.25,0.0,20.0,13.664506943172151,25.233286547732938,1083.222464009374,0.5415270387915373,0.2684563758389262
7361.0,700,7,80.2919708029197,747.2727272727273,20.928844424038797,8.306623862918075,12.24744871391589,0.0,0.0,20.0,7.905694150420947,27.613402542968153,685.819462205189,0.28629916715693404,0.24330900243309
7361.0,700,8,80.2919708029197,747.2727272727273,20.4898684901539,7.810249675906654,10.488088481701515,0.0,0.0,20.0,6.519202405202649,27.248853186877426,558.0749984382709,0.23924685418842448,0.24330900243309
7361.0,700,9,80.2919708029197,747.2727272727273,20.04127971368055,9.0,11.40175425099138,0.1,0.0,20.0,7.245688373094718,26.315394733881522,599.0173661982635,0.27534028831290036,0.24330900243309
7361.0,700,10,80.42895442359249,746.0,20.591260281974,9.558139185602919,11.055415967851333,0.1111111111111111,0.0,20.0,6.758625033664688,27.239223715847256,578.3662628600225,0.24812105896148026,0.2680965147453083
7361.0,700,11,80.42895442359249,746.0,20.591260281974,9.558139185602919,11.055415967851333,0.1111111111111111,0.0,20.0,6.758625033664688,27.239223715847256,578.3662628600225,0.24812105896148026,0.2680965147453083
