patient_id,ecg_id,lead,bpm,ibi,sdnn,sdsd,rmssd,pnn20,pnn50,hr_mad,sd1,sd2,s,sd1/sd2,breathingrate
4874.0,705,0,75.37688442211055,796.0,12.0,5.665577237325317,12.47219128924647,0.0,0.0,5.0,8.678055195451837,13.099806802835111,357.13891217038656,0.6624567313140601,0.25125628140703515
4874.0,705,1,75.70977917981072,792.5,11.989578808281799,11.605769149479944,17.320508075688775,0.2857142857142857,0.0,10.0,12.205719636167899,10.97306535409804,420.76657080055355,1.1123345430189666,0.31545741324921134
4874.0,705,2,75.47169811320755,795.0,11.180339887498949,8.748897637790902,12.47219128924647,0.0,0.0,5.0,8.678055195451837,11.055415967851326,301.40285973492627,0.7849596270902196,0.25157232704402516
4874.0,705,3,75.9493670886076,790.0,10.690449676496975,10.0,14.142135623730951,0.16666666666666666,0.0,10.0,9.718253158075498,11.547005383792538,352.53922799169106,0.8416254115301713,0.18083182640144665
4874.0,705,4,120.0,500.0,0.0,--,nan,nan,nan,0.0,nan,nan,nan,nan,nan
4874.0,705,5,75.47169811320755,795.0,12.041594578792296,6.285393610547089,13.743685418725535,0.0,0.0,10.0,9.428090415820632,12.37280969517783,366.47296727857326,0.7620007620011426,0.37735849056603776
4874.0,705,6,nan,nan,nan,--,nan,nan,nan,nan,nan,nan,nan,nan,nan
4874.0,705,7,75.47169811320755,795.0,12.041594578792296,9.428090415820634,13.743685418725535,0.1111111111111111,0.0,15.0,9.686442096757052,14.054567378526146,427.6925066300271,0.6892024376045103,0.25157232704402516
4874.0,705,8,75.63025210084034,793.3333333333334,9.428090415820634,5.0,11.180339887498949,0.0,0.0,10.0,7.905694150420947,11.180339887498949,277.68018363489784,0.7071067811865474,0.2801120448179272
4874.0,705,9,75.63025210084034,793.3333333333334,11.547005383792516,9.270248108869579,14.577379737113251,0.125,0.0,10.0,10.269797953221863,12.215512678557552,394.1154596479335,0.8407177188108452,0.2801120448179272
4874.0,705,10,75.73632538569426,792.2222222222222,9.162456945817024,7.806247497997997,13.693063937629153,0.0,0.0,10.0,9.642030387838444,9.312290266094571,282.0816745673178,1.0354091326968657,0.2805049088359046
4874.0,705,11,75.47169811320755,795.0,12.041594578792296,11.547005383792516,15.275252316519467,0.2222222222222222,0.0,15.0,10.772621905369618,13.24041698645889,448.0979456044881,0.8136165134668258,0.37735849056603776
