patient_id,ecg_id,lead,bpm,ibi,sdnn,sdsd,rmssd,pnn20,pnn50,hr_mad,sd1,sd2,s,sd1/sd2,breathingrate
6672.0,995,0,118.6046511627907,505.88235294117646,4.921529567847504,4.330127018922194,8.660254037844387,0.0,0.0,0.0,6.123724356957944,3.4232659844072773,65.85763810350657,1.7888543819998373,0.11627906976744186
6672.0,995,1,118.6046511627907,505.88235294117646,4.921529567847504,4.330127018922194,8.660254037844387,0.0,0.0,0.0,6.123724356957944,3.4232659844072773,65.85763810350657,1.7888543819998373,0.11627906976744186
6672.0,995,2,117.6470588235294,510.0,0.0,--,nan,nan,nan,0.0,nan,nan,nan,nan,nan
6672.0,995,3,126.05042016806723,476.0,17.435595774162696,0.0,50.0,1.0,0.0,0.0,0.0,0.0,0.0,nan,0.42016806722689076
6672.0,995,4,118.6046511627907,505.88235294117646,4.921529567847504,3.307189138830738,9.354143466934854,0.0,0.0,0.0,6.614378277661476,2.338535866733695,48.59403213610674,2.8284271247462125,0.11627906976744186
6672.0,995,5,119.00826446280992,504.1666666666667,8.620067027323834,7.806247497997997,13.693063937629153,0.125,0.0,0.0,9.312290266094587,5.519850541454894,161.48556076517147,1.6870547845739499,0.1652892561983471
6672.0,995,6,118.66501854140915,505.625,4.960783708246107,3.3993463423951904,9.309493362512628,0.0,0.0,0.0,6.565905201197403,2.403700850309307,49.582097824180586,2.7315816776253605,0.24721878862793573
6672.0,995,7,118.6046511627907,505.88235294117646,4.921529567847504,4.330127018922194,8.660254037844387,0.0,0.0,0.0,6.123724356957944,3.4232659844072773,65.85763810350657,1.7888543819998373,0.11627906976744186
6672.0,995,8,118.66501854140915,505.625,4.960783708246107,4.422166387140534,8.563488385776752,0.0,0.0,0.0,6.036923425424944,3.5276684147527764,66.90418681453188,1.7113069358158537,0.24721878862793573
6672.0,995,9,118.66501854140915,505.625,4.960783708246107,4.0,8.94427190999916,0.0,0.0,0.0,6.324555320336758,3.1269438398822795,62.12979915899578,2.0225995873897307,0.12360939431396786
6672.0,995,10,118.66501854140915,505.625,4.960783708246107,4.0,8.94427190999916,0.0,0.0,0.0,6.324555320336758,3.126943839882279,62.12979915899577,2.0225995873897307,0.24721878862793573
6672.0,995,11,118.6046511627907,505.88235294117646,4.921529567847504,4.330127018922194,8.660254037844387,0.0,0.0,0.0,6.123724356957944,3.4232659844072773,65.85763810350657,1.7888543819998373,0.11627906976744186
