patient_id,ecg_id,lead,bpm,ibi,sdnn,sdsd,rmssd,pnn20,pnn50,hr_mad,sd1,sd2,s,sd1/sd2,breathingrate
1623.0,1093,0,68.25938566552901,879.0,5.385164807134504,6.666666666666667,9.428090415820634,0.0,0.0,0.0,6.666666666666666,4.444444444444386,93.08422677302967,1.5000000000000195,0.341296928327645
1623.0,1093,1,68.27880512091038,878.75,5.994789404140899,7.453559924999298,10.0,0.0,0.0,0.0,7.071067811865475,4.0824829046385975,90.68996821171015,1.732050807568891,0.28449502133712656
1623.0,1093,2,68.18181818181819,880.0,6.666666666666667,7.0710678118654755,12.24744871391589,0.0,0.0,0.0,8.660254037844386,4.99999999999996,136.03495231756523,1.732050807568891,0.25252525252525254
1623.0,1093,3,173.91304347826087,345.0,242.12600025606503,20.0,550.3635162326806,1.0,1.0,205.0,388.9087296526011,14.142135623730951,17278.75959474386,27.499999999999996,0.7246376811594202
1623.0,1093,4,68.26801517067004,878.8888888888889,3.1426968052735447,3.307189138830738,3.5355339059327378,0.0,0.0,0.0,2.338535866733713,2.338535866733657,17.180584824318764,1.000000000000024,0.1264222503160556
1623.0,1093,5,68.44106463878327,876.6666666666666,4.714045207910317,5.0,7.0710678118654755,0.0,0.0,0.0,3.5355339059327373,3.5355339059326525,39.269908169871464,1.000000000000024,0.25348542458808615
1623.0,1093,6,69.44444444444444,864.0,37.20215047547655,45.0,63.63961030678928,0.5,0.5,0.0,31.819805153394636,31.819805153394555,3180.8625617596567,1.0000000000000027,0.23148148148148145
1623.0,1093,7,68.18181818181819,880.0,0.0,0.0,0.0,0.0,0.0,0.0,0.0,0.0,0.0,nan,0.16233766233766234
1623.0,1093,8,68.26801517067004,878.8888888888889,5.665577237325317,6.614378277661476,10.0,0.0,0.0,0.0,7.071067811865475,4.677071733467368,103.8984110258247,1.5118578920369277,0.2528445006321112
1623.0,1093,9,68.29268292682927,878.5714285714286,3.499271061118826,4.898979485566356,6.324555320336759,0.0,0.0,0.0,4.472135954999579,3.4641016151376713,48.669344111682165,1.2909944487358365,0.16260162601626016
1623.0,1093,10,120.0,500.0,60.0,--,nan,nan,nan,60.0,nan,nan,nan,nan,nan
1623.0,1093,11,68.18181818181819,880.0,0.0,0.0,0.0,0.0,0.0,0.0,0.0,0.0,0.0,nan,0.12626262626262627
