patient_id,ecg_id,lead,bpm,ibi,sdnn,sdsd,rmssd,pnn20,pnn50,hr_mad,sd1,sd2,s,sd1/sd2,breathingrate
2136.0,1161,0,68.47360912981455,876.25,11.110243021644486,6.3887656499993986,13.093073414159543,0.0,0.0,5.0,8.329931278350427,8.806305718527106,230.45442392926435,0.9459053029269174,0.28530670470756064
2136.0,1161,1,68.47360912981455,876.25,11.110243021644486,6.3887656499993986,13.093073414159543,0.0,0.0,5.0,8.329931278350427,8.806305718527106,230.45442392926435,0.9459053029269174,0.28530670470756064
2136.0,1161,2,nan,nan,nan,--,nan,nan,nan,nan,nan,nan,nan,nan,nan
2136.0,1161,3,nan,nan,nan,--,nan,nan,nan,nan,nan,nan,nan,nan,nan
2136.0,1161,4,68.78980891719746,872.2222222222222,11.331154474650633,9.89743318610787,13.093073414159543,0.0,0.0,0.0,9.035079029052511,13.997084244475328,397.3007682586402,0.6454972243679016,0.12738853503184713
2136.0,1161,5,269.6629213483146,222.5,124.57427503300993,127.627931460511,223.38307903688676,1.0,0.6666666666666666,95.0,153.94804318340653,65.06407098647712,31467.720120169102,2.366099151948285,1.1235955056179776
2136.0,1161,6,461.53846153846155,130.0,0.0,--,nan,nan,nan,0.0,nan,nan,nan,nan,nan
2136.0,1161,7,68.47360912981455,876.25,9.921567416492215,6.998542122237652,10.0,0.0,0.0,0.0,6.388765649999399,9.258200997725515,185.82041929073756,0.6900655593423543,0.14265335235378032
2136.0,1161,8,68.47360912981455,876.25,11.110243021644486,6.3887656499993986,13.093073414159543,0.0,0.0,5.0,8.329931278350427,8.806305718527106,230.45442392926435,0.9459053029269174,0.28530670470756064
2136.0,1161,9,68.47360912981455,876.25,11.110243021644486,6.3887656499993986,13.093073414159543,0.0,0.0,5.0,8.329931278350427,8.806305718527106,230.45442392926435,0.9459053029269174,0.28530670470756064
2136.0,1161,10,68.47360912981455,876.25,9.921567416492215,6.998542122237652,10.0,0.0,0.0,0.0,6.388765649999399,9.258200997725515,185.82041929073756,0.6900655593423543,0.14265335235378032
2136.0,1161,11,68.47360912981455,876.25,11.110243021644486,6.3887656499993986,13.093073414159543,0.0,0.0,5.0,8.329931278350427,8.806305718527106,230.45442392926435,0.9459053029269174,0.28530670470756064
