patient_id,ecg_id,lead,bpm,ibi,sdnn,sdsd,rmssd,pnn20,pnn50,hr_mad,sd1,sd2,s,sd1/sd2,breathingrate
2502.0,1206,0,53.57142857142857,1120.0,16.32993161855452,8.0,17.88854381999832,0.0,0.0,20.0,11.31370849898476,17.888543819998283,635.8136490109492,0.632455532033677,0.1488095238095238
2502.0,1206,1,54.249547920434,1106.0,31.368774282716245,16.32993161855452,43.20493798938573,0.6666666666666666,0.3333333333333333,30.0,30.55050463303893,35.276684147527874,3385.758813237206,0.8660254037844386,0.18083182640144665
2502.0,1206,2,54.21686746987952,1106.6666666666667,25.603819159562022,9.797958971132712,29.664793948382652,0.8,0.0,15.0,17.663521732655692,21.725560982400474,1205.5859249850375,0.8130294884889107,0.1506024096385542
2502.0,1206,3,nan,nan,nan,--,nan,nan,nan,nan,nan,nan,nan,nan,nan
2502.0,1206,4,857.1428571428571,70.0,0.0,--,nan,nan,nan,0.0,nan,nan,nan,nan,nan
2502.0,1206,5,54.249547920434,1106.0,31.368774282716245,12.47219128924647,45.09249752822894,1.0,0.3333333333333333,30.0,31.797973380564848,25.166114784235866,2514.001238212631,1.2635233389495306,0.18083182640144665
2502.0,1206,6,1200.0,50.0,0.0,--,nan,nan,nan,0.0,nan,nan,nan,nan,nan
2502.0,1206,7,53.91527599486521,1112.857142857143,27.105237087157533,9.574271077563381,26.770630673681683,0.5,0.0,20.0,15.679073101855646,25.630927498716165,1262.509282192685,0.611724765037902,0.25673940949935814
2502.0,1206,8,54.21686746987952,1106.6666666666667,19.72026594366539,6.324555320336759,20.97617696340303,0.2,0.0,10.0,12.165525060596437,18.220867158288602,696.3855841787125,0.6676699278312002,0.1506024096385542
2502.0,1206,9,53.85996409335727,1114.0,12.0,4.330127018922194,18.027756377319946,0.0,0.0,10.0,11.592023119369628,9.185586535436894,334.51531386704727,1.261979632400064,0.17953321364452424
2502.0,1206,10,53.77720870678617,1115.7142857142858,19.1662969499982,16.072751268321593,29.720924166878348,0.16666666666666666,0.16666666666666666,20.0,20.982797186690284,15.500896031448521,1021.8097890056029,1.3536505982699307,0.12804097311139565
2502.0,1206,11,54.249547920434,1106.0,31.368774282716245,16.32993161855452,43.20493798938573,0.6666666666666666,0.3333333333333333,30.0,30.55050463303893,35.276684147527874,3385.758813237206,0.8660254037844386,0.18083182640144665
