patient_id,ecg_id,lead,bpm,ibi,sdnn,sdsd,rmssd,pnn20,pnn50,hr_mad,sd1,sd2,s,sd1/sd2,breathingrate
14984.0,1499,0,75.9493670886076,790.0,9.534625892455923,7.745966692414834,12.649110640673518,0.0,0.0,10.0,8.831760866327846,8.831760866327853,245.044226980004,0.9999999999999992,0.23014959723820486
14984.0,1499,1,75.9493670886076,790.0,8.528028654224418,7.483314773547883,10.954451150103322,0.0,0.0,0.0,7.615773105863908,7.615773105863932,182.21237390820855,0.9999999999999969,0.23014959723820486
14984.0,1499,2,409.0909090909091,146.66666666666666,4.714045207910316,--,nan,nan,nan,0.0,nan,nan,nan,nan,nan
14984.0,1499,3,nan,nan,nan,--,nan,nan,nan,nan,nan,nan,nan,nan,nan
14984.0,1499,4,76.92307692307692,780.0,0.0,--,nan,nan,nan,0.0,nan,nan,nan,nan,nan
14984.0,1499,5,75.9493670886076,790.0,8.528028654224418,7.483314773547883,10.954451150103322,0.0,0.0,0.0,7.615773105863908,7.615773105863932,182.21237390820855,0.9999999999999969,0.23014959723820486
14984.0,1499,6,75.9493670886076,790.0,8.528028654224418,7.483314773547883,10.954451150103322,0.0,0.0,0.0,7.615773105863908,7.615773105863932,182.21237390820855,0.9999999999999969,0.23014959723820486
14984.0,1499,7,75.73632538569426,792.2222222222222,7.856742013183862,5.994789404140899,10.606601717798213,0.0,0.0,10.0,7.447734554883114,7.856128181235327,183.81570872477948,0.9480159161191288,0.2805049088359046
14984.0,1499,8,75.75757575757575,792.0,7.483314773547883,7.370277311900889,11.547005383792516,0.0,0.0,10.0,8.164965809277259,7.5359222034725075,193.30391484353368,1.0834726777719244,0.25252525252525254
14984.0,1499,9,75.9493670886076,790.0,9.534625892455923,7.745966692414834,12.649110640673518,0.0,0.0,10.0,8.831760866327846,8.831760866327853,245.044226980004,0.9999999999999992,0.23014959723820486
14984.0,1499,10,75.9493670886076,790.0,9.534625892455923,7.745966692414834,12.649110640673518,0.0,0.0,10.0,8.831760866327846,8.831760866327853,245.044226980004,0.9999999999999992,0.23014959723820486
14984.0,1499,11,75.9493670886076,790.0,9.534625892455923,7.745966692414834,12.649110640673518,0.0,0.0,10.0,8.831760866327846,8.831760866327853,245.044226980004,0.9999999999999992,0.23014959723820486
