patient_id,ecg_id,lead,bpm,ibi,sdnn,sdsd,rmssd,pnn20,pnn50,hr_mad,sd1,sd2,s,sd1/sd2,breathingrate
11568.0,1495,0,86.53846153846153,693.3333333333334,10.274023338281626,6.030226891555273,11.677484162422845,0.0,0.0,5.0,8.23216830739765,11.991732689339015,310.131623555549,0.6864869757075454,0.360576923076923
11568.0,1495,1,86.64259927797833,692.5,10.103629710818451,5.1425947722658,10.44465935734187,0.0,0.0,10.0,7.2727272727272725,10.909090909090903,249.2503262352231,0.6666666666666671,0.3610108303249097
11568.0,1495,2,86.53846153846153,693.3333333333334,11.055415967851333,7.158188976374374,13.816985594155149,0.0,0.0,10.0,9.748913904330552,12.36497318975949,378.7034719578852,0.7884298457197202,0.360576923076923
11568.0,1495,3,211.26760563380282,284.0,286.6077458827657,5.0,585.0213671311502,1.0,1.0,0.0,413.65746699413023,3.5355339059327378,4594.579255875072,116.99999999999997,0.7042253521126761
11568.0,1495,4,86.38743455497382,694.5454545454545,8.907235428302466,7.0,11.40175425099138,0.0,0.0,10.0,8.031189202104503,9.192388155425125,231.93061761448686,0.873678207046195,0.39267015706806285
11568.0,1495,5,86.38743455497382,694.5454545454545,7.8202956973114786,5.385164807134504,10.488088481701515,0.0,0.0,10.0,7.382411530116699,7.3824115301166975,171.21679962064363,1.0000000000000002,0.2617801047120419
11568.0,1495,6,nan,nan,nan,--,nan,nan,nan,nan,nan,nan,nan,nan,nan
11568.0,1495,7,86.33093525179856,695.0,8.06225774829855,5.0,11.180339887498949,0.0,0.0,5.0,7.905694150420947,4.99999999999999,124.18235332245101,1.5811388300841926,0.28776978417266186
11568.0,1495,8,86.38743455497382,694.5454545454545,9.875254992000196,4.47213595499958,10.954451150103322,0.0,0.0,10.0,7.615773105863908,9.38083151964687,224.4425558203261,0.8118441408859877,0.2617801047120419
11568.0,1495,9,86.95652173913044,690.0,10.690449676496975,3.726779962499649,9.128709291752768,0.0,0.0,10.0,5.400617248673217,11.843892002959901,200.94986118550932,0.45598332434334515,0.20703933747412007
11568.0,1495,10,86.64259927797833,692.5,10.897247358851684,7.385489458759964,12.431631210161221,0.09090909090909091,0.0,5.0,8.766955237266322,10.794856442761734,297.31411851834383,0.812141901446482,0.12033694344163658
11568.0,1495,11,86.64259927797833,692.5,10.103629710818451,5.1425947722658,10.44465935734187,0.0,0.0,10.0,7.2727272727272725,10.909090909090903,249.2503262352231,0.6666666666666671,0.3610108303249097
