patient_id,ecg_id,lead,bpm,ibi,sdnn,sdsd,rmssd,pnn20,pnn50,hr_mad,sd1,sd2,s,sd1/sd2,breathingrate
3411.0,1558,0,66.66666666666667,900.0,8.660254037844387,4.948716593053935,15.118578920369089,0.0,0.0,10.0,10.690449676496975,4.9487165930538755,166.20283565663894,2.1602468994693127,0.1388888888888889
3411.0,1558,1,923.0769230769231,65.0,15.0,--,nan,nan,nan,15.0,nan,nan,nan,nan,nan
3411.0,1558,2,nan,nan,nan,--,nan,nan,nan,nan,nan,nan,nan,nan,nan
3411.0,1558,3,66.5024630541872,902.2222222222222,7.856742013183861,8.32993127835043,14.142135623730951,0.0,0.0,0.0,10.0,7.423074889580914,233.20277540154265,1.3471506281091246,0.2463054187192118
3411.0,1558,4,66.66666666666667,900.0,8.660254037844387,4.948716593053935,15.118578920369089,0.0,0.0,10.0,10.690449676496975,4.9487165930538755,166.20283565663894,2.1602468994693127,0.1388888888888889
3411.0,1558,5,67.09265175718849,894.2857142857143,20.60315014550851,15.491933384829668,25.298221281347036,0.2,0.0,10.0,16.970562748477136,14.422205101855912,768.9140277318738,1.1766968108291076,0.3194888178913738
3411.0,1558,6,67.2,892.8571428571429,16.65986255670086,11.661903789690601,24.899799195977465,0.4,0.0,10.0,17.08800749063506,11.489125293076084,616.7771331977134,1.4873201444615753,0.32
3411.0,1558,7,66.59267480577137,901.0,8.306623862918075,7.370277311900889,13.333333333333334,0.0,0.0,0.0,9.428090415820632,8.012336167697738,237.31914436168975,1.1766968108291065,0.22197558268590456
3411.0,1558,8,66.75938803894297,898.75,5.994789404140899,6.388765649999399,10.690449676496975,0.0,0.0,0.0,7.5592894601845435,4.9487165930538755,117.5231521452427,1.527525231651965,0.13908205841446453
3411.0,1558,9,nan,nan,nan,--,nan,nan,nan,nan,nan,nan,nan,nan,nan
3411.0,1558,10,66.58446362515413,901.1111111111111,9.938079899999066,7.0710678118654755,12.24744871391589,0.0,0.0,10.0,8.477912478906584,10.0,266.34147561510156,0.8477912478906584,0.12330456226880396
3411.0,1558,11,66.58446362515413,901.1111111111111,8.748897637790902,6.614378277661476,10.0,0.0,0.0,0.0,6.846531968814576,8.660254037844387,186.2735299836769,0.7905694150420947,0.12330456226880396
