patient_id,ecg_id,lead,bpm,ibi,sdnn,sdsd,rmssd,pnn20,pnn50,hr_mad,sd1,sd2,s,sd1/sd2,breathingrate
20225.0,1568,0,62.24066390041494,964.0,40.54626986542659,52.281290471193735,62.00358412579425,0.3333333333333333,0.2222222222222222,15.0,42.81744192888376,24.720661623652266,3325.2988344294067,1.7320508075688732,0.20746887966804978
20225.0,1568,1,62.418725617685304,961.25,15.360257159305634,16.781914463529617,22.03892660077359,0.14285714285714285,0.0,5.0,15.583874449479591,15.97191412499854,781.9559342813836,0.9757048734120348,0.13003901170351104
20225.0,1568,2,62.418725617685304,961.25,15.360257159305634,16.781914463529617,22.03892660077359,0.14285714285714285,0.0,5.0,15.583874449479591,15.97191412499854,781.9559342813836,0.9757048734120348,0.13003901170351104
20225.0,1568,3,nan,nan,nan,--,nan,nan,nan,nan,nan,nan,nan,nan,nan
20225.0,1568,4,62.24066390041494,964.0,13.564659966250536,11.967032904743343,16.32993161855452,0.2222222222222222,0.0,5.0,11.111111111111109,13.333333333333346,465.42113386515496,0.8333333333333324,0.10373443983402489
20225.0,1568,5,62.418725617685304,961.25,15.360257159305634,16.781914463529617,22.03892660077359,0.14285714285714285,0.0,5.0,15.583874449479591,15.97191412499854,781.9559342813836,0.9757048734120348,0.13003901170351104
20225.0,1568,6,62.2568093385214,963.75,11.110243021644486,13.552618543578768,16.035674514745462,0.14285714285714285,0.0,5.0,11.157499537009505,7.953949089757239,278.8043574465731,1.402762251945724,0.1297016861219196
20225.0,1568,7,62.418725617685304,961.25,15.360257159305634,16.781914463529617,22.03892660077359,0.14285714285714285,0.0,5.0,15.583874449479591,15.97191412499854,781.9559342813836,0.9757048734120348,0.13003901170351104
20225.0,1568,8,nan,nan,nan,--,nan,nan,nan,nan,nan,nan,nan,nan,nan
20225.0,1568,9,62.418725617685304,961.25,14.523687548277813,14.142135623730951,17.320508075688775,0.14285714285714285,0.0,5.0,12.2057196361679,15.45236260913144,592.5270119149278,0.7898934256794515,0.2600780234070221
20225.0,1568,10,62.418725617685304,961.25,11.659223816361019,11.24858267715973,14.142135623730951,0.14285714285714285,0.0,0.0,10.0,13.0149051130633,408.87530290367897,0.7683498199278315,0.2600780234070221
20225.0,1568,11,62.418725617685304,961.25,11.659223816361019,11.24858267715973,14.142135623730951,0.14285714285714285,0.0,0.0,10.0,13.0149051130633,408.87530290367897,0.7683498199278315,0.2600780234070221
