patient_id,ecg_id,lead,bpm,ibi,sdnn,sdsd,rmssd,pnn20,pnn50,hr_mad,sd1,sd2,s,sd1/sd2,breathingrate
1147.0,1587,0,64.51612903225806,930.0,17.320508075688775,8.329931278350427,14.142135623730951,0.14285714285714285,0.0,15.0,9.14732033918978,20.946968998021692,601.9562818396022,0.4366894484855392,0.13440860215053763
1147.0,1587,1,64.51612903225806,930.0,18.708286933869708,9.89743318610787,15.118578920369089,0.14285714285714285,0.0,10.0,9.89743318610787,23.211538298959855,721.7326870208842,0.42640143271122144,0.13440860215053763
1147.0,1587,2,nan,nan,nan,--,nan,nan,nan,nan,nan,nan,nan,nan,nan
1147.0,1587,3,65.39509536784742,917.5,16.393596310755,0.0,10.0,0.0,0.0,5.0,0.0,0.0,0.0,nan,0.2724795640326976
1147.0,1587,4,64.51612903225806,930.0,17.320508075688775,8.329931278350427,14.142135623730951,0.14285714285714285,0.0,15.0,9.14732033918978,20.946968998021692,601.9562818396022,0.4366894484855392,0.13440860215053763
1147.0,1587,5,65.21739130434783,920.0,13.228756555322953,15.986105077709064,20.816659994661325,0.3333333333333333,0.0,10.0,14.529663145135578,6.666666666666627,304.3085533059469,2.1794494717703494,0.2717391304347826
1147.0,1587,6,64.51612903225806,930.0,19.364916731037084,11.24858267715973,14.142135623730951,0.14285714285714285,0.0,10.0,9.147320339189783,24.702309236843675,709.8740740231598,0.3703022357742363,0.13440860215053763
1147.0,1587,7,64.65517241379311,928.0,17.204650534085253,0.0,10.0,0.0,0.0,10.0,6.666666666666666,6.666666666666614,139.62634015954524,1.0000000000000078,0.21551724137931036
1147.0,1587,8,64.51612903225806,930.0,18.708286933869708,11.24858267715973,16.035674514745462,0.14285714285714285,0.0,10.0,10.594569267279518,22.9017422026877,762.2574875593327,0.4626097514116704,0.13440860215053763
1147.0,1587,9,64.51612903225806,930.0,18.708286933869708,11.24858267715973,16.035674514745462,0.14285714285714285,0.0,10.0,10.594569267279518,22.9017422026877,762.2574875593327,0.4626097514116704,0.13440860215053763
1147.0,1587,10,64.343163538874,932.5,16.393596310755,0.0,10.0,0.0,0.0,5.0,7.071067811865475,0.0,0.0,inf,0.2680965147453083
1147.0,1587,11,64.343163538874,932.5,16.393596310755,0.0,10.0,0.0,0.0,5.0,7.071067811865475,0.0,0.0,inf,0.2680965147453083
