patient_id,ecg_id,lead,bpm,ibi,sdnn,sdsd,rmssd,pnn20,pnn50,hr_mad,sd1,sd2,s,sd1/sd2,breathingrate
5233.0,1625,0,90.68010075566751,661.6666666666666,3.72677996249965,4.810456929208347,6.030226891555273,0.0,0.0,0.0,4.264014327112209,3.4015067152490652,45.56589033874938,1.2535663410560074,0.3778337531486146
5233.0,1625,1,91.42857142857143,656.25,14.086784586980807,13.2664991614216,25.69046515733026,0.4,0.0,15.0,17.663521732655695,9.380831519646852,520.5572575964234,1.8829377433825452,0.19047619047619047
5233.0,1625,2,91.1854103343465,658.0,13.2664991614216,4.841229182759271,6.123724356957945,0.0,0.0,0.0,4.238956239453292,3.423265984407316,45.587885685501384,1.2382783747337704,0.1519756838905775
5233.0,1625,3,90.56603773584905,662.5,4.330127018922194,4.979295977319691,6.741998624632421,0.0,0.0,0.0,4.723774929733301,3.5208939510976807,52.25068808212152,1.3416407864998625,0.37735849056603776
5233.0,1625,4,90.75630252100841,661.1111111111111,3.1426968052735447,4.330127018922194,5.0,0.0,0.0,0.0,3.5355339059327373,3.0618621784789974,34.008738079391854,1.1547005383792421,0.1680672268907563
5233.0,1625,5,90.65934065934066,661.8181818181819,3.85694607919935,4.58257569495584,5.477225575051661,0.0,0.0,0.0,3.8078865529319543,3.240370349203956,38.76399450606037,1.1751393027859969,0.2747252747252747
5233.0,1625,6,87.64940239043825,684.5454545454545,71.3969233311704,77.14024425648792,83.59957469322968,0.1111111111111111,0.1111111111111111,0.0,55.755196845752785,54.546389816149215,9554.352011764297,1.0221610822215348,0.13280212483399734
5233.0,1625,7,90.9090909090909,660.0,0.0,0.0,0.0,0.0,0.0,0.0,0.0,0.0,0.0,nan,0.303030303030303
5233.0,1625,8,90.68010075566751,661.6666666666666,3.72677996249965,4.810456929208347,6.030226891555273,0.0,0.0,0.0,4.264014327112209,3.4015067152490652,45.56589033874938,1.2535663410560074,0.3778337531486146
5233.0,1625,9,90.36144578313252,664.0,4.898979485566356,4.714045207910317,8.16496580927726,0.0,0.0,0.0,5.773502691896257,3.33333333333336,60.459978807807744,1.7320508075688632,0.3012048192771084
5233.0,1625,10,90.56603773584905,662.5,4.330127018922194,4.948716593053935,6.546536707079771,0.0,0.0,0.0,4.517539514526256,3.4992710611188538,49.66259603233033,1.2909944487357952,0.18867924528301888
5233.0,1625,11,90.65934065934066,661.8181818181819,3.85694607919935,4.58257569495584,5.477225575051661,0.0,0.0,0.0,3.8078865529319543,3.240370349203956,38.76399450606037,1.1751393027859969,0.2747252747252747
