patient_id,ecg_id,lead,bpm,ibi,sdnn,sdsd,rmssd,pnn20,pnn50,hr_mad,sd1,sd2,s,sd1/sd2,breathingrate
12115.0,1730,0,69.85769728331177,858.8888888888889,13.698697784375504,8.660254037844387,13.228756555322953,0.125,0.0,10.0,9.185586535436917,17.589059099337856,507.57400711266195,0.5222329678670936,0.258732212160414
12115.0,1730,1,69.85769728331177,858.8888888888889,10.999438818457406,5.0,7.0710678118654755,0.0,0.0,0.0,4.677071733467426,14.895469109766248,218.86589312466222,0.31399291281137925,0.129366106080207
12115.0,1730,2,70.27818448023426,853.75,16.535945694153693,11.661903789690601,16.73320053068151,0.2,0.0,5.0,10.392304845413262,20.688160865577192,675.4351144528642,0.502331014967353,0.14641288433382138
12115.0,1730,3,nan,nan,nan,--,nan,nan,nan,nan,nan,nan,nan,nan,nan
12115.0,1730,4,70.03891050583658,856.6666666666666,13.743685418725534,4.330127018922194,8.660254037844387,0.0,0.0,5.0,5.863019699779286,17.589059099337906,323.9767424014482,0.3333333333333324,0.19455252918287938
12115.0,1730,5,69.98939554612937,857.2727272727273,18.630819574471996,18.33030277982336,25.69046515733026,0.3,0.0,20.0,17.94435844492636,18.493242008906943,1042.5355222080282,0.9703197760719172,0.21208907741251326
12115.0,1730,6,69.5364238410596,862.8571428571429,12.777531299998799,6.871842709362768,10.801234497346433,0.0,0.0,10.0,6.7700320038632995,15.679073101855666,333.4732325253191,0.4317877695883723,0.16556291390728478
12115.0,1730,7,69.66618287373004,861.25,12.686114456365274,6.998542122237652,10.0,0.0,0.0,5.0,6.388765649999399,15.779087167410388,316.70046850285763,0.40488816508945763,0.29027576197387517
12115.0,1730,8,69.66618287373004,861.25,12.686114456365274,4.948716593053935,6.546536707079771,0.0,0.0,5.0,3.499271061118826,16.659862556700833,183.14660479385702,0.21004201260420177,0.14513788098693758
12115.0,1730,9,69.66618287373004,861.25,12.686114456365274,4.948716593053935,6.546536707079771,0.0,0.0,5.0,3.499271061118826,16.659862556700833,183.14660479385702,0.21004201260420177,0.14513788098693758
12115.0,1730,10,69.66618287373004,861.25,12.686114456365274,4.948716593053935,6.546536707079771,0.0,0.0,5.0,3.499271061118826,16.659862556700833,183.14660479385702,0.21004201260420177,0.14513788098693758
12115.0,1730,11,69.66618287373004,861.25,12.686114456365274,6.871842709362768,10.801234497346433,0.0,0.0,5.0,6.7700320038632995,15.679073101855666,333.4732325253191,0.4317877695883723,0.29027576197387517
