patient_id,ecg_id,lead,bpm,ibi,sdnn,sdsd,rmssd,pnn20,pnn50,hr_mad,sd1,sd2,s,sd1/sd2,breathingrate
3754.0,1765,0,63.829787234042556,940.0,16.035674514745462,13.43709624716425,25.495097567963924,0.3333333333333333,0.0,20.0,17.98919428743575,13.385315336840849,756.467356637462,1.343949980612223,0.1519756838905775
3754.0,1765,1,545.4545454545455,110.0,0.0,--,nan,nan,nan,0.0,nan,nan,nan,nan,nan
3754.0,1765,2,63.829787234042556,940.0,16.035674514745462,13.43709624716425,25.495097567963924,0.3333333333333333,0.0,20.0,17.98919428743575,13.385315336840849,756.467356637462,1.343949980612223,0.1519756838905775
3754.0,1765,3,nan,nan,nan,--,nan,nan,nan,nan,nan,nan,nan,nan,nan
3754.0,1765,4,63.829787234042556,940.0,16.035674514745462,13.43709624716425,25.495097567963924,0.3333333333333333,0.0,20.0,17.98919428743575,13.385315336840849,756.467356637462,1.343949980612223,0.1519756838905775
3754.0,1765,5,63.745019920318725,941.25,12.686114456365274,4.5175395145262565,13.627702877384937,0.0,0.0,10.0,9.583148474999097,14.356965173029868,432.23580188802373,0.6674912392349759,0.2656042496679947
3754.0,1765,6,63.829787234042556,940.0,16.035674514745462,13.43709624716425,25.495097567963924,0.3333333333333333,0.0,20.0,17.98919428743575,13.385315336840849,756.467356637462,1.343949980612223,0.1519756838905775
3754.0,1765,7,nan,nan,nan,--,nan,nan,nan,nan,nan,nan,nan,nan,nan
3754.0,1765,8,63.745019920318725,941.25,12.686114456365274,10.301575072754254,16.47508942095828,0.14285714285714285,0.0,10.0,11.605769149479944,12.777531299998802,465.8764462075699,0.9082951062292473,0.13280212483399734
3754.0,1765,9,63.745019920318725,941.25,12.686114456365274,12.936264483053453,19.27248223318863,0.14285714285714285,0.0,10.0,13.627702877384937,12.535663410560183,536.6854871462656,1.0871146130092173,0.2656042496679947
3754.0,1765,10,63.829787234042556,940.0,16.035674514745462,13.43709624716425,25.495097567963924,0.3333333333333333,0.0,20.0,17.98919428743575,13.385315336840849,756.467356637462,1.343949980612223,0.1519756838905775
3754.0,1765,11,63.829787234042556,940.0,16.035674514745462,13.43709624716425,25.495097567963924,0.3333333333333333,0.0,20.0,17.98919428743575,13.385315336840849,756.467356637462,1.343949980612223,0.1519756838905775
