patient_id,ecg_id,lead,bpm,ibi,sdnn,sdsd,rmssd,pnn20,pnn50,hr_mad,sd1,sd2,s,sd1/sd2,breathingrate
2832.0,1913,0,66.58446362515413,901.1111111111111,15.947444549341471,9.682458365518542,15.811388300841896,0.125,0.0,10.0,11.039701082909806,20.53959590644375,712.359273189435,0.5374838498865693,0.12330456226880396
2832.0,1913,1,66.66666666666667,900.0,16.583123951777,10.301575072754256,16.47508942095828,0.14285714285714285,0.0,15.0,11.24858267715973,20.503857277724762,724.5748366609013,0.5486081240616177,0.1388888888888889
2832.0,1913,2,214.28571428571428,280.0,0.0,--,nan,nan,nan,0.0,nan,nan,nan,nan,nan
2832.0,1913,3,67.6056338028169,887.5,29.47456530637899,0.0,80.0,1.0,1.0,15.0,0.0,0.0,0.0,nan,0.2816901408450704
2832.0,1913,4,66.58446362515413,901.1111111111111,15.947444549341471,9.682458365518542,15.811388300841896,0.125,0.0,10.0,11.039701082909806,20.53959590644375,712.359273189435,0.5374838498865693,0.12330456226880396
2832.0,1913,5,66.66666666666667,900.0,16.583123951777,10.301575072754256,16.47508942095828,0.14285714285714285,0.0,15.0,11.24858267715973,20.503857277724762,724.5748366609013,0.5486081240616177,0.1388888888888889
2832.0,1913,6,nan,nan,nan,--,nan,nan,nan,nan,nan,nan,nan,nan,nan
2832.0,1913,7,66.66666666666667,900.0,12.649110640673518,9.428090415820634,16.32993161855452,0.0,0.0,0.0,11.547005383792515,6.666666666666614,241.8399152312271,1.732050807568891,0.2222222222222222
2832.0,1913,8,66.66666666666667,900.0,16.583123951777,10.301575072754256,16.47508942095828,0.14285714285714285,0.0,15.0,11.24858267715973,20.503857277724762,724.5748366609013,0.5486081240616177,0.1388888888888889
2832.0,1913,9,66.57420249653259,901.25,16.153559979150106,11.24858267715973,16.035674514745462,0.14285714285714285,0.0,10.0,11.157499537009505,20.354009783964315,713.4552352852226,0.5481720631676132,0.13869625520110956
2832.0,1913,10,66.66666666666667,900.0,16.583123951777,10.301575072754256,16.47508942095828,0.14285714285714285,0.0,15.0,11.24858267715973,20.503857277724762,724.5748366609013,0.5486081240616177,0.1388888888888889
2832.0,1913,11,66.66666666666667,900.0,16.583123951777,10.301575072754256,16.47508942095828,0.14285714285714285,0.0,15.0,11.24858267715973,20.503857277724762,724.5748366609013,0.5486081240616177,0.1388888888888889
