patient_id,ecg_id,lead,bpm,ibi,sdnn,sdsd,rmssd,pnn20,pnn50,hr_mad,sd1,sd2,s,sd1/sd2,breathingrate
6309.0,2056,0,79.23169267707082,757.2727272727273,7.496555682941201,4.898979485566356,7.745966692414834,0.0,0.0,0.0,5.2915026221291805,7.874007874011817,130.89550504234722,0.6720215050322464,0.36014405762304924
6309.0,2056,1,79.23169267707082,757.2727272727273,6.1657545301138805,4.898979485566356,6.324555320336759,0.0,0.0,0.0,4.472135954999579,7.211102550927975,101.31331885360838,0.6201736729460425,0.24009603841536614
6309.0,2056,2,nan,nan,nan,--,nan,nan,nan,nan,nan,nan,nan,nan,nan
6309.0,2056,3,nan,nan,nan,--,nan,nan,nan,nan,nan,nan,nan,nan,nan
6309.0,2056,4,79.05138339920948,759.0,5.385164807134504,4.969039949999533,7.453559924999299,0.0,0.0,0.0,5.211573066470477,5.211573066470444,85.32720787527778,1.0000000000000062,0.2635046113306983
6309.0,2056,5,79.09604519774011,758.5714285714286,3.499271061118826,4.0,4.47213595499958,0.0,0.0,0.0,2.82842712474619,2.828427124746213,25.132741228718547,0.9999999999999918,0.18832391713747645
6309.0,2056,6,79.23169267707082,757.2727272727273,6.1657545301138805,4.898979485566356,6.324555320336759,0.0,0.0,0.0,4.472135954999579,7.211102550927975,101.31331885360838,0.6201736729460425,0.24009603841536614
6309.0,2056,7,79.05138339920948,759.0,5.385164807134504,4.969039949999533,7.453559924999299,0.0,0.0,0.0,5.211573066470477,5.211573066470444,85.32720787527778,1.0000000000000062,0.2635046113306983
6309.0,2056,8,79.15567282321899,758.0,4.0,3.1426968052735447,3.3333333333333335,0.0,0.0,0.0,2.222222222222222,4.714045207910355,32.91024398635853,0.4714045207910278,0.13192612137203166
6309.0,2056,9,79.23169267707082,757.2727272727273,6.1657545301138805,4.898979485566356,6.324555320336759,0.0,0.0,0.0,4.472135954999579,7.211102550927975,101.31331885360838,0.6201736729460425,0.24009603841536614
6309.0,2056,10,79.23169267707082,757.2727272727273,6.1657545301138805,4.898979485566356,6.324555320336759,0.0,0.0,0.0,4.472135954999579,7.211102550927975,101.31331885360838,0.6201736729460425,0.24009603841536614
6309.0,2056,11,79.23169267707082,757.2727272727273,7.496555682941201,4.898979485566356,7.745966692414834,0.0,0.0,0.0,5.2915026221291805,7.874007874011817,130.89550504234722,0.6720215050322464,0.12004801920768307
