patient_id,ecg_id,lead,bpm,ibi,sdnn,sdsd,rmssd,pnn20,pnn50,hr_mad,sd1,sd2,s,sd1/sd2,breathingrate
527.0,2116,0,72.91666666666666,822.8571428571429,10.301575072754256,6.871842709362768,10.801234497346433,0.0,0.0,10.0,7.54615428178118,12.527746981977463,296.994581797361,0.602355259300587,0.1736111111111111
527.0,2116,1,72.72727272727273,825.0,7.637626158259733,8.0,10.0,0.0,0.0,0.0,6.928203230275509,5.656854249492426,123.12478369553993,1.2247448713915792,0.20202020202020202
527.0,2116,2,72.94832826747721,822.5,8.2915619758885,6.998542122237652,10.0,0.0,0.0,5.0,6.998542122237651,9.035079029052499,198.65038412931943,0.7745966692414844,0.1519756838905775
527.0,2116,3,nan,nan,nan,--,nan,nan,nan,nan,nan,nan,nan,nan,nan
527.0,2116,4,73.17073170731707,820.0,14.142135623730951,12.24744871391589,23.45207879911715,0.25,0.0,10.0,16.20185174601965,13.228756555322969,673.3386608349794,1.2247448713915874,0.24390243902439027
527.0,2116,5,73.05936073059361,821.25,11.659223816361019,11.24858267715973,14.142135623730951,0.14285714285714285,0.0,10.0,10.0,13.0149051130633,408.87530290367897,0.7683498199278315,0.15220700152207
527.0,2116,6,73.05936073059361,821.25,9.270248108869579,8.32993127835043,11.952286093343936,0.0,0.0,5.0,8.451542547285165,9.147320339189779,242.87328291045142,0.923936435359796,0.15220700152207
527.0,2116,7,72.94832826747721,822.5,8.2915619758885,7.284313590846835,9.258200997725515,0.0,0.0,5.0,6.54653670707977,10.594569267279514,217.89375578456816,0.6179143806533248,0.1519756838905775
527.0,2116,8,73.05936073059361,821.25,9.270248108869579,8.32993127835043,11.952286093343936,0.0,0.0,5.0,8.451542547285165,9.147320339189779,242.87328291045142,0.923936435359796,0.15220700152207
527.0,2116,9,73.05936073059361,821.25,9.270248108869579,8.32993127835043,11.952286093343936,0.0,0.0,5.0,8.451542547285165,9.147320339189779,242.87328291045142,0.923936435359796,0.15220700152207
527.0,2116,10,72.97297297297298,822.2222222222222,11.331154474650633,12.183492931011205,18.371173070873837,0.125,0.0,10.0,12.960275845829825,10.569709078304864,430.35529592664756,1.2261714820923295,0.27027027027027023
527.0,2116,11,72.97297297297298,822.2222222222222,9.162456945817024,6.614378277661476,10.0,0.0,0.0,10.0,7.071067811865475,11.726039399558601,260.48710190235835,0.6030226891555258,0.13513513513513511
