patient_id,ecg_id,lead,bpm,ibi,sdnn,sdsd,rmssd,pnn20,pnn50,hr_mad,sd1,sd2,s,sd1/sd2,breathingrate
14343.0,2306,0,67.24782067247821,892.2222222222222,40.76430295076476,27.386127875258307,48.47679857416329,0.625,0.25,20.0,32.596012026013234,38.03781013675734,3895.20077910822,0.8569371346252793,0.12453300124533002
14343.0,2306,1,67.24782067247821,892.2222222222222,40.76430295076476,27.386127875258307,48.47679857416329,0.625,0.25,20.0,32.596012026013234,38.03781013675734,3895.20077910822,0.8569371346252793,0.12453300124533002
14343.0,2306,2,171.42857142857142,350.0,0.0,--,nan,nan,nan,0.0,nan,nan,nan,nan,nan
14343.0,2306,3,nan,nan,nan,--,nan,nan,nan,nan,nan,nan,nan,nan,nan
14343.0,2306,4,67.24782067247821,892.2222222222222,40.76430295076476,27.386127875258307,48.47679857416329,0.625,0.25,20.0,32.596012026013234,38.03781013675734,3895.20077910822,0.8569371346252793,0.12453300124533002
14343.0,2306,5,67.72009029345372,886.0,48.82622246293481,35.59026084010437,61.37317546507323,0.6666666666666666,0.3333333333333333,10.0,25.166114784235827,45.82575694955838,3623.0613924482195,0.5491696473652761,0.22573363431151244
14343.0,2306,6,66.2251655629139,906.0,40.792156108742276,34.910600109422354,55.0,0.5,0.25,20.0,36.86970300938156,32.92984968079874,3814.25092519308,1.1196438297402898,0.22075055187637968
14343.0,2306,7,67.8513731825525,884.2857142857143,26.108095546424376,13.743685418725535,30.0,0.5,0.0,20.0,20.682789409984757,27.88866755113588,1812.1191421373828,0.7416198487095653,0.16155088852988692
14343.0,2306,8,67.24782067247821,892.2222222222222,40.76430295076476,27.726341266023542,46.636895265444075,0.5,0.25,20.0,31.224989991991986,39.171099039980966,3842.535933026316,0.7971435766997861,0.12453300124533002
14343.0,2306,9,67.24782067247821,892.2222222222222,39.37787810370966,27.386127875258307,44.44097208657794,0.5,0.125,20.0,29.580398915498076,37.20719016534306,3457.6479568723194,0.7950183495192008,0.12453300124533002
14343.0,2306,10,67.24782067247821,892.2222222222222,40.76430295076476,27.386127875258307,48.47679857416329,0.625,0.25,20.0,32.596012026013234,38.03781013675734,3895.20077910822,0.8569371346252793,0.12453300124533002
14343.0,2306,11,67.24782067247821,892.2222222222222,40.76430295076476,27.386127875258307,48.47679857416329,0.625,0.25,20.0,32.596012026013234,38.03781013675734,3895.20077910822,0.8569371346252793,0.12453300124533002
