patient_id,ecg_id,lead,bpm,ibi,sdnn,sdsd,rmssd,pnn20,pnn50,hr_mad,sd1,sd2,s,sd1/sd2,breathingrate
16205.0,2325,0,65.48431105047749,916.25,44.98263553861646,30.101867865293542,47.809144373375744,0.5714285714285714,0.42857142857142855,45.0,31.55817433482074,49.487165930539334,4906.30256099061,0.6377042156569666,0.1364256480218281
16205.0,2325,1,63.408190224570674,946.25,66.6966078597705,33.13546715640914,61.17889458675388,0.5714285714285714,0.5714285714285714,40.0,37.11537444790451,66.83821465879763,7793.4285806578255,0.5553017033350571,0.1321003963011889
16205.0,2325,2,63.408190224570674,946.25,67.99586384479574,37.579846965616866,63.69570517030844,0.5714285714285714,0.5714285714285714,45.0,39.175169145148814,68.63092656836747,8446.574465964533,0.5708092707465348,0.1321003963011889
16205.0,2325,3,69.76744186046511,860.0,37.416573867739416,0.0,60.0,1.0,1.0,30.0,0.0,0.0,0.0,nan,nan
16205.0,2325,4,64.13301662707839,935.5555555555555,70.57086448089075,36.65719574653795,60.0,0.5,0.5,50.0,36.74234614174767,73.97212312756747,8538.564055857672,0.4967053071923355,0.23752969121140144
16205.0,2325,5,63.408190224570674,946.25,66.6966078597705,33.13546715640914,61.17889458675388,0.5714285714285714,0.5714285714285714,40.0,37.11537444790451,66.83821465879763,7793.4285806578255,0.5553017033350571,0.1321003963011889
16205.0,2325,6,nan,nan,nan,--,nan,nan,nan,nan,nan,nan,nan,nan,nan
16205.0,2325,7,63.408190224570674,946.25,67.99586384479574,37.579846965616866,63.69570517030844,0.5714285714285714,0.5714285714285714,45.0,39.175169145148814,68.63092656836747,8446.574465964533,0.5708092707465348,0.1321003963011889
16205.0,2325,8,64.1711229946524,935.0,39.475730941090035,36.0,60.0,0.6,0.6,35.0,39.99999999999999,30.463092423455652,3828.105094526206,1.3130643285972246,0.17825311942959002
16205.0,2325,9,64.13301662707839,935.5555555555555,69.61977865698019,35.70714214271425,57.445626465380286,0.5,0.375,50.0,34.64101615137754,72.95118230707436,7939.128485322359,0.47485201823820566,0.23752969121140144
16205.0,2325,10,64.13301662707839,935.5555555555555,69.77919319158924,32.69174207655505,57.66281297335398,0.5,0.5,40.0,34.820970692960294,73.2077523217316,8008.438030795674,0.4756459471659499,0.23752969121140144
16205.0,2325,11,63.408190224570674,946.25,66.6966078597705,33.13546715640914,61.17889458675388,0.5714285714285714,0.5714285714285714,40.0,37.11537444790451,66.83821465879763,7793.4285806578255,0.5553017033350571,0.1321003963011889
