patient_id,ecg_id,lead,bpm,ibi,sdnn,sdsd,rmssd,pnn20,pnn50,hr_mad,sd1,sd2,s,sd1/sd2,breathingrate
10781.0,2371,0,65.625,914.2857142857143,87.31832451392071,29.257477676655586,74.02702209328699,0.8,0.8,70.0,51.107729356722544,113.19010557464816,18173.76566880427,0.45152117402185227,0.15625
10781.0,2371,1,64.77732793522267,926.25,87.5981592272349,31.558174334820745,64.03124237432849,0.7142857142857143,0.5714285714285714,55.0,43.33071682315172,118.88941869464675,16184.114783517496,0.3644623491215941,0.1349527665317139
10781.0,2371,2,nan,nan,nan,--,nan,nan,nan,nan,nan,nan,nan,nan,nan
10781.0,2371,3,67.26457399103138,892.0,76.78541528180986,20.0,53.85164807134504,1.0,0.5,60.0,35.35533905932737,113.13708498984761,12566.370614359172,0.31249999999999994,0.2242152466367713
10781.0,2371,4,64.77732793522267,926.25,88.5914075968996,31.167748898959186,67.61234037828133,0.8571428571428571,0.5714285714285714,65.0,46.24689730353899,120.0,17434.669538414364,0.3853908108628249,0.1349527665317139
10781.0,2371,5,62.5,960.0,61.913918736689034,20.591260281974,57.79273310719956,1.0,0.6,45.0,37.78888725538236,69.77105417004964,8283.030512595633,0.54161267455242,0.1736111111111111
10781.0,2371,6,nan,nan,nan,--,nan,nan,nan,nan,nan,nan,nan,nan,nan
10781.0,2371,7,65.93406593406593,910.0,82.80786712108251,33.1058907144937,70.28513356322232,0.8,0.6,50.0,43.497126341863094,111.40915581764366,15224.08928085354,0.3904268551595517,0.15698587127158556
10781.0,2371,8,62.06896551724138,966.6666666666666,58.499762582614146,37.094473981982816,60.663003552412405,0.6,0.4,30.0,39.395431207184416,58.24087911424415,7208.147299786846,0.6764223309525792,0.1724137931034483
10781.0,2371,9,62.06896551724138,966.6666666666666,58.499762582614146,37.094473981982816,60.663003552412405,0.6,0.4,30.0,39.395431207184416,58.24087911424415,7208.147299786846,0.6764223309525792,0.1724137931034483
10781.0,2371,10,64.43914081145584,931.1111111111111,84.64887535440404,37.228181529588575,78.18247885555945,0.875,0.625,50.0,55.2762946478868,112.85707221968858,19598.262724115855,0.4897902591366669,0.11933174224343675
10781.0,2371,11,63.829787234042556,940.0,84.8528137423857,34.840908267278124,62.31639698613306,0.6666666666666666,0.5,50.0,37.950991789118994,101.02942365689532,12045.390338421434,0.37564296039145834,0.303951367781155
