patient_id,ecg_id,lead,bpm,ibi,sdnn,sdsd,rmssd,pnn20,pnn50,hr_mad,sd1,sd2,s,sd1/sd2,breathingrate
6283.0,2492,0,70.50528789659225,851.0,9.433981132056603,6.666666666666667,12.01850425154663,0.0,0.0,10.0,8.164965809277259,8.16496580927729,209.43951023932027,0.9999999999999963,0.11750881316098707
6283.0,2492,1,70.40417209908736,852.2222222222222,7.856742013183861,8.2915619758885,11.180339887498949,0.0,0.0,10.0,7.70551750371122,7.071067811865447,171.17356123459544,1.0897247358851727,0.2607561929595828
6283.0,2492,2,70.48458149779735,851.25,5.994789404140899,4.948716593053935,6.546536707079771,0.0,0.0,0.0,4.517539514526256,6.388765649999395,90.67108037057882,0.7071067811865479,0.29368575624082227
6283.0,2492,3,75.9493670886076,790.0,0.0,--,nan,nan,nan,0.0,nan,nan,nan,nan,nan
6283.0,2492,4,70.46979865771812,851.4285714285714,9.89743318610787,4.898979485566356,7.745966692414834,0.0,0.0,10.0,5.2915026221291805,4.472135954999544,74.3436511385468,1.1832159566199325,0.16778523489932887
6283.0,2492,5,70.38123167155425,852.5,6.614378277661476,5.3452248382484875,11.338934190276817,0.0,0.0,5.0,7.953949089757174,5.150787536377169,128.70822935371982,1.5442199922988131,0.14662756598240467
6283.0,2492,6,nan,nan,nan,--,nan,nan,nan,nan,nan,nan,nan,nan,nan
6283.0,2492,7,70.4225352112676,852.0,7.483314773547883,5.0,7.0710678118654755,0.0,0.0,10.0,3.5355339059327373,10.606601717798185,117.80972450961691,0.3333333333333342,0.2347417840375587
6283.0,2492,8,75.9493670886076,790.0,0.0,--,nan,nan,nan,0.0,nan,nan,nan,nan,nan
6283.0,2492,9,70.40417209908736,852.2222222222222,6.285393610547089,5.0,7.0710678118654755,0.0,0.0,0.0,4.677071733467426,6.123724356957945,89.97866336120254,0.7637626158259733,0.2607561929595828
6283.0,2492,10,70.58823529411765,850.0,9.428090415820634,3.307189138830738,9.354143466934854,0.0,0.0,10.0,6.05959982177041,9.642030387838458,183.55334897111993,0.628456826833217,0.13071895424836602
6283.0,2492,11,70.58823529411765,850.0,9.428090415820634,4.841229182759271,7.905694150420948,0.0,0.0,10.0,4.921254921257382,10.26979795322185,158.77701545352028,0.4791968589521745,0.13071895424836602
