patient_id,ecg_id,lead,bpm,ibi,sdnn,sdsd,rmssd,pnn20,pnn50,hr_mad,sd1,sd2,s,sd1/sd2,breathingrate
1770.0,2531,0,73.80073800738008,813.0,10.04987562112089,6.285393610547089,10.0,0.0,0.0,5.0,6.666666666666666,11.111111111111098,232.71056693257697,0.6000000000000006,0.3690036900369003
1770.0,2531,1,73.97260273972603,811.1111111111111,8.748897637790902,4.841229182759271,7.905694150420948,0.0,0.0,0.0,4.921254921257382,8.970437559004585,138.68815232962567,0.5486081240616176,0.273972602739726
1770.0,2531,2,73.61963190184049,815.0,18.027756377319946,10.198039027185569,17.320508075688775,0.2,0.0,15.0,7.211102550927977,20.29778313018443,459.83301826743383,0.355265523563728,0.3067484662576687
1770.0,2531,3,74.53416149068323,805.0,18.027756377319946,14.79019945774904,22.9128784747792,0.25,0.0,5.0,13.578475614000268,15.30931089239483,653.0651847222383,0.8869423130433399,0.20703933747412007
1770.0,2531,4,73.89162561576354,812.0,9.797958971132712,4.969039949999533,7.453559924999299,0.0,0.0,10.0,4.714045207910316,11.547005383792541,171.00664402158225,0.408248290463862,0.2463054187192118
1770.0,2531,5,73.97260273972603,811.1111111111111,9.938079899999066,5.994789404140899,10.606601717798213,0.0,0.0,10.0,7.015607600201139,10.269797953221891,226.3482087752465,0.6831300510639713,0.410958904109589
1770.0,2531,6,77.92207792207792,770.0,0.0,--,nan,nan,nan,0.0,nan,nan,nan,nan,nan
1770.0,2531,7,nan,nan,nan,--,nan,nan,nan,nan,nan,nan,nan,nan,nan
1770.0,2531,8,73.89162561576354,812.0,11.661903789690601,9.428090415820634,13.743685418725535,0.1111111111111111,0.0,10.0,9.428090415820632,12.472191289246496,369.41657253627096,0.7559289460184528,0.2463054187192118
1770.0,2531,9,73.97260273972603,811.1111111111111,8.748897637790902,6.614378277661476,10.0,0.0,0.0,0.0,6.846531968814576,9.842509842514751,211.7026872713604,0.6956083436402533,0.273972602739726
1770.0,2531,10,73.97260273972603,811.1111111111111,8.748897637790902,6.614378277661476,10.0,0.0,0.0,0.0,6.846531968814576,9.842509842514751,211.7026872713604,0.6956083436402533,0.273972602739726
1770.0,2531,11,73.77049180327869,813.3333333333334,11.547005383792516,8.806305718527108,15.583874449479593,0.14285714285714285,0.0,10.0,10.594569267279518,9.99999999999999,332.838209780335,1.0594569267279528,0.27322404371584696
