patient_id,ecg_id,lead,bpm,ibi,sdnn,sdsd,rmssd,pnn20,pnn50,hr_mad,sd1,sd2,s,sd1/sd2,breathingrate
6653.0,2533,0,76.38888888888889,785.4545454545455,13.047909176733931,12.0,20.0,0.2,0.0,10.0,14.14213562373095,11.045361017187263,490.7324600906082,1.2803687993289594,0.11574074074074073
6653.0,2533,1,76.38888888888889,785.4545454545455,13.047909176733931,10.770329614269007,20.97617696340303,0.2,0.0,10.0,14.832396974191324,10.099504938362063,470.61016006929185,1.468626142045022,0.3472222222222222
6653.0,2533,2,666.6666666666666,90.0,0.0,--,nan,nan,nan,0.0,nan,nan,nan,nan,nan
6653.0,2533,3,nan,nan,nan,--,nan,nan,nan,nan,nan,nan,nan,nan,nan
6653.0,2533,4,76.23888182973316,787.0,12.68857754044952,11.331154474650633,21.081851067789195,0.2222222222222222,0.0,10.0,14.907119849998596,8.01233616769777,375.23451427262455,1.860521018838123,0.38119440914866587
6653.0,2533,5,76.23888182973316,787.0,9.0,7.370277311900889,11.547005383792516,0.0,0.0,10.0,8.012336167697754,8.888888888888909,223.74663504472102,0.9013878188659953,0.12706480304955528
6653.0,2533,6,76.23888182973316,787.0,9.0,9.428090415820634,13.743685418725535,0.1111111111111111,0.0,10.0,9.686442096757052,8.888888888888912,270.4964918275106,1.0897247358851654,0.12706480304955528
6653.0,2533,7,76.23888182973316,787.0,9.0,9.428090415820634,13.743685418725535,0.1111111111111111,0.0,10.0,9.686442096757052,8.888888888888912,270.4964918275106,1.0897247358851654,0.12706480304955528
6653.0,2533,8,76.14213197969544,788.0,9.797958971132712,8.7488976377909,14.142135623730951,0.1111111111111111,0.0,10.0,9.875771574795097,9.493337494797284,294.5369800010621,1.0402844711048567,0.12690355329949238
6653.0,2533,9,76.30057803468208,786.3636363636364,10.679400113155209,10.04987562112089,16.431676725154983,0.2,0.0,10.0,11.597413504743201,9.082951062292505,330.93140956335424,1.2768332037909333,0.11560693641618497
6653.0,2533,10,76.30057803468208,786.3636363636364,11.499191491521378,10.246950765959598,18.16590212458495,0.2,0.0,10.0,12.825755338380658,9.617692030835666,387.5285382627655,1.333558539539371,0.11560693641618497
6653.0,2533,11,76.30057803468208,786.3636363636364,11.499191491521378,10.246950765959598,18.16590212458495,0.2,0.0,10.0,12.825755338380658,9.617692030835666,387.5285382627655,1.333558539539371,0.11560693641618497
