patient_id,ecg_id,lead,bpm,ibi,sdnn,sdsd,rmssd,pnn20,pnn50,hr_mad,sd1,sd2,s,sd1/sd2,breathingrate
18288.0,2608,0,74.17582417582418,808.8888888888889,12.86204100310025,6.614378277661476,14.142135623730951,0.0,0.0,10.0,10.0,15.811388300841884,496.72941328980465,0.6324555320336763,0.13736263736263735
18288.0,2608,1,74.17582417582418,808.8888888888889,13.698697784375504,7.0710678118654755,16.583123951777,0.125,0.0,10.0,11.726039399558573,16.201851746019656,596.8509310136152,0.7237468644557455,0.2747252747252747
18288.0,2608,2,74.07407407407408,810.0,13.228756555322953,6.998542122237652,14.638501094227998,0.0,0.0,10.0,10.301575072754254,16.659862556700844,539.1690056730664,0.6183469424008428,0.15432098765432098
18288.0,2608,3,nan,nan,nan,--,nan,nan,nan,nan,nan,nan,nan,nan,nan
18288.0,2608,4,74.17582417582418,808.8888888888889,11.967032904743343,10.0,14.142135623730951,0.125,0.0,0.0,9.999999999999998,14.14213562373098,444.2882938158374,0.7071067811865459,0.2747252747252747
18288.0,2608,5,nan,nan,nan,--,nan,nan,nan,nan,nan,nan,nan,nan,nan
18288.0,2608,6,74.25742574257426,808.0,13.2664991614216,6.666666666666667,14.907119849998598,0.0,0.0,10.0,10.423146132940953,15.555555555555552,509.37101162173576,0.67005939426049,0.24752475247524752
18288.0,2608,7,74.17582417582418,808.8888888888889,13.698697784375504,6.959705453537527,17.67766952966369,0.0,0.0,10.0,12.4687108395375,15.98338981568055,626.095118303234,0.7801042822158436,0.2747252747252747
18288.0,2608,8,74.25742574257426,808.0,13.2664991614216,6.849348892187752,15.986105077709064,0.0,0.0,10.0,11.2765461834358,14.6986183948033,520.7178801414773,0.7671840904055734,0.24752475247524752
18288.0,2608,9,74.25742574257426,808.0,13.2664991614216,6.849348892187752,16.99673171197595,0.0,0.0,10.0,12.01850425154663,15.1942159235304,573.6917280992914,0.7909920664569647,0.24752475247524752
18288.0,2608,10,74.17582417582418,808.8888888888889,11.967032904743343,9.682458365518542,15.811388300841896,0.125,0.0,10.0,11.180339887498947,13.228756555322953,464.64781961592115,0.8451542547285165,0.13736263736263735
18288.0,2608,11,74.17582417582418,808.8888888888889,12.86204100310025,8.2915619758885,15.0,0.0,0.0,10.0,10.606601717798211,15.411035007422461,513.520683703789,0.6882472016116843,0.2747252747252747
