patient_id,ecg_id,lead,bpm,ibi,sdnn,sdsd,rmssd,pnn20,pnn50,hr_mad,sd1,sd2,s,sd1/sd2,breathingrate
12184.0,2638,0,70.3125,853.3333333333334,12.47219128924647,6.614378277661476,18.708286933869708,0.125,0.0,10.0,13.110110602126893,11.726039399558575,482.9560127590499,1.1180339887498947,0.2604166666666667
12184.0,2638,1,70.3125,853.3333333333334,16.996731711975947,8.2915619758885,28.722813232690143,0.5,0.0,10.0,20.233017570298305,16.105123408406357,1023.7044434930336,1.2563093779050039,0.1953125
12184.0,2638,2,70.3125,853.3333333333334,14.907119849998598,11.180339887498949,22.9128784747792,0.25,0.0,10.0,16.105123408406406,14.142135623730915,715.5317800814355,1.13880419739304,0.2604166666666667
12184.0,2638,3,nan,nan,nan,--,nan,nan,nan,nan,nan,nan,nan,nan,nan
12184.0,2638,4,70.48458149779735,851.25,11.659223816361019,4.5175395145262565,17.728105208558365,0.0,0.0,10.0,12.535663410560174,12.371791482634855,487.22524980703326,1.0132456102380427,0.29368575624082227
12184.0,2638,5,70.3125,853.3333333333334,14.907119849998598,11.180339887498949,22.9128784747792,0.25,0.0,10.0,16.105123408406406,14.142135623730915,715.5317800814355,1.13880419739304,0.2604166666666667
12184.0,2638,6,70.3125,853.3333333333334,15.63471919941143,13.635890143294644,23.18404623873926,0.375,0.0,10.0,16.17772388193098,14.973935688388647,761.0325896465337,1.0803922374580384,0.2604166666666667
12184.0,2638,7,70.3125,853.3333333333334,14.907119849998598,11.180339887498949,22.9128784747792,0.25,0.0,10.0,16.105123408406406,14.142135623730915,715.5317800814355,1.13880419739304,0.2604166666666667
12184.0,2638,8,70.3125,853.3333333333334,15.63471919941143,13.635890143294644,23.18404623873926,0.375,0.0,10.0,16.17772388193098,14.973935688388647,761.0325896465337,1.0803922374580384,0.2604166666666667
12184.0,2638,9,70.3125,853.3333333333334,14.142135623730951,9.921567416492215,19.03943276465977,0.25,0.0,10.0,13.199195051214295,14.550558408528502,603.3606459441285,0.9071263576714599,0.2604166666666667
12184.0,2638,10,70.3125,853.3333333333334,16.996731711975947,8.2915619758885,28.722813232690143,0.5,0.0,10.0,20.233017570298305,16.105123408406357,1023.7044434930336,1.2563093779050039,0.1953125
12184.0,2638,11,70.3125,853.3333333333334,14.907119849998598,11.180339887498949,22.9128784747792,0.25,0.0,10.0,16.105123408406406,14.142135623730915,715.5317800814355,1.13880419739304,0.2604166666666667
