patient_id,ecg_id,lead,bpm,ibi,sdnn,sdsd,rmssd,pnn20,pnn50,hr_mad,sd1,sd2,s,sd1/sd2,breathingrate
4034.0,2683,0,60.37735849056604,993.75,11.110243021644486,8.32993127835043,14.142135623730951,0.0,0.0,10.0,9.793792286287205,12.205719636167895,375.54687431939635,0.8023936792113686,0.25157232704402516
4034.0,2683,1,60.431654676258994,992.8571428571429,11.605769149479944,8.975274678557506,14.719601443879744,0.0,0.0,10.0,9.789450103725608,11.365151414154868,349.5291460282054,0.8613567692141098,0.14388489208633093
4034.0,2683,2,60.504201680672274,991.6666666666666,12.133516482134196,4.330127018922194,18.027756377319946,0.0,0.0,5.0,12.624381172952596,16.105123408406424,638.7398744749315,0.7838736067283423,0.1680672268907563
4034.0,2683,3,60.37735849056604,993.75,11.110243021644486,8.32993127835043,14.142135623730951,0.0,0.0,10.0,9.793792286287205,12.205719636167895,375.54687431939635,0.8023936792113686,0.25157232704402516
4034.0,2683,4,60.301507537688444,995.0,12.24744871391589,4.948716593053935,16.47508942095828,0.0,0.0,5.0,11.60576914947994,14.142135623730967,515.6307373842922,0.8206518066482886,0.25125628140703515
4034.0,2683,5,60.504201680672274,991.6666666666666,12.133516482134196,4.330127018922194,18.027756377319946,0.0,0.0,5.0,12.624381172952596,12.624381172952628,500.69132916587444,0.9999999999999974,0.1680672268907563
4034.0,2683,6,60.37735849056604,993.75,11.110243021644486,8.32993127835043,14.142135623730951,0.0,0.0,10.0,9.793792286287205,12.205719636167895,375.54687431939635,0.8023936792113686,0.25157232704402516
4034.0,2683,7,nan,nan,nan,--,nan,nan,nan,nan,nan,nan,nan,nan,nan
4034.0,2683,8,60.301507537688444,995.0,14.142135623730951,9.89743318610787,21.04417123236605,0.2857142857142857,0.0,5.0,14.846149779161804,15.118578920369105,705.1389128714655,0.9819805060619646,0.25125628140703515
4034.0,2683,9,60.504201680672274,991.6666666666666,12.133516482134196,4.330127018922194,18.027756377319946,0.0,0.0,5.0,12.624381172952596,16.105123408406424,638.7398744749315,0.7838736067283423,0.1680672268907563
4034.0,2683,10,60.431654676258994,992.8571428571429,11.605769149479944,5.0,15.811388300841896,0.0,0.0,10.0,11.118053386771944,13.38531533684087,467.52757917121954,0.8306157237978053,0.14388489208633093
4034.0,2683,11,60.3448275862069,994.2857142857143,12.936264483053451,4.714045207910317,17.320508075688775,0.0,0.0,10.0,12.01850425154663,13.944333775567943,526.4996220377612,0.8618916073713335,0.14367816091954022
