patient_id,ecg_id,lead,bpm,ibi,sdnn,sdsd,rmssd,pnn20,pnn50,hr_mad,sd1,sd2,s,sd1/sd2,breathingrate
13274.0,2944,0,73.61963190184049,815.0,20.615528128088304,0.0,10.0,0.0,0.0,20.0,0.0,28.284271247461902,0.0,0.0,0.3067484662576687
13274.0,2944,1,74.48275862068965,805.5555555555555,17.708197167232473,7.806247497997997,13.693063937629153,0.0,0.0,10.0,9.312290266094587,21.19478119726646,620.0622827069449,0.43936713379686193,0.27586206896551724
13274.0,2944,2,74.48275862068965,805.5555555555555,17.708197167232473,7.806247497997997,13.693063937629153,0.0,0.0,10.0,9.312290266094585,21.19478119726646,620.0622827069446,0.4393671337968619,0.27586206896551724
13274.0,2944,3,74.48275862068965,805.5555555555555,17.708197167232473,7.806247497997997,13.693063937629153,0.0,0.0,10.0,9.312290266094587,21.19478119726646,620.0622827069449,0.43936713379686193,0.27586206896551724
13274.0,2944,4,73.92197125256673,811.6666666666666,18.633899812498246,4.330127018922194,18.027756377319946,0.0,0.0,20.0,11.592023119369628,20.841665000666396,758.9995567853165,0.5561946763369905,0.2053388090349076
13274.0,2944,5,74.48275862068965,805.5555555555555,17.708197167232473,7.806247497997997,13.693063937629153,0.0,0.0,10.0,9.312290266094585,21.19478119726646,620.0622827069446,0.4393671337968619,0.27586206896551724
13274.0,2944,6,nan,nan,nan,--,nan,nan,nan,nan,nan,nan,nan,nan,nan
13274.0,2944,7,74.53416149068323,805.0,18.708286933869708,7.559289460184544,12.535663410560174,0.0,0.0,5.0,7.2843135908468355,22.587697572631278,516.9046880286144,0.32249030993194205,0.15527950310559005
13274.0,2944,8,74.25742574257426,808.0,18.33030277982336,7.856742013183862,14.52966314513558,0.0,0.0,15.0,10.243938285880986,21.343747458109483,686.8904838980045,0.47995031359822604,0.24752475247524752
13274.0,2944,9,74.48275862068965,805.5555555555555,17.708197167232473,7.806247497997997,13.693063937629153,0.0,0.0,10.0,9.312290266094585,21.19478119726646,620.0622827069446,0.4393671337968619,0.27586206896551724
13274.0,2944,10,74.48275862068965,805.5555555555555,17.708197167232473,7.806247497997997,13.693063937629153,0.0,0.0,10.0,9.312290266094585,21.19478119726646,620.0622827069446,0.4393671337968619,0.27586206896551724
13274.0,2944,11,74.48275862068965,805.5555555555555,17.708197167232473,7.806247497997997,13.693063937629153,0.0,0.0,10.0,9.312290266094585,21.19478119726646,620.0622827069446,0.4393671337968619,0.27586206896551724
