patient_id,ecg_id,lead,bpm,ibi,sdnn,sdsd,rmssd,pnn20,pnn50,hr_mad,sd1,sd2,s,sd1/sd2,breathingrate
6170.0,3147,0,50.847457627118644,1180.0,15.811388300841896,4.714045207910316,14.142135623730951,0.0,0.0,15.0,3.333333333333333,17.32050807568873,181.3799364234213,0.19245008972987573,0.21186440677966104
6170.0,3147,1,55.40897097625329,1082.857142857143,115.96973567201374,55.075705472861024,81.44527815247078,0.5,0.5,40.0,50.1663898109747,152.51593723644456,24036.871903412626,0.3289255583382217,0.13192612137203166
6170.0,3147,2,54.29864253393665,1105.0,97.93705461502641,61.84658438426491,82.76472678623425,0.5,0.25,25.0,46.636895265444075,55.7897840110535,8173.9915307027095,0.8359396992145375,0.15082956259426847
6170.0,3147,3,64.86486486486487,925.0,75.0,0.0,150.0,1.0,1.0,75.0,0.0,0.0,0.0,nan,nan
6170.0,3147,4,1142.857142857143,52.5,29.47456530637899,--,nan,nan,nan,15.0,nan,nan,nan,nan,4.761904761904762
6170.0,3147,5,53.97301349325337,1111.6666666666667,98.55906294648346,66.09652033201142,87.60707733967615,0.5,0.25,30.0,52.05165703414253,60.07807420348955,9824.273292932516,0.8664002254439638,0.14992503748125938
6170.0,3147,6,56.426332288401255,1063.3333333333333,114.8428878463481,53.81449618829484,86.7179335547152,0.6,0.4,95.0,51.06858133921481,148.7010423635288,23857.101544069497,0.34343122635527773,0.15673981191222572
6170.0,3147,7,nan,nan,nan,--,nan,nan,nan,nan,nan,nan,nan,nan,nan
6170.0,3147,8,54.794520547945204,1095.0,121.75795661885921,16.393596310755,27.83882181415011,0.25,0.0,30.0,19.605483926697648,156.87375497513915,9662.238011388583,0.12497618820818474,0.15220700152207
6170.0,3147,9,54.38066465256798,1103.3333333333333,112.94049564064944,61.514225996918796,90.22194854911969,0.6,0.4,30.0,48.867166891482455,128.45232578665124,19720.095147126507,0.3804303782918404,0.1510574018126888
6170.0,3147,10,53.77720870678617,1115.7142857142858,110.3056976714055,58.49976258261414,79.16228058025278,0.3333333333333333,0.3333333333333333,20.0,43.397388554305124,124.61050428345825,16989.01198819417,0.34826428802171233,0.12804097311139565
6170.0,3147,11,54.66970387243736,1097.5,116.37761812307382,55.76920370269467,77.82764841072135,0.42857142857142855,0.42857142857142855,35.0,49.40461847368738,153.99443403670702,23901.350824718284,0.3208208061721958,0.11389521640091117
