patient_id,ecg_id,lead,bpm,ibi,sdnn,sdsd,rmssd,pnn20,pnn50,hr_mad,sd1,sd2,s,sd1/sd2,breathingrate
6382.0,3191,0,67.33167082294264,891.1111111111111,19.688939051854835,12.24744871391589,15.811388300841896,0.125,0.0,0.0,9.842509842514762,19.921721813136543,616.0026802071171,0.49405919502522777,0.12468827930174564
6382.0,3191,1,67.52411575562701,888.5714285714286,19.58758457257441,6.871842709362768,13.5400640077266,0.0,0.0,10.0,7.54615428178118,22.882550362909992,542.4753138187006,0.32977767609386044,0.1607717041800643
6382.0,3191,2,67.26457399103138,892.0,18.867962264113206,11.967032904743341,14.907119849998598,0.1111111111111111,0.0,0.0,9.428090415820632,18.986674989594523,562.3704957575178,0.4965635331614205,0.11210762331838565
6382.0,3191,3,nan,nan,nan,--,nan,nan,nan,nan,nan,nan,nan,nan,nan
6382.0,3191,4,67.33167082294264,891.1111111111111,20.78698548207745,12.24744871391589,15.811388300841896,0.25,0.0,0.0,9.842509842514762,22.290693125158715,689.2540131605348,0.4415524356847329,0.12468827930174564
6382.0,3191,5,67.24782067247821,892.2222222222222,18.72477727372524,5.994789404140899,12.747548783981962,0.0,0.0,10.0,7.856128181235333,21.632585374846,533.908530563765,0.36316177863651494,0.12453300124533002
6382.0,3191,6,67.41573033707866,890.0,18.708286933869708,7.559289460184544,12.535663410560174,0.0,0.0,5.0,7.2843135908468355,21.66535841157588,495.79755947915174,0.3362193900727163,0.1404494382022472
6382.0,3191,7,67.24782067247821,892.2222222222222,19.309052441091964,6.959705453537527,15.411035007422441,0.0,0.0,10.0,9.960860906568266,21.919597395937753,685.9292477734874,0.45442718343057986,0.12453300124533002
6382.0,3191,8,66.85236768802228,897.5,12.99038105676658,4.948716593053935,16.47508942095828,0.0,0.0,10.0,11.24858267715973,11.60576914947996,410.13006342686134,0.9692233691951184,0.1392757660167131
6382.0,3191,9,67.33167082294264,891.1111111111111,19.688939051854835,12.24744871391589,15.811388300841896,0.125,0.0,0.0,9.842509842514762,19.921721813136543,616.0026802071171,0.49405919502522777,0.12468827930174564
6382.0,3191,10,67.52411575562701,888.5714285714286,19.58758457257441,6.871842709362768,13.5400640077266,0.0,0.0,10.0,7.54615428178118,22.882550362909992,542.4753138187006,0.32977767609386044,0.1607717041800643
6382.0,3191,11,67.52411575562701,888.5714285714286,19.58758457257441,6.871842709362768,13.5400640077266,0.0,0.0,10.0,7.54615428178118,22.882550362909992,542.4753138187006,0.32977767609386044,0.1607717041800643
