patient_id,ecg_id,lead,bpm,ibi,sdnn,sdsd,rmssd,pnn20,pnn50,hr_mad,sd1,sd2,s,sd1/sd2,breathingrate
5939.0,3217,0,66.66666666666667,900.0,11.180339887498949,8.32993127835043,14.142135623730951,0.0,0.0,5.0,9.793792286287205,12.535663410560185,385.69861931008097,0.7812743502698711,0.1388888888888889
5939.0,3217,1,66.66666666666667,900.0,11.180339887498949,8.32993127835043,14.142135623730951,0.0,0.0,5.0,9.793792286287205,12.535663410560185,385.69861931008097,0.7812743502698711,0.1388888888888889
5939.0,3217,2,66.51884700665188,902.0,9.797958971132712,8.2915619758885,15.0,0.0,0.0,0.0,10.458250331675943,9.185586535436917,301.7976117003278,1.1385500851066221,0.22172949002217296
5939.0,3217,3,nan,nan,nan,--,nan,nan,nan,nan,nan,nan,nan,nan,nan
5939.0,3217,4,142.85714285714286,420.0,0.0,--,nan,nan,nan,0.0,nan,nan,nan,nan,nan
5939.0,3217,5,66.66666666666667,900.0,11.180339887498949,8.32993127835043,14.142135623730951,0.0,0.0,5.0,9.793792286287205,12.535663410560185,385.69861931008097,0.7812743502698711,0.1388888888888889
5939.0,3217,6,66.66666666666667,900.0,11.180339887498949,8.32993127835043,14.142135623730951,0.0,0.0,5.0,9.793792286287205,12.535663410560185,385.69861931008097,0.7812743502698711,0.1388888888888889
5939.0,3217,7,66.42066420664206,903.3333333333334,11.055415967851333,8.0,16.1245154965971,0.0,0.0,10.0,11.313708498984761,12.328828005937984,438.2043167605672,0.9176629354822448,0.18450184501845018
5939.0,3217,8,nan,nan,nan,--,nan,nan,nan,nan,nan,nan,nan,nan,nan
5939.0,3217,9,66.66666666666667,900.0,11.180339887498949,8.32993127835043,14.142135623730951,0.0,0.0,5.0,9.793792286287205,12.535663410560185,385.69861931008097,0.7812743502698711,0.1388888888888889
5939.0,3217,10,66.66666666666667,900.0,11.180339887498949,8.32993127835043,14.142135623730951,0.0,0.0,5.0,9.793792286287205,12.535663410560185,385.69861931008097,0.7812743502698711,0.1388888888888889
5939.0,3217,11,66.66666666666667,900.0,11.180339887498949,8.32993127835043,14.142135623730951,0.0,0.0,5.0,9.793792286287205,12.535663410560185,385.69861931008097,0.7812743502698711,0.1388888888888889
