patient_id,ecg_id,lead,bpm,ibi,sdnn,sdsd,rmssd,pnn20,pnn50,hr_mad,sd1,sd2,s,sd1/sd2,breathingrate
635.0,3297,0,64.77732793522267,926.25,18.666480653835098,13.437096247164249,22.73030282830976,0.5,0.0,10.0,16.029486718059452,22.88255036291,1152.3221647781504,0.7005113706224556,0.1349527665317139
635.0,3297,1,64.51612903225806,930.0,18.257418583505537,10.897247358851684,20.615528128088304,0.25,0.0,15.0,14.469796128487781,20.233017570298312,919.7566648535856,0.7151575921986629,0.17921146953405018
635.0,3297,2,nan,nan,nan,--,nan,nan,nan,nan,nan,nan,nan,nan,nan
635.0,3297,3,64.51612903225806,930.0,20.548046676563256,11.180339887498949,22.9128784747792,0.5,0.0,20.0,16.105123408406406,25.739075352467555,1302.2874970663438,0.6257071471241658,0.1194743130227001
635.0,3297,4,64.79481641468682,926.0,20.09975124224178,12.472191289246473,20.816659994661325,0.3333333333333333,0.0,20.0,14.18571703867078,22.635054208292647,1008.748041109899,0.6267145158182859,0.2159827213822894
635.0,3297,5,64.51612903225806,930.0,22.360679774997898,10.49781318335648,27.774602993176543,0.7142857142857143,0.0,20.0,19.535420473110488,26.992062325273167,1656.5658493439137,0.7237468644557445,0.13440860215053763
635.0,3297,6,64.51612903225806,930.0,19.436506316151,15.612494995995995,23.45207879911715,0.25,0.0,20.0,16.488632447841148,23.45207879911718,1214.8309689419336,0.703077649920818,0.1194743130227001
635.0,3297,7,64.51612903225806,930.0,19.436506316151,15.612494995995995,23.45207879911715,0.25,0.0,20.0,16.488632447841148,23.45207879911718,1214.8309689419336,0.703077649920818,0.1194743130227001
635.0,3297,8,64.51612903225806,930.0,16.99673171197595,12.24744871391589,19.364916731037084,0.25,0.0,20.0,13.578475614000267,20.916500663351904,892.2569059748139,0.6491753010001001,0.1194743130227001
635.0,3297,9,64.51612903225806,930.0,19.436506316151,15.612494995995995,23.45207879911715,0.25,0.0,20.0,16.488632447841148,23.45207879911718,1214.8309689419336,0.703077649920818,0.1194743130227001
635.0,3297,10,64.42953020134229,931.25,21.469455046647084,12.133516482134198,21.9848432637882,0.5,0.0,15.0,15.138251770487456,29.556913084947055,1405.6741912816171,0.5121729636305344,0.1342281879194631
635.0,3297,11,64.51612903225806,930.0,22.360679774997898,14.982983545287878,29.7609523657138,0.7142857142857143,0.0,20.0,20.94696899802168,25.911938781738687,1705.1829110526567,0.808390648591064,0.13440860215053763
