patient_id,ecg_id,lead,bpm,ibi,sdnn,sdsd,rmssd,pnn20,pnn50,hr_mad,sd1,sd2,s,sd1/sd2,breathingrate
3487.0,3400,0,56.52759084791387,1061.4285714285713,6.3887656499993986,7.453559924999299,10.0,0.0,0.0,0.0,7.071067811865475,6.666666666666666,148.09609793861216,1.0606601717798212,0.13458950201884254
3487.0,3400,1,157.06806282722513,382.0,150.2531197679436,75.0,275.40878707840824,1.0,1.0,140.0,53.03300858899105,45.96194077712562,7657.632093125124,1.1538461538461529,0.5235602094240838
3487.0,3400,2,185.08997429305913,324.1666666666667,182.54946057317056,152.58319911792785,224.21290902048565,0.8571428571428571,0.7142857142857143,155.0,158.46199570128053,215.10320256821382,107083.33055359471,0.7366789234624661,0.2570694087403599
3487.0,3400,3,nan,nan,nan,--,nan,nan,nan,nan,nan,nan,nan,nan,nan
3487.0,3400,4,56.60377358490566,1060.0,8.16496580927726,5.0,15.811388300841896,0.0,0.0,10.0,10.606601717798211,3.5355339059326525,117.80972450961438,3.000000000000072,nan
3487.0,3400,5,178.72340425531914,335.7142857142857,175.56904566556818,58.87840577551898,218.0978373727412,1.0,1.0,160.0,142.51705550954634,205.26405757787538,91902.98623351543,0.6943108169606197,0.425531914893617
3487.0,3400,6,nan,nan,nan,--,nan,nan,nan,nan,nan,nan,nan,nan,nan
3487.0,3400,7,56.49717514124294,1062.0,7.483314773547883,0.0,10.0,0.0,0.0,10.0,6.123724356957944,6.123724356957896,117.80972450961627,1.0000000000000078,0.18832391713747645
3487.0,3400,8,56.5149136577708,1061.6666666666667,6.871842709362768,0.0,10.0,0.0,0.0,5.0,6.928203230275508,6.928203230275454,150.79644737230882,1.0000000000000078,0.15698587127158556
3487.0,3400,9,56.5149136577708,1061.6666666666667,6.871842709362768,0.0,10.0,0.0,0.0,5.0,6.928203230275508,6.928203230275454,150.79644737230882,1.0000000000000078,0.15698587127158556
3487.0,3400,10,56.5149136577708,1061.6666666666667,6.871842709362768,4.330127018922194,13.228756555322953,0.0,0.0,5.0,9.185586535436917,5.863019699779249,169.1913357042196,1.5666989036012904,0.15698587127158556
3487.0,3400,11,56.52759084791387,1061.4285714285713,8.32993127835043,7.4535599249993,15.275252316519467,0.0,0.0,10.0,10.801234497346433,6.666666666666667,226.22052631042797,1.6201851746019649,0.2691790040376851
