patient_id,ecg_id,lead,bpm,ibi,sdnn,sdsd,rmssd,pnn20,pnn50,hr_mad,sd1,sd2,s,sd1/sd2,breathingrate
21682.0,3489,0,73.39449541284404,817.5,8.2915619758885,7.637626158259733,9.128709291752768,0.0,0.0,0.0,6.346477588219923,8.5796917841558,171.06230118953872,0.7397092748646314,0.1529051987767584
21682.0,3489,1,73.34963325183374,818.0,9.797958971132712,7.370277311900889,11.547005383792516,0.0,0.0,10.0,8.012336167697754,10.423146132940948,262.36618580530444,0.7687061147858079,0.24449877750611249
21682.0,3489,2,73.3695652173913,817.7777777777778,14.740554623801778,11.605769149479944,17.320508075688775,0.14285714285714285,0.0,10.0,11.866605518454392,13.324827218698324,496.7501012976982,0.89056355656172,0.2717391304347826
21682.0,3489,3,nan,nan,nan,--,nan,nan,nan,nan,nan,nan,nan,nan,nan
21682.0,3489,4,73.3695652173913,817.7777777777778,9.162456945817024,6.614378277661476,10.0,0.0,0.0,10.0,6.846531968814576,9.842509842514756,211.7026872713605,0.6956083436402529,0.2717391304347826
21682.0,3489,5,73.3695652173913,817.7777777777778,9.162456945817024,4.841229182759271,7.905694150420948,0.0,0.0,10.0,4.921254921257382,9.960860906568257,154.00067005177908,0.4940591950252286,0.1358695652173913
21682.0,3489,6,73.34963325183374,818.0,8.717797887081348,4.969039949999533,6.666666666666667,0.0,0.0,5.0,4.444444444444445,10.423146132940948,145.5345747490673,0.42640143271122116,0.24449877750611249
21682.0,3489,7,73.34963325183374,818.0,8.717797887081348,4.969039949999533,6.666666666666667,0.0,0.0,5.0,4.444444444444445,10.423146132940948,145.5345747490673,0.42640143271122116,0.24449877750611249
21682.0,3489,8,73.3695652173913,817.7777777777778,10.304020550550783,5.994789404140899,12.747548783981962,0.0,0.0,10.0,8.615030470056388,9.96086090656825,269.5898680587346,0.8648881407806414,0.2717391304347826
21682.0,3489,9,73.34963325183374,818.0,8.717797887081348,3.1426968052735447,9.428090415820634,0.0,0.0,5.0,6.478835438717,9.296222517045262,189.21402854216103,0.6969320524371712,0.24449877750611249
21682.0,3489,10,73.3695652173913,817.7777777777778,9.162456945817024,3.307189138830738,9.354143466934854,0.0,0.0,10.0,6.05959982177041,9.312290266094566,177.27615410637685,0.6507099380088068,0.2717391304347826
21682.0,3489,11,73.46938775510205,816.6666666666666,9.428090415820632,4.330127018922194,8.660254037844387,0.0,0.0,5.0,5.863019699779286,10.458250331675933,192.6328096653433,0.5606119105813886,0.2040816326530612
