patient_id,ecg_id,lead,bpm,ibi,sdnn,sdsd,rmssd,pnn20,pnn50,hr_mad,sd1,sd2,s,sd1/sd2,breathingrate
1960.0,3507,0,100.84033613445378,595.0,5.0,--,nan,nan,nan,5.0,nan,nan,nan,nan,nan
1960.0,3507,1,96.7741935483871,620.0,92.73618495495704,0.0,210.0,1.0,1.0,30.0,0.0,0.0,0.0,nan,nan
1960.0,3507,2,85.9872611464968,697.7777777777778,4.15739709641549,4.948716593053935,6.546536707079771,0.0,0.0,0.0,4.517539514526256,3.4992710611187974,49.662596032329525,1.290994448735816,0.1592356687898089
1960.0,3507,3,214.28571428571428,280.0,265.5560204551951,0.0,550.0,1.0,1.0,30.0,0.0,0.0,0.0,nan,0.7142857142857142
1960.0,3507,4,86.20689655172414,696.0,80.64738061462381,118.98749804646717,135.8512258154322,0.2222222222222222,0.2222222222222222,0.0,95.12824352446219,40.79457722374626,12191.630373608017,2.3318845297185398,0.14367816091954022
1960.0,3507,5,88.36524300441826,679.0,53.1883445878888,55.57777333511022,60.277137733417085,0.1111111111111111,0.1111111111111111,0.0,40.47556800019329,38.88888888888889,4945.023497527609,1.0408003200049702,0.14727540500736377
1960.0,3507,6,86.17594254937164,696.25,4.841229182759271,3.72677996249965,4.08248290463863,0.0,0.0,0.0,2.635231383473649,5.4006172486732105,44.710757288937415,0.48795003647426705,0.17953321364452424
1960.0,3507,7,86.02150537634408,697.5,6.614378277661476,6.388765649999399,10.690449676496975,0.0,0.0,5.0,7.5592894601845435,6.388765649999402,151.72173701744373,1.1832159566199225,0.17921146953405018
1960.0,3507,8,120.0,500.0,0.0,--,nan,nan,nan,0.0,nan,nan,nan,nan,nan
1960.0,3507,9,85.9872611464968,697.7777777777778,4.15739709641549,4.330127018922194,5.0,0.0,0.0,0.0,3.5355339059327373,4.99999999999999,55.53603672697946,0.7071067811865488,0.1592356687898089
1960.0,3507,10,88.23529411764706,680.0,53.93598899705937,52.54521862167861,57.358521598799946,0.1,0.1,0.0,38.268786236304905,41.38236339311713,4975.192060889667,0.9247607700112631,0.1336898395721925
1960.0,3507,11,86.28318584070797,695.3846153846154,72.81328963814912,114.18795421973759,132.22455646865802,0.25,0.25,0.0,93.4894527622115,52.188227706170565,15327.984020145796,1.7913896844432908,0.11061946902654866
