patient_id,ecg_id,lead,bpm,ibi,sdnn,sdsd,rmssd,pnn20,pnn50,hr_mad,sd1,sd2,s,sd1/sd2,breathingrate
10776.0,3570,0,54.263565891472865,1105.7142857142858,19.897697538834457,17.950549357115012,32.145502536643185,0.5,0.0,10.0,22.236106773543884,13.944333775567893,974.1063918461845,1.5946338585572406,0.25839793281653745
10776.0,3570,1,54.21686746987952,1106.6666666666667,21.343747458109494,14.696938456699069,35.21363372331802,0.6,0.0,15.0,24.248711305964278,15.099668870541453,1150.2863314964823,1.605910137093937,0.1506024096385542
10776.0,3570,2,nan,nan,nan,--,nan,nan,nan,nan,nan,nan,nan,nan,nan
10776.0,3570,3,nan,nan,nan,--,nan,nan,nan,nan,nan,nan,nan,nan,nan
10776.0,3570,4,54.54545454545455,1100.0,15.275252316519467,17.204650534085253,27.92848008753788,0.4,0.0,5.0,19.697715603592204,12.16552506059645,752.8294382714826,1.619142248729745,0.1515151515151515
10776.0,3570,5,nan,nan,nan,--,nan,nan,nan,nan,nan,nan,nan,nan,nan
10776.0,3570,6,nan,nan,nan,--,nan,nan,nan,nan,nan,nan,nan,nan,nan
10776.0,3570,7,54.263565891472865,1105.7142857142858,12.936264483053453,12.583057392117917,19.578900207451216,0.3333333333333333,0.0,0.0,13.38531533684084,9.501461875826173,399.5479527628351,1.4087637788555518,0.25839793281653745
10776.0,3570,8,nan,nan,nan,--,nan,nan,nan,nan,nan,nan,nan,nan,nan
10776.0,3570,9,54.263565891472865,1105.7142857142858,12.936264483053453,12.583057392117917,19.578900207451216,0.3333333333333333,0.0,0.0,13.38531533684084,9.501461875826173,399.5479527628351,1.4087637788555518,0.25839793281653745
10776.0,3570,10,nan,nan,nan,--,nan,nan,nan,nan,nan,nan,nan,nan,nan
10776.0,3570,11,nan,nan,nan,--,nan,nan,nan,nan,nan,nan,nan,nan,nan
