patient_id,ecg_id,lead,bpm,ibi,sdnn,sdsd,rmssd,pnn20,pnn50,hr_mad,sd1,sd2,s,sd1/sd2,breathingrate
12194.0,3607,0,81.32530120481927,737.7777777777778,12.27262335243029,7.806247497997997,11.726039399558575,0.0,0.0,10.0,8.244316223920574,13.433865787627946,347.94092948455994,0.6136964857512021,0.3012048192771084
12194.0,3607,1,80.68459657701712,743.6363636363636,18.227216050694018,9.16515138991168,16.73320053068151,0.1,0.0,10.0,11.74734012447073,20.44504830026088,754.5318152817937,0.5745811871875516,0.12224938875305624
12194.0,3607,2,nan,nan,nan,--,nan,nan,nan,nan,nan,nan,nan,nan,nan
12194.0,3607,3,nan,nan,nan,--,nan,nan,nan,nan,nan,nan,nan,nan,nan
12194.0,3607,4,400.0,150.0,0.0,--,nan,nan,nan,0.0,nan,nan,nan,nan,nan
12194.0,3607,5,80.86253369272237,742.0,18.33030277982336,7.370277311900889,13.333333333333334,0.0,0.0,15.0,8.888888888888888,22.110831935702684,617.4509082129968,0.40201512610368445,0.2695417789757412
12194.0,3607,6,81.08108108108108,740.0,18.51640199545103,10.954451150103322,14.832396974191326,0.2,0.0,10.0,9.591663046625438,17.088007490635093,514.9146071251673,0.561309623247886,0.19305019305019305
12194.0,3607,7,81.71206225680933,734.2857142857143,11.78030178747903,6.871842709362768,10.801234497346433,0.0,0.0,0.0,6.7700320038632995,12.07614728849122,256.8437462204585,0.560611910581387,0.19455252918287938
12194.0,3607,8,80.97165991902834,741.0,15.132745950421556,8.16496580927726,12.909944487358056,0.0,0.0,10.0,9.09483641319161,16.666666666666703,476.20452102139615,0.5456901847914953,0.1349527665317139
12194.0,3607,9,80.68459657701712,743.6363636363636,17.721444263289026,8.717797887081348,14.832396974191326,0.0,0.0,10.0,10.392304845413264,20.19900987672416,659.4651229061334,0.5144957554275265,0.36674816625916873
12194.0,3607,10,80.68459657701712,743.6363636363636,17.721444263289026,8.717797887081348,14.832396974191326,0.0,0.0,10.0,10.392304845413264,20.19900987672416,659.4651229061334,0.5144957554275265,0.36674816625916873
12194.0,3607,11,80.97165991902834,741.0,15.132745950421556,8.16496580927726,12.909944487358056,0.0,0.0,10.0,9.09483641319161,16.666666666666703,476.20452102139615,0.5456901847914953,0.1349527665317139
