patient_id,ecg_id,lead,bpm,ibi,sdnn,sdsd,rmssd,pnn20,pnn50,hr_mad,sd1,sd2,s,sd1/sd2,breathingrate
10588.0,3722,0,73.26007326007326,819.0,23.430749027719962,15.234788000891209,24.267032964268395,0.4444444444444444,0.0,15.0,16.25415426480866,25.385910352879726,1296.3043905901861,0.6402825046991005,0.12210012210012211
10588.0,3722,1,72.72727272727273,825.0,21.79449471770337,10.301575072754256,20.0,0.2857142857142857,0.0,15.0,13.552618543578768,23.81904571504728,1014.1389088421555,0.5689824313581602,0.303030303030303
10588.0,3722,2,73.17073170731707,820.0,16.32993161855452,4.330127018922194,18.027756377319946,0.0,0.0,10.0,9.185586535436917,16.105123408406442,464.7515240742197,0.5703518254720288,0.2032520325203252
10588.0,3722,3,nan,nan,nan,--,nan,nan,nan,nan,nan,nan,nan,nan,nan
10588.0,3722,4,73.26007326007326,819.0,23.0,11.967032904743341,22.360679774997898,0.3333333333333333,0.0,20.0,14.824071182362593,25.38591035287969,1182.252133642111,0.5839487722243926,0.24420024420024422
10588.0,3722,5,72.8744939271255,823.3333333333334,22.60776661041756,14.142135623730951,24.49489742783178,0.5,0.0,20.0,16.488632447841148,23.38535866733718,1211.3748283143793,0.7050835816716023,0.2699055330634278
10588.0,3722,6,73.26007326007326,819.0,23.853720883753127,10.999438818457406,23.804761428476166,0.4444444444444444,0.0,20.0,15.908690070307058,26.457513110645916,1322.3100958457921,0.6012919658690731,0.12210012210012211
10588.0,3722,7,72.8744939271255,823.3333333333334,21.081851067789195,9.682458365518542,20.0,0.25,0.0,10.0,13.110110602126893,22.2906931251588,918.0784667811641,0.5881427970191706,0.2699055330634278
10588.0,3722,8,73.66984993178717,814.4444444444445,15.713484026367723,8.569568250501305,18.371173070873837,0.125,0.0,10.0,12.21551267855754,15.181197251863923,582.5961289771279,0.8046475173134147,0.2728512960436562
10588.0,3722,9,73.26007326007326,819.0,20.71231517720798,3.1426968052735447,19.148542155126762,0.0,0.0,15.0,12.372809695177827,22.110831935702706,859.4552906363394,0.5595813731096774,0.24420024420024422
10588.0,3722,10,73.26007326007326,819.0,23.430749027719962,15.234788000891209,24.267032964268395,0.4444444444444444,0.0,15.0,16.25415426480866,25.385910352879726,1296.3043905901861,0.6402825046991005,0.12210012210012211
10588.0,3722,11,72.97297297297298,822.2222222222222,23.465235646603197,15.360257159305634,26.22022120425379,0.5,0.0,20.0,17.47766431763695,23.30168985288411,1279.4422383954673,0.7500599496423945,0.27027027027027023
