patient_id,ecg_id,lead,bpm,ibi,sdnn,sdsd,rmssd,pnn20,pnn50,hr_mad,sd1,sd2,s,sd1/sd2,breathingrate
20419.0,3865,0,64.95263870094723,923.75,9.921567416492215,10.497813183356477,11.952286093343936,0.14285714285714285,0.0,0.0,8.206518066482897,10.594569267279494,273.144278177814,0.774596669241485,0.13531799729364005
20419.0,3865,1,65.33575317604355,918.3333333333334,3.72677996249965,4.0,4.47213595499958,0.0,0.0,0.0,2.82842712474619,2.828427124746122,25.132741228717737,1.000000000000024,0.18148820326678766
20419.0,3865,2,127.65957446808511,470.0,0.0,--,nan,nan,nan,0.0,nan,nan,nan,nan,nan
20419.0,3865,3,545.4545454545455,110.0,30.0,0.0,60.0,1.0,1.0,30.0,0.0,0.0,0.0,nan,nan
20419.0,3865,4,64.95263870094723,923.75,9.921567416492215,10.497813183356477,11.952286093343936,0.14285714285714285,0.0,0.0,8.206518066482897,10.594569267279494,273.144278177814,0.774596669241485,0.13531799729364005
20419.0,3865,5,65.015479876161,922.8571428571429,11.605769149479944,13.564659966250536,19.493588689617926,0.4,0.0,0.0,13.711309200802086,11.832159566199273,509.67439393859445,1.15881713089561,0.30959752321981426
20419.0,3865,6,64.95263870094723,923.75,9.921567416492215,10.497813183356477,11.952286093343936,0.14285714285714285,0.0,0.0,8.206518066482897,10.594569267279494,273.144278177814,0.774596669241485,0.13531799729364005
20419.0,3865,7,64.82593037214886,925.5555555555555,10.657403385139377,6.614378277661476,14.142135623730951,0.0,0.0,10.0,9.842509842514763,11.180339887498949,345.7090406605552,0.8803408430829504,0.36014405762304924
20419.0,3865,8,64.82593037214886,925.5555555555555,10.657403385139377,6.614378277661476,14.142135623730951,0.0,0.0,10.0,9.842509842514763,11.180339887498949,345.7090406605552,0.8803408430829504,0.36014405762304924
20419.0,3865,9,64.82593037214886,925.5555555555555,10.657403385139377,6.614378277661476,14.142135623730951,0.0,0.0,10.0,9.842509842514763,11.180339887498949,345.7090406605552,0.8803408430829504,0.36014405762304924
20419.0,3865,10,64.82593037214886,925.5555555555555,8.31479419283098,4.330127018922194,5.0,0.0,0.0,0.0,3.061862178478972,10.606601717798242,102.026214238175,0.28867513459481203,0.12004801920768307
20419.0,3865,11,64.82593037214886,925.5555555555555,9.558139185602919,6.614378277661476,10.0,0.0,0.0,10.0,6.846531968814576,11.180339887498949,240.47809315534948,0.6123724356957945,0.12004801920768307
