patient_id,ecg_id,lead,bpm,ibi,sdnn,sdsd,rmssd,pnn20,pnn50,hr_mad,sd1,sd2,s,sd1/sd2,breathingrate
12365.0,3929,0,72.18045112781955,831.25,11.659223816361019,6.3887656499993986,10.690449676496975,0.0,0.0,10.0,7.284313590846835,13.552618543578728,310.14281281716774,0.5374838498865715,0.15037593984962405
12365.0,3929,1,72.38605898123325,828.8888888888889,12.862041003100252,6.614378277661476,10.0,0.0,0.0,10.0,6.846531968814576,16.583123951776965,356.6866541276698,0.412861411922386,0.13404825737265416
12365.0,3929,2,nan,nan,nan,--,nan,nan,nan,nan,nan,nan,nan,nan,nan
12365.0,3929,3,73.17073170731707,820.0,20.701966780270627,20.548046676563253,42.03173404306164,0.6666666666666666,0.3333333333333333,10.0,29.627314724385297,8.819171036881938,820.8615794201813,3.3594217189442537,0.17421602787456444
12365.0,3929,4,72.63922518159806,826.0,14.966629547095765,6.285393610547089,10.0,0.0,0.0,10.0,6.666666666666666,19.180751668480056,401.72072354684735,0.3475706678180957,0.12106537530266344
12365.0,3929,5,72.39819004524887,828.75,14.523687548277813,8.16496580927726,12.909944487358056,0.0,0.0,10.0,8.819171036881967,19.43650631615098,538.5125659044046,0.4537426064865155,0.15082956259426847
12365.0,3929,6,72.58064516129032,826.6666666666666,14.907119849998596,6.324555320336759,11.832159566199232,0.0,0.0,15.0,7.211102550927977,19.287301521985867,436.94121748202195,0.3738782505529838,0.20161290322580647
12365.0,3929,7,72.18045112781955,831.25,13.635890143294644,10.690449676496975,14.638501094227998,0.14285714285714285,0.0,5.0,9.89743318610787,15.518257844571712,482.52010650011715,0.6377928041432817,0.15037593984962405
12365.0,3929,8,72.04116638078902,832.8571428571429,11.605769149479944,7.483314773547883,10.954451150103322,0.0,0.0,10.0,7.745966692414833,7.211102550927938,175.47981573787467,1.0741723110591552,0.17152658662092624
12365.0,3929,9,72.28915662650603,830.0,14.142135623730951,7.559289460184544,12.535663410560174,0.0,0.0,10.0,8.32993127835043,15.518257844571712,406.1011832047441,0.5367826312580726,0.1506024096385542
12365.0,3929,10,72.28915662650603,830.0,14.142135623730951,7.559289460184544,12.535663410560174,0.0,0.0,10.0,8.32993127835043,15.518257844571712,406.1011832047441,0.5367826312580726,0.1506024096385542
12365.0,3929,11,72.28915662650603,830.0,14.142135623730951,7.559289460184544,12.535663410560174,0.0,0.0,10.0,8.32993127835043,15.518257844571712,406.1011832047441,0.5367826312580726,0.1506024096385542
