patient_id,ecg_id,lead,bpm,ibi,sdnn,sdsd,rmssd,pnn20,pnn50,hr_mad,sd1,sd2,s,sd1/sd2,breathingrate
8197.0,3966,0,68.86657101865136,871.25,7.806247497997997,5.3452248382484875,11.338934190276817,0.0,0.0,10.0,7.953949089757174,7.953949089757238,198.75382094139667,0.999999999999992,0.430416068866571
8197.0,3966,1,68.76790830945559,872.5,6.614378277661476,4.517539514526256,8.451542547285166,0.0,0.0,5.0,5.890150893739515,7.423074889580914,137.35995359539316,0.7934920476158709,0.14326647564469913
8197.0,3966,2,68.86657101865136,871.25,5.994789404140899,4.517539514526256,8.451542547285166,0.0,0.0,0.0,5.890150893739515,5.890150893739563,108.99403083883043,0.9999999999999919,0.14347202295552366
8197.0,3966,3,68.70229007633587,873.3333333333334,9.428090415820634,6.614378277661476,10.0,0.0,0.0,10.0,6.846531968814576,10.606601717798222,228.13755052351584,0.6454972243679022,0.1272264631043257
8197.0,3966,4,68.83365200764818,871.6666666666666,6.871842709362768,0.0,10.0,0.0,0.0,5.0,0.0,7.071067811865532,0.0,0.0,0.19120458891013384
8197.0,3966,5,68.86657101865136,871.25,5.994789404140899,4.517539514526256,8.451542547285166,0.0,0.0,0.0,5.890150893739515,5.890150893739563,108.99403083883043,0.9999999999999919,0.14347202295552366
8197.0,3966,6,nan,nan,nan,--,nan,nan,nan,nan,nan,nan,nan,nan,nan
8197.0,3966,7,68.86657101865136,871.25,7.806247497997997,5.3452248382484875,11.338934190276817,0.0,0.0,10.0,7.953949089757174,7.953949089757238,198.75382094139667,0.999999999999992,0.430416068866571
8197.0,3966,8,68.86657101865136,871.25,7.806247497997997,5.3452248382484875,11.338934190276817,0.0,0.0,10.0,7.953949089757174,7.953949089757238,198.75382094139667,0.999999999999992,0.430416068866571
8197.0,3966,9,68.70229007633587,873.3333333333334,8.16496580927726,6.614378277661476,10.0,0.0,0.0,0.0,6.846531968814576,7.905694150420937,170.04369039695763,0.8660254037844398,0.1272264631043257
8197.0,3966,10,68.70229007633587,873.3333333333334,8.16496580927726,6.614378277661476,10.0,0.0,0.0,0.0,6.846531968814576,7.905694150420937,170.04369039695763,0.8660254037844398,0.1272264631043257
8197.0,3966,11,68.70229007633587,873.3333333333334,9.428090415820634,6.614378277661476,10.0,0.0,0.0,10.0,6.846531968814576,10.606601717798222,228.13755052351584,0.6454972243679022,0.1272264631043257
