patient_id,ecg_id,lead,bpm,ibi,sdnn,sdsd,rmssd,pnn20,pnn50,hr_mad,sd1,sd2,s,sd1/sd2,breathingrate
11654.0,4018,0,66.66666666666667,900.0,10.540925533894598,7.0710678118654755,12.24744871391589,0.0,0.0,0.0,8.477912478906585,11.039701082909811,294.03302767718344,0.7679476477883043,0.1234567901234568
11654.0,4018,1,66.91449814126395,896.6666666666666,4.714045207910317,5.0,7.0710678118654755,0.0,0.0,0.0,5.0,4.99999999999996,78.5398163397442,1.000000000000008,0.1858736059479554
11654.0,4018,2,66.66666666666667,900.0,10.540925533894598,7.0710678118654755,12.24744871391589,0.0,0.0,0.0,8.477912478906585,11.039701082909811,294.03302767718344,0.7679476477883043,0.1234567901234568
11654.0,4018,3,66.35071090047393,904.2857142857143,11.78030178747903,4.0,12.649110640673518,0.0,0.0,10.0,6.928203230275509,12.961481396815744,282.11432060493644,0.5345224838248478,0.1579778830963665
11654.0,4018,4,66.66666666666667,900.0,10.540925533894598,7.0710678118654755,12.24744871391589,0.0,0.0,0.0,8.477912478906585,11.039701082909811,294.03302767718344,0.7679476477883043,0.1234567901234568
11654.0,4018,5,66.66666666666667,900.0,11.547005383792516,4.841229182759271,14.577379737113251,0.0,0.0,10.0,9.960860906568266,11.422291801560663,357.4374055221368,0.8720544948087636,0.2469135802469136
11654.0,4018,6,66.45569620253164,902.8571428571429,12.777531299998799,9.428090415820632,16.32993161855452,0.16666666666666666,0.0,10.0,11.547005383792515,15.634719199411398,567.1648748774583,0.738548945875998,0.1582278481012658
11654.0,4018,7,nan,nan,nan,--,nan,nan,nan,nan,nan,nan,nan,nan,nan
11654.0,4018,8,66.66666666666667,900.0,11.547005383792516,4.841229182759271,14.577379737113251,0.0,0.0,10.0,9.960860906568266,11.422291801560663,357.4374055221368,0.8720544948087636,0.2469135802469136
11654.0,4018,9,66.66666666666667,900.0,12.24744871391589,6.3887656499993986,13.093073414159543,0.0,0.0,10.0,9.035079029052511,13.997084244475321,397.30076825863995,0.6454972243679019,0.1388888888888889
11654.0,4018,10,66.75938803894297,898.75,16.153559979150106,13.552618543578768,22.9906813420444,0.42857142857142855,0.0,10.0,15.971914124998497,14.356965173029852,720.3930031467055,1.1124853987249612,0.13908205841446453
11654.0,4018,11,66.66666666666667,900.0,13.333333333333334,11.110243021644486,17.67766952966369,0.25,0.0,10.0,12.21551267855754,13.433865787627935,515.5402485867432,0.9093073335456089,0.2469135802469136
