patient_id,ecg_id,lead,bpm,ibi,sdnn,sdsd,rmssd,pnn20,pnn50,hr_mad,sd1,sd2,s,sd1/sd2,breathingrate
1470.0,4048,0,64.86486486486487,925.0,12.583057392117917,9.797958971132712,20.493901531919196,0.4,0.0,5.0,14.422205101855955,10.583005244258375,479.50214194284695,1.362770287738492,0.3603603603603604
1470.0,4048,1,64.81481481481482,925.7142857142857,11.78030178747903,9.428090415820632,19.148542155126762,0.3333333333333333,0.0,10.0,13.33333333333333,9.718253158075516,407.0772363618112,1.3719886811400683,0.30864197530864196
1470.0,4048,2,96.7741935483871,620.0,0.0,--,nan,nan,nan,0.0,nan,nan,nan,nan,nan
1470.0,4048,3,nan,nan,nan,--,nan,nan,nan,nan,nan,nan,nan,nan,nan
1470.0,4048,4,64.86486486486487,925.0,12.583057392117917,10.198039027185569,18.973665961010276,0.2,0.0,15.0,13.114877048604,12.165525060596453,501.2391142300561,1.0780362527123841,0.1801801801801802
1470.0,4048,5,64.6900269541779,927.5,15.612494995995995,8.32993127835043,20.354009783964297,0.2857142857142857,0.0,5.0,13.477115902938005,13.014905113063284,551.045984708176,1.0355139577168944,0.4043126684636118
1470.0,4048,6,64.6900269541779,927.5,9.682458365518542,5.3452248382484875,11.338934190276817,0.0,0.0,10.0,7.423074889580902,9.147320339189793,213.31804905860366,0.8115026712006882,0.4043126684636118
1470.0,4048,7,64.6900269541779,927.5,9.682458365518542,5.3452248382484875,11.338934190276817,0.0,0.0,10.0,7.423074889580902,9.147320339189793,213.31804905860366,0.8115026712006882,0.4043126684636118
1470.0,4048,8,64.91499227202472,924.2857142857143,13.997084244475301,8.975274678557506,20.412414523193153,0.3333333333333333,0.0,10.0,13.994046353122219,11.843892002959937,520.7000501237812,1.1815411985878401,0.3091190108191654
1470.0,4048,9,64.81481481481482,925.7142857142857,9.035079029052511,5.773502691896258,11.547005383792516,0.0,0.0,10.0,7.817359599705715,8.819171036881968,216.58966422050963,0.8864052604279182,0.30864197530864196
1470.0,4048,10,64.81481481481482,925.7142857142857,9.035079029052511,5.773502691896258,11.547005383792516,0.0,0.0,10.0,7.817359599705715,8.819171036881968,216.58966422050963,0.8864052604279182,0.30864197530864196
1470.0,4048,11,92.3076923076923,650.0,12.24744871391589,--,nan,nan,nan,5.0,nan,nan,nan,nan,0.3846153846153846
