patient_id,ecg_id,lead,bpm,ibi,sdnn,sdsd,rmssd,pnn20,pnn50,hr_mad,sd1,sd2,s,sd1/sd2,breathingrate
13030.0,4232,0,70.40417209908736,852.2222222222222,23.465235646603197,10.532687216470448,13.693063937629153,0.125,0.0,10.0,8.615030470056388,31.412079682822625,850.1653116708529,0.27425851955823954,0.2607561929595828
13030.0,4232,1,70.69219440353461,848.75,23.15032397181517,10.301575072754256,16.47508942095828,0.14285714285714285,0.0,15.0,9.258200997725513,26.954231805875978,783.9772078395266,0.3434785700591638,0.14727540500736377
13030.0,4232,2,555.5555555555555,108.0,113.47246362003426,77.82030583337487,158.42979517754858,1.0,0.8,30.0,112.01785571952357,146.32839779072276,51495.08093482814,0.7655236947221294,0.9259259259259258
13030.0,4232,3,nan,nan,nan,--,nan,nan,nan,nan,nan,nan,nan,nan,nan
13030.0,4232,4,70.40417209908736,852.2222222222222,23.465235646603197,10.532687216470448,13.693063937629153,0.125,0.0,10.0,8.615030470056388,31.412079682822625,850.1653116708529,0.27425851955823954,0.2607561929595828
13030.0,4232,5,nan,nan,nan,--,nan,nan,nan,nan,nan,nan,nan,nan,nan
13030.0,4232,6,70.3125,853.3333333333334,24.94438257849294,13.228756555322953,16.583123951777,0.125,0.0,10.0,10.458250331675943,32.015621187164214,1051.891240054491,0.32666085941411915,0.2604166666666667
13030.0,4232,7,70.58823529411765,850.0,23.45207879911715,8.806305718527108,15.583874449479593,0.14285714285714285,0.0,10.0,8.451542547285165,26.687916703241967,708.5989889287259,0.3166804903231168,0.29411764705882354
13030.0,4232,8,70.58823529411765,850.0,22.360679774997898,6.3887656499993986,13.093073414159543,0.0,0.0,10.0,6.998542122237651,27.701027756664708,609.050544764904,0.25264557631995593,0.29411764705882354
13030.0,4232,9,70.58823529411765,850.0,22.360679774997898,6.3887656499993986,13.093073414159543,0.0,0.0,10.0,6.998542122237651,27.701027756664708,609.050544764904,0.25264557631995593,0.29411764705882354
13030.0,4232,10,70.58823529411765,850.0,22.360679774997898,6.3887656499993986,13.093073414159543,0.0,0.0,10.0,6.998542122237651,27.701027756664708,609.050544764904,0.25264557631995593,0.29411764705882354
13030.0,4232,11,70.69219440353461,848.75,23.15032397181517,8.80630571852711,15.583874449479593,0.14285714285714285,0.0,15.0,8.451542547285165,27.217941261796614,722.6718320987436,0.3105136595745336,0.29455081001472755
