patient_id,ecg_id,lead,bpm,ibi,sdnn,sdsd,rmssd,pnn20,pnn50,hr_mad,sd1,sd2,s,sd1/sd2,breathingrate
10272.0,4515,0,79.7872340425532,752.0,6.0,4.15739709641549,8.819171036881968,0.0,0.0,0.0,6.186404847588913,5.773502691896304,112.20897179452345,1.0715167512214308,0.26595744680851063
10272.0,4515,1,79.76366322008863,752.2222222222222,6.285393610547089,4.330127018922194,8.660254037844387,0.0,0.0,0.0,6.123724356957944,5.8630196997793345,112.7942238028147,1.0444659357341783,0.2954209748892171
10272.0,4515,2,80.21390374331551,748.0,4.0,5.0,7.0710678118654755,0.0,0.0,0.0,5.0,3.535533905932766,55.53603672698002,1.4142135623730836,0.267379679144385
10272.0,4515,3,nan,nan,nan,--,nan,nan,nan,nan,nan,nan,nan,nan,nan
10272.0,4515,4,79.6812749003984,753.0,6.4031242374328485,4.714045207910317,8.16496580927726,0.0,0.0,5.0,5.773502691896257,6.758625033664743,122.5878978915858,0.8542421961772422,0.2656042496679947
10272.0,4515,5,79.52871870397644,754.4444444444445,6.849348892187752,6.998542122237652,10.0,0.0,0.0,0.0,6.998542122237652,7.559289460184606,166.20283565664232,0.925820099772544,0.14727540500736377
10272.0,4515,6,79.84790874524715,751.4285714285714,6.388765649999399,4.898979485566356,7.745966692414834,0.0,0.0,0.0,5.2915026221291805,5.291502622129223,87.96459430051489,0.9999999999999919,0.19011406844106465
10272.0,4515,7,79.7872340425532,752.0,6.0,4.15739709641549,8.819171036881968,0.0,0.0,0.0,6.186404847588913,5.773502691896304,112.20897179452345,1.0715167512214308,0.26595744680851063
10272.0,4515,8,79.76366322008863,752.2222222222222,6.285393610547089,4.5175395145262565,8.451542547285166,0.0,0.0,0.0,5.890150893739515,5.890150893739563,108.99403083883043,0.9999999999999919,0.2954209748892171
10272.0,4515,9,79.76366322008863,752.2222222222222,6.285393610547089,4.5175395145262565,8.451542547285166,0.0,0.0,0.0,5.890150893739515,5.890150893739563,108.99403083883043,0.9999999999999919,0.2954209748892171
10272.0,4515,10,79.76366322008863,752.2222222222222,6.285393610547089,4.5175395145262565,8.451542547285166,0.0,0.0,0.0,5.890150893739515,5.890150893739563,108.99403083883043,0.9999999999999919,0.2954209748892171
10272.0,4515,11,79.7872340425532,752.0,6.0,4.15739709641549,8.819171036881968,0.0,0.0,0.0,6.186404847588913,5.773502691896304,112.20897179452345,1.0715167512214308,0.26595744680851063
