patient_id,ecg_id,lead,bpm,ibi,sdnn,sdsd,rmssd,pnn20,pnn50,hr_mad,sd1,sd2,s,sd1/sd2,breathingrate
15172.0,4648,0,72.43460764587525,828.3333333333334,138.4938827369482,142.07040508142433,166.07227342335023,0.2,0.2,15.0,106.4894360957931,107.05138952858104,35813.66020654309,0.9947506199100955,0.2012072434607646
15172.0,4648,1,67.79661016949153,885.0,17.07825127659933,8.0,16.1245154965971,0.2,0.0,15.0,10.583005244258361,20.784609690826535,691.0361346140357,0.5091750772173153,0.18832391713747645
15172.0,4648,2,72.28915662650603,830.0,134.5362404707371,140.14278433083882,161.36914203155447,0.2,0.2,10.0,103.47946656221222,103.67256146155547,33702.9474195647,0.9981374541477414,0.2008032128514056
15172.0,4648,3,67.79661016949153,885.0,17.07825127659933,4.898979485566356,14.832396974191326,0.0,0.0,15.0,9.591663046625438,21.260291625469275,640.6384545239997,0.4511538795232176,0.18832391713747645
15172.0,4648,4,67.79661016949153,885.0,18.929694486000912,8.94427190999916,13.416407864998739,0.0,0.0,5.0,6.324555320336758,21.72556098240045,431.66900640718615,0.2911112548697907,0.18832391713747645
15172.0,4648,5,67.79661016949153,885.0,18.929694486000912,8.94427190999916,13.416407864998739,0.0,0.0,5.0,6.324555320336758,21.72556098240045,431.66900640718615,0.2911112548697907,0.18832391713747645
15172.0,4648,6,71.1864406779661,842.8571428571429,100.81302151072772,102.37458451957477,119.51290027998373,0.3333333333333333,0.16666666666666666,20.0,79.20613051469633,77.21722605740253,19214.22472424887,1.0257572637459842,0.1694915254237288
15172.0,4648,7,67.79661016949153,885.0,18.929694486000912,8.94427190999916,13.416407864998739,0.0,0.0,5.0,6.324555320336758,21.72556098240045,431.66900640718615,0.2911112548697907,0.18832391713747645
15172.0,4648,8,67.79661016949153,885.0,17.07825127659933,4.898979485566356,14.832396974191326,0.0,0.0,15.0,9.591663046625438,21.260291625469275,640.6384545239997,0.4511538795232176,0.18832391713747645
15172.0,4648,9,67.79661016949153,885.0,18.929694486000912,8.94427190999916,13.416407864998739,0.0,0.0,5.0,6.324555320336758,21.72556098240045,431.66900640718615,0.2911112548697907,0.18832391713747645
15172.0,4648,10,67.79661016949153,885.0,18.929694486000912,8.94427190999916,13.416407864998739,0.0,0.0,5.0,6.324555320336758,21.72556098240045,431.66900640718615,0.2911112548697907,0.18832391713747645
15172.0,4648,11,127.65957446808511,470.0,0.0,--,nan,nan,nan,0.0,nan,nan,nan,nan,nan
