patient_id,ecg_id,lead,bpm,ibi,sdnn,sdsd,rmssd,pnn20,pnn50,hr_mad,sd1,sd2,s,sd1/sd2,breathingrate
17003.0,4666,0,54.21686746987952,1106.6666666666667,16.99673171197595,10.198039027185569,18.973665961010276,0.2,0.0,10.0,12.165525060596437,16.370705543744894,625.6740277211512,0.7431277184778868,0.1506024096385542
17003.0,4666,1,54.40414507772021,1102.857142857143,14.846149779161806,5.0,15.811388300841896,0.0,0.0,10.0,9.50146187582615,13.3853153368408,399.54795276283295,0.7098422141520263,0.1295336787564767
17003.0,4666,2,2000.0,30.0,0.0,--,nan,nan,nan,0.0,nan,nan,nan,nan,nan
17003.0,4666,3,54.40414507772021,1102.857142857143,14.846149779161806,5.0,15.811388300841896,0.0,0.0,10.0,9.50146187582615,13.3853153368408,399.54795276283295,0.7098422141520263,0.1295336787564767
17003.0,4666,4,54.40414507772021,1102.857142857143,14.846149779161806,5.0,15.811388300841896,0.0,0.0,10.0,9.50146187582615,13.3853153368408,399.54795276283295,0.7098422141520263,0.1295336787564767
17003.0,4666,5,54.40414507772021,1102.857142857143,14.846149779161806,5.0,15.811388300841896,0.0,0.0,10.0,9.50146187582615,13.3853153368408,399.54795276283295,0.7098422141520263,0.1295336787564767
17003.0,4666,6,54.21686746987952,1106.6666666666667,16.99673171197595,10.198039027185569,18.973665961010276,0.2,0.0,10.0,12.165525060596437,16.370705543744894,625.6740277211512,0.7431277184778868,0.1506024096385542
17003.0,4666,7,54.40414507772021,1102.857142857143,14.846149779161806,5.0,15.811388300841896,0.0,0.0,10.0,9.50146187582615,13.3853153368408,399.54795276283295,0.7098422141520263,0.1295336787564767
17003.0,4666,8,54.21686746987952,1106.6666666666667,12.472191289246473,4.898979485566356,14.832396974191326,0.0,0.0,5.0,9.591663046625438,11.832159566199191,356.5396256884079,0.8106434833777802,0.1506024096385542
17003.0,4666,9,54.40414507772021,1102.857142857143,14.846149779161806,5.0,15.811388300841896,0.0,0.0,10.0,9.50146187582615,13.3853153368408,399.54795276283295,0.7098422141520263,0.1295336787564767
17003.0,4666,10,54.483541430192965,1101.25,14.523687548277813,4.948716593053935,15.118578920369089,0.0,0.0,10.0,9.89743318610787,15.118578920369059,470.0926085809756,0.6546536707079784,0.22701475595913734
17003.0,4666,11,54.483541430192965,1101.25,14.523687548277813,4.948716593053935,15.118578920369089,0.0,0.0,10.0,9.89743318610787,15.118578920369059,470.0926085809756,0.6546536707079784,0.22701475595913734
