patient_id,ecg_id,lead,bpm,ibi,sdnn,sdsd,rmssd,pnn20,pnn50,hr_mad,sd1,sd2,s,sd1/sd2,breathingrate
534.0,4730,0,80.83832335329342,742.2222222222222,4.15739709641549,4.948716593053935,7.559289460184544,0.0,0.0,0.0,5.3452248382484875,3.4992710611187414,58.76157607262065,1.5275252316519834,0.29940119760479045
534.0,4730,1,80.86253369272237,742.0,4.0,4.841229182759271,6.123724356957945,0.0,0.0,0.0,4.238956239453292,3.4232659844072058,45.58788568549992,1.2382783747338102,0.4043126684636118
534.0,4730,2,80.78335373317013,742.7272727272727,4.453617714151233,4.898979485566356,7.745966692414834,0.0,0.0,0.0,5.47722557505166,3.4641016151376713,59.607529594775166,1.5811388300842275,0.24479804161566707
534.0,4730,3,241.3793103448276,248.57142857142858,122.75743462251906,15.0,185.60711193270586,1.0,1.0,110.0,10.606601717798206,130.81475451951127,4358.959806855834,0.08108108108108104,0.5747126436781609
534.0,4730,4,80.78335373317013,742.7272727272727,4.453617714151233,4.898979485566356,7.745966692414834,0.0,0.0,0.0,5.47722557505166,3.4641016151376713,59.607529594775166,1.5811388300842275,0.24479804161566707
534.0,4730,5,80.8080808080808,742.5,4.330127018922194,4.948716593053935,7.559289460184544,0.0,0.0,0.0,5.3452248382484875,3.4992710611187414,58.76157607262065,1.5275252316519834,0.33670033670033667
534.0,4730,6,80.71748878923766,743.3333333333334,4.714045207910317,4.841229182759271,7.905694150420948,0.0,0.0,0.0,5.519850541454904,3.4232659844072058,59.36327276578476,1.6124515496597487,0.14947683109118085
534.0,4730,7,80.78335373317013,742.7272727272727,4.453617714151233,4.898979485566356,7.745966692414834,0.0,0.0,0.0,5.47722557505166,3.4641016151376713,59.607529594775166,1.5811388300842275,0.3671970624235006
534.0,4730,8,80.78335373317013,742.7272727272727,4.453617714151233,4.898979485566356,7.745966692414834,0.0,0.0,0.0,5.47722557505166,3.4641016151376713,59.607529594775166,1.5811388300842275,0.24479804161566707
534.0,4730,9,80.83832335329342,742.2222222222222,4.15739709641549,4.948716593053935,7.559289460184544,0.0,0.0,0.0,5.3452248382484875,3.4992710611187414,58.76157607262065,1.5275252316519834,0.29940119760479045
534.0,4730,10,80.86253369272237,742.0,4.0,4.969039949999533,6.666666666666667,0.0,0.0,0.0,4.714045207910316,3.5136418446314477,52.03566467437449,1.341640786499906,0.4043126684636118
534.0,4730,11,81.08108108108108,740.0,0.0,0.0,0.0,0.0,0.0,0.0,0.0,0.0,0.0,nan,0.16891891891891891
