patient_id,ecg_id,lead,bpm,ibi,sdnn,sdsd,rmssd,pnn20,pnn50,hr_mad,sd1,sd2,s,sd1/sd2,breathingrate
2473.0,4728,0,74.16563658838072,809.0,9.433981132056603,6.285393610547089,10.0,0.0,0.0,10.0,7.027283689263065,11.547005383792532,254.92165375757708,0.6085806194501836,0.12360939431396786
2473.0,4728,1,74.07407407407408,810.0,17.728105208558365,7.0710678118654755,12.24744871391589,0.0,0.0,10.0,8.660254037844386,7.905694150420936,215.090145357955,1.095445115010334,0.1763668430335097
2473.0,4728,2,73.61963190184049,815.0,16.583123951777,7.453559924999299,18.257418583505537,0.16666666666666666,0.0,5.0,12.909944487358056,15.634719199411483,634.1096073380832,0.8257228238447677,0.3067484662576687
2473.0,4728,3,nan,nan,nan,--,nan,nan,nan,nan,nan,nan,nan,nan,nan
2473.0,4728,4,74.27785419532324,807.7777777777778,12.27262335243029,9.682458365518542,15.811388300841896,0.125,0.0,10.0,11.039701082909808,13.693063937629177,474.90618212629033,0.8062257748298535,0.1375515818431912
2473.0,4728,5,74.27785419532324,807.7777777777778,9.162456945817024,6.614378277661476,10.0,0.0,0.0,10.0,7.071067811865475,11.726039399558582,260.48710190235795,0.6030226891555268,0.1375515818431912
2473.0,4728,6,74.30340557275542,807.5,9.682458365518542,5.3452248382484875,11.338934190276817,0.0,0.0,10.0,7.953949089757174,11.866605518454392,296.5235459495578,0.6702800625998364,0.15479876160990713
2473.0,4728,7,74.17582417582418,808.8888888888889,11.967032904743343,6.959705453537527,15.411035007422441,0.0,0.0,10.0,10.861341998114229,13.66450694317214,466.2591065729732,0.7948579515736869,0.13736263736263735
2473.0,4728,8,74.17582417582418,808.8888888888889,10.999438818457406,6.959705453537527,15.411035007422441,0.0,0.0,10.0,10.861341998114229,11.692679333668535,398.97657794997974,0.9289010404005087,0.2747252747252747
2473.0,4728,9,74.17582417582418,808.8888888888889,10.999438818457406,6.959705453537527,15.411035007422441,0.0,0.0,10.0,10.861341998114229,11.692679333668535,398.97657794997974,0.9289010404005087,0.2747252747252747
2473.0,4728,10,74.07407407407408,810.0,10.0,5.665577237325317,12.47219128924647,0.0,0.0,10.0,8.819171036881968,10.943175335329013,303.19427437805206,0.8059060342760025,0.1234567901234568
2473.0,4728,11,74.16563658838072,809.0,9.433981132056603,4.714045207910317,11.055415967851333,0.0,0.0,10.0,7.777777777777777,11.05541596785134,270.134772343186,0.7035264706814479,0.24721878862793573
