patient_id,ecg_id,lead,bpm,ibi,sdnn,sdsd,rmssd,pnn20,pnn50,hr_mad,sd1,sd2,s,sd1/sd2,breathingrate
9247.0,4804,0,70.68062827225131,848.8888888888889,18.525924445036743,9.270248108869579,23.18404623873926,0.25,0.0,20.0,16.369751067135994,21.04682280060342,1082.3768439321084,0.7777777777777778,0.2617801047120419
9247.0,4804,1,70.75471698113208,848.0,19.8997487421324,12.570787221094179,27.48737083745107,0.5555555555555556,0.0,5.0,19.436506316151,22.054925823643572,1346.7087378680333,0.8812773378414384,0.23584905660377356
9247.0,4804,2,197.8021978021978,303.3333333333333,103.38708279513882,0.0,50.0,1.0,0.0,50.0,0.0,0.0,0.0,nan,nan
9247.0,4804,3,70.94594594594595,845.7142857142857,15.907898179514348,7.4535599249993,15.275252316519467,0.0,0.0,10.0,10.540925533894596,20.682789409984746,684.9166565878877,0.5096471914376258,0.16891891891891891
9247.0,4804,4,70.68062827225131,848.8888888888889,17.916128329552333,12.24744871391589,23.45207879911715,0.375,0.0,20.0,16.583123951776997,20.615528128088314,1074.0158352544527,0.8043996665398432,0.2617801047120419
9247.0,4804,5,70.75471698113208,848.0,17.776388834631177,11.547005383792516,23.094010767585033,0.3333333333333333,0.0,15.0,16.329931618554518,20.487876571761976,1051.0689046996222,0.7970533969860855,0.23584905660377356
9247.0,4804,6,nan,nan,nan,--,nan,nan,nan,nan,nan,nan,nan,nan,nan
9247.0,4804,7,nan,nan,nan,--,nan,nan,nan,nan,nan,nan,nan,nan,nan
9247.0,4804,8,70.75471698113208,848.0,19.8997487421324,12.570787221094179,27.48737083745107,0.5555555555555556,0.0,5.0,19.436506316151,22.054925823643572,1346.7087378680333,0.8812773378414384,0.23584905660377356
9247.0,4804,9,70.68062827225131,848.8888888888889,15.947444549341471,7.0710678118654755,16.583123951777,0.0,0.0,10.0,11.592023119369628,19.685019685029502,716.8775246972782,0.5888753633396356,0.2617801047120419
9247.0,4804,10,70.68062827225131,848.8888888888889,15.947444549341471,7.0710678118654755,16.583123951777,0.0,0.0,10.0,11.592023119369628,19.685019685029502,716.8775246972782,0.5888753633396356,0.2617801047120419
9247.0,4804,11,70.75471698113208,848.0,17.204650534085253,12.47219128924647,20.816659994661325,0.2222222222222222,0.0,10.0,14.69861839480328,19.845078999435266,916.3876332103614,0.740668172458349,0.23584905660377356
