patient_id,ecg_id,lead,bpm,ibi,sdnn,sdsd,rmssd,pnn20,pnn50,hr_mad,sd1,sd2,s,sd1/sd2,breathingrate
18702.0,4850,0,60.3448275862069,994.2857142857143,15.907898179514348,12.909944487358056,23.804761428476166,0.3333333333333333,0.0,10.0,16.666666666666664,16.158932858054396,846.07974594524,1.0314212462587955,0.14367816091954022
18702.0,4850,1,60.2258469259724,996.25,19.96089927833914,15.518257844571735,26.457513110645905,0.2857142857142857,0.0,10.0,18.461211404742976,21.71240593367236,1259.2675673782862,0.8502609734332887,0.12547051442910917
18702.0,4850,2,nan,nan,nan,--,nan,nan,nan,nan,nan,nan,nan,nan,nan
18702.0,4850,3,nan,nan,nan,--,nan,nan,nan,nan,nan,nan,nan,nan,nan
18702.0,4850,4,60.3448275862069,994.2857142857143,15.907898179514348,12.909944487358056,23.804761428476166,0.3333333333333333,0.0,10.0,16.666666666666664,16.158932858054396,846.07974594524,1.0314212462587955,0.14367816091954022
18702.0,4850,5,60.3448275862069,994.2857142857143,15.907898179514348,12.909944487358056,23.804761428476166,0.3333333333333333,0.0,10.0,16.666666666666664,16.158932858054396,846.07974594524,1.0314212462587955,0.14367816091954022
18702.0,4850,6,59.85037406483791,1002.5,8.2915619758885,4.714045207910316,17.320508075688775,0.0,0.0,5.0,12.018504251546629,3.33333333333336,125.8574822126563,3.60555127546396,0.24937655860349128
18702.0,4850,7,60.17191977077364,997.1428571428571,21.18913853455903,14.624940645653535,23.45207879911715,0.16666666666666666,0.0,10.0,14.385563751360054,17.519830034690514,791.7838647697877,0.8211017871106975,0.14326647564469913
18702.0,4850,8,60.3448275862069,994.2857142857143,15.907898179514348,12.909944487358056,23.804761428476166,0.3333333333333333,0.0,10.0,16.666666666666664,16.158932858054396,846.07974594524,1.0314212462587955,0.14367816091954022
18702.0,4850,9,60.2258469259724,996.25,19.324531042175384,18.070158058105026,25.911938781738648,0.2857142857142857,0.0,5.0,18.070158058105026,20.701966780270592,1175.2315214524397,0.872871560943971,0.12547051442910917
18702.0,4850,10,60.2258469259724,996.25,19.96089927833914,15.518257844571735,26.457513110645905,0.2857142857142857,0.0,10.0,18.461211404742976,21.71240593367236,1259.2675673782862,0.8502609734332887,0.12547051442910917
18702.0,4850,11,60.2258469259724,996.25,18.666480653835098,21.85294077254051,27.774602993176543,0.2857142857142857,0.14285714285714285,10.0,19.535420473110488,19.430672155336346,1192.5056905410852,1.0053908746407094,0.12547051442910917
