patient_id,ecg_id,lead,bpm,ibi,sdnn,sdsd,rmssd,pnn20,pnn50,hr_mad,sd1,sd2,s,sd1/sd2,breathingrate
9553.0,4873,0,53.65126676602087,1118.3333333333333,10.671873729054749,6.324555320336759,11.832159566199232,0.0,0.0,5.0,7.211102550927977,9.59166304662543,217.2928610304797,0.7518094115561129,0.14903129657228018
9553.0,4873,1,53.63984674329502,1118.5714285714287,9.89743318610787,6.871842709362768,13.5400640077266,0.0,0.0,10.0,9.501461875826148,11.11805338677193,331.87081197603305,0.8545976121261323,0.2554278416347382
9553.0,4873,2,53.63984674329502,1118.5714285714287,9.89743318610787,8.975274678557506,12.24744871391589,0.0,0.0,10.0,8.579691784155832,11.843892002959906,319.23904132701335,0.7243980088649645,0.3831417624521073
9553.0,4873,3,53.65126676602087,1118.3333333333333,10.671873729054749,6.324555320336759,11.832159566199232,0.0,0.0,5.0,7.211102550927977,9.59166304662543,217.2928610304797,0.7518094115561129,0.14903129657228018
9553.0,4873,4,nan,nan,nan,--,nan,nan,nan,nan,nan,nan,nan,nan,nan
9553.0,4873,5,53.63984674329502,1118.5714285714287,9.89743318610787,6.871842709362768,13.5400640077266,0.0,0.0,10.0,9.501461875826148,11.11805338677193,331.87081197603305,0.8545976121261323,0.2554278416347382
9553.0,4873,6,53.65126676602087,1118.3333333333333,6.871842709362768,4.0,8.94427190999916,0.0,0.0,5.0,5.65685424949238,5.656854249492324,100.53096491487237,1.00000000000001,0.29806259314456035
9553.0,4873,7,53.57142857142857,1120.0,7.559289460184544,4.714045207910317,8.16496580927726,0.0,0.0,10.0,5.270462766947298,8.164965809277227,135.19262253245316,0.6454972243679054,0.12755102040816327
9553.0,4873,8,nan,nan,nan,--,nan,nan,nan,nan,nan,nan,nan,nan,nan
9553.0,4873,9,nan,nan,nan,--,nan,nan,nan,nan,nan,nan,nan,nan,nan
9553.0,4873,10,53.66726296958855,1118.0,7.483314773547883,0.0,10.0,0.0,0.0,10.0,6.666666666666666,0.0,0.0,inf,0.17889087656529518
9553.0,4873,11,53.51170568561873,1121.25,7.806247497997997,4.948716593053935,7.559289460184544,0.0,0.0,10.0,4.948716593053935,9.035079029052486,140.4670337031541,0.5477225575051676,0.11148272017837234
