patient_id,ecg_id,lead,bpm,ibi,sdnn,sdsd,rmssd,pnn20,pnn50,hr_mad,sd1,sd2,s,sd1/sd2,breathingrate
2078.0,4938,0,76.30057803468208,786.3636363636364,4.810456929208347,5.0,7.0710678118654755,0.0,0.0,0.0,4.949747468305833,4.527692569068745,70.40602822519682,1.0932163332202336,0.23121387283236994
2078.0,4938,1,76.27118644067797,786.6666666666666,4.714045207910317,5.0,7.0710678118654755,0.0,0.0,0.0,5.0,3.535533905932766,55.53603672698002,1.4142135623730836,0.2824858757062147
2078.0,4938,2,nan,nan,nan,--,nan,nan,nan,nan,nan,nan,nan,nan,nan
2078.0,4938,3,76.27118644067797,786.6666666666666,4.714045207910317,4.948716593053935,6.546536707079771,0.0,0.0,0.0,4.517539514526256,4.948716593053975,70.23351685157782,0.9128709291752694,0.2824858757062147
2078.0,4938,4,76.21247113163973,787.2727272727273,4.453617714151233,4.898979485566356,7.745966692414834,0.0,0.0,0.0,5.47722557505166,3.4641016151377824,59.60752959477707,1.5811388300841767,0.3464203233256351
2078.0,4938,5,76.19047619047619,787.5,4.330127018922194,4.948716593053935,6.546536707079771,0.0,0.0,0.0,4.517539514526256,3.499271061118854,49.662596032330335,1.290994448735795,0.15873015873015872
2078.0,4938,6,76.27118644067797,786.6666666666666,4.714045207910317,5.0,7.0710678118654755,0.0,0.0,0.0,5.0,3.535533905932766,55.53603672698002,1.4142135623730836,0.2824858757062147
2078.0,4938,7,76.27118644067797,786.6666666666666,4.714045207910317,5.0,7.0710678118654755,0.0,0.0,0.0,5.0,3.535533905932766,55.53603672698002,1.4142135623730836,0.2824858757062147
2078.0,4938,8,76.30057803468208,786.3636363636364,4.810456929208347,5.0,7.0710678118654755,0.0,0.0,0.0,4.949747468305833,4.527692569068745,70.40602822519682,1.0932163332202336,0.23121387283236994
2078.0,4938,9,76.27118644067797,786.6666666666666,4.714045207910317,4.841229182759271,6.123724356957945,0.0,0.0,0.0,4.238956239453292,4.921254921257422,65.5367148802891,0.8613567692141019,0.14124293785310735
2078.0,4938,10,76.33587786259542,786.0,4.898979485566356,4.969039949999533,6.666666666666667,0.0,0.0,0.0,4.714045207910316,4.714045207910355,69.81317007977374,0.9999999999999917,0.2544529262086514
2078.0,4938,11,76.27118644067797,786.6666666666666,4.714045207910317,5.0,7.0710678118654755,0.0,0.0,0.0,5.0,3.535533905932766,55.53603672698002,1.4142135623730836,0.2824858757062147
