patient_id,ecg_id,lead,bpm,ibi,sdnn,sdsd,rmssd,pnn20,pnn50,hr_mad,sd1,sd2,s,sd1/sd2,breathingrate
5285.0,4965,0,68.80733944954129,872.0,10.770329614269007,7.370277311900889,13.333333333333334,0.0,0.0,10.0,9.296222517045283,12.069756101333564,352.4965554468396,0.7702079842374082,0.2293577981651376
5285.0,4965,1,68.87755102040816,871.1111111111111,12.862041003100252,8.2915619758885,15.0,0.125,0.0,10.0,9.999999999999998,12.624381172952576,396.606631490651,0.7921180343813407,0.38265306122448983
5285.0,4965,2,69.12442396313364,868.0,13.2664991614216,5.994789404140899,10.606601717798213,0.0,0.0,10.0,7.447734554883114,15.181197251863876,355.2058301196452,0.49058940683803554,0.2304147465437788
5285.0,4965,3,127.65957446808511,470.0,0.0,--,nan,nan,nan,0.0,nan,nan,nan,nan,nan
5285.0,4965,4,68.80733944954129,872.0,10.770329614269007,7.370277311900889,13.333333333333334,0.0,0.0,10.0,9.296222517045283,12.069756101333564,352.4965554468396,0.7702079842374082,0.2293577981651376
5285.0,4965,5,68.70229007633587,873.3333333333334,10.540925533894598,6.614378277661476,14.142135623730951,0.0,0.0,10.0,9.842509842514762,11.039701082909788,341.3603261578298,0.8915558282417302,0.2544529262086514
5285.0,4965,6,68.96551724137932,870.0,11.547005383792516,9.270248108869579,14.577379737113251,0.125,0.0,10.0,9.960860906568266,11.422291801560638,357.43740552213603,0.8720544948087655,0.3831417624521073
5285.0,4965,7,68.80733944954129,872.0,10.770329614269007,7.370277311900889,13.333333333333334,0.0,0.0,10.0,9.296222517045283,12.069756101333564,352.4965554468396,0.7702079842374082,0.2293577981651376
5285.0,4965,8,68.80733944954129,872.0,10.770329614269007,7.370277311900889,13.333333333333334,0.0,0.0,10.0,9.296222517045283,12.069756101333564,352.4965554468396,0.7702079842374082,0.2293577981651376
5285.0,4965,9,68.80733944954129,872.0,10.770329614269007,7.370277311900889,13.333333333333334,0.0,0.0,10.0,9.296222517045283,12.069756101333564,352.4965554468396,0.7702079842374082,0.2293577981651376
5285.0,4965,10,68.80733944954129,872.0,10.770329614269007,7.370277311900889,13.333333333333334,0.0,0.0,10.0,9.296222517045283,12.069756101333564,352.4965554468396,0.7702079842374082,0.2293577981651376
5285.0,4965,11,68.70229007633587,873.3333333333334,10.540925533894598,6.614378277661476,14.142135623730951,0.0,0.0,10.0,9.842509842514762,11.039701082909788,341.3603261578298,0.8915558282417302,0.2544529262086514
