patient_id,ecg_id,lead,bpm,ibi,sdnn,sdsd,rmssd,pnn20,pnn50,hr_mad,sd1,sd2,s,sd1/sd2,breathingrate
14162.0,5070,0,56.52759084791387,1061.4285714285713,20.303814862216992,13.43709624716425,34.39961240091716,0.6666666666666666,0.16666666666666666,20.0,24.29563289518875,17.03754025021738,1300.4240248990504,1.4260058986436592,0.2691790040376851
14162.0,5070,1,nan,nan,nan,--,nan,nan,nan,nan,nan,nan,nan,nan,nan
14162.0,5070,2,nan,nan,nan,--,nan,nan,nan,nan,nan,nan,nan,nan,nan
14162.0,5070,3,57.142857142857146,1050.0,28.284271247461902,0.0,60.0,1.0,1.0,0.0,42.426406871192846,0.0,0.0,inf,nan
14162.0,5070,4,56.30026809651474,1065.7142857142858,24.411439272335805,14.142135623730951,33.166247903554,0.5,0.16666666666666666,20.0,22.360679774997894,23.094010767585043,1622.3114703894453,0.9682458365518536,0.13404825737265416
14162.0,5070,5,117.6470588235294,510.0,50.0,0.0,100.0,1.0,1.0,50.0,0.0,0.0,0.0,nan,nan
14162.0,5070,6,56.426332288401255,1063.3333333333333,25.603819159562025,16.393596310755,36.40054944640259,0.5,0.25,25.0,25.67829823021767,20.233017570298298,1632.2127644108682,1.269128450118728,0.15673981191222572
14162.0,5070,7,56.28517823639775,1066.0,23.323807579381203,16.583123951777,38.72983346207417,0.5,0.25,20.0,27.156951228000537,20.9165006633519,1784.5138119496278,1.2983506020002007,0.18761726078799248
14162.0,5070,8,55.987558320373246,1071.6666666666667,24.094720491334932,17.204650534085253,32.863353450309965,0.4,0.2,15.0,23.065125189341586,25.53429066960745,1850.2460541721116,0.9033000167416115,0.15552099533437014
14162.0,5070,9,56.22489959839358,1067.142857142857,24.327694808466287,20.548046676563256,31.09126351029605,0.5,0.0,20.0,20.816659994661325,24.381231397213035,1594.4707540559905,0.8537985492004654,0.13386880856760375
14162.0,5070,10,56.22489959839358,1067.142857142857,24.327694808466287,20.548046676563256,31.09126351029605,0.5,0.0,20.0,20.816659994661325,24.381231397213035,1594.4707540559905,0.8537985492004654,0.13386880856760375
14162.0,5070,11,56.22489959839358,1067.142857142857,25.475077857324294,16.32993161855452,34.15650255319866,0.5,0.16666666666666666,20.0,23.09401076758503,25.055493963954877,1817.8255608958254,0.9217144471710811,0.13386880856760375
