patient_id,ecg_id,lead,bpm,ibi,sdnn,sdsd,rmssd,pnn20,pnn50,hr_mad,sd1,sd2,s,sd1/sd2,breathingrate
14815.0,5186,0,77.82101167315174,771.0,12.206555615733702,7.370277311900889,11.547005383792516,0.0,0.0,10.0,8.012336167697754,15.555555555555523,391.5566113282601,0.5150787536377138,0.2594033722438392
14815.0,5186,1,77.6470588235294,772.7272727272727,12.128785512842123,8.306623862918075,13.784048752090222,0.0,0.0,10.0,9.721111047611789,14.916433890176242,455.54447591690047,0.6517047653068055,0.11764705882352941
14815.0,5186,2,nan,nan,nan,--,nan,nan,nan,nan,nan,nan,nan,nan,nan
14815.0,5186,3,nan,nan,nan,--,nan,nan,nan,nan,nan,nan,nan,nan,nan
14815.0,5186,4,77.51937984496124,774.0,12.0,8.2915619758885,11.180339887498949,0.0,0.0,5.0,7.705517503711221,13.578475614000231,328.7022680061603,0.5674803065350256,0.25839793281653745
14815.0,5186,5,339.622641509434,176.66666666666666,4.714045207910316,--,nan,nan,nan,0.0,nan,nan,nan,nan,nan
14815.0,5186,6,nan,nan,nan,--,nan,nan,nan,nan,nan,nan,nan,nan,nan
14815.0,5186,7,77.80979827089338,771.1111111111111,11.967032904743343,7.0710678118654755,8.660254037844387,0.0,0.0,10.0,5.8630196997792865,16.10512340840635,296.64380501315185,0.3640468657768236,0.1440922190201729
14815.0,5186,8,77.6470588235294,772.7272727272727,12.128785512842123,8.306623862918075,13.784048752090222,0.0,0.0,10.0,9.721111047611789,14.916433890176242,455.54447591690047,0.6517047653068055,0.11764705882352941
14815.0,5186,9,77.6470588235294,772.7272727272727,12.128785512842123,8.306623862918075,13.784048752090222,0.0,0.0,10.0,9.721111047611789,14.916433890176242,455.54447591690047,0.6517047653068055,0.11764705882352941
14815.0,5186,10,77.6470588235294,772.7272727272727,11.354541815269815,8.306623862918075,12.24744871391589,0.0,0.0,10.0,8.631338250816034,14.230249470757665,385.86956267103193,0.606548625064721,0.11764705882352941
14815.0,5186,11,77.6470588235294,772.7272727272727,11.354541815269815,8.306623862918075,12.24744871391589,0.0,0.0,10.0,8.631338250816034,14.230249470757665,385.86956267103193,0.606548625064721,0.11764705882352941
