patient_id,ecg_id,lead,bpm,ibi,sdnn,sdsd,rmssd,pnn20,pnn50,hr_mad,sd1,sd2,s,sd1/sd2,breathingrate
15463.0,5222,0,68.57142857142857,875.0,26.1725046566048,6.666666666666667,17.950549357115012,0.1111111111111111,0.0,15.0,10.540925533894596,29.772802237720594,985.9351058357563,0.354045462356237,0.22857142857142856
15463.0,5222,1,68.26801517067004,878.8888888888889,24.69567863432541,6.959705453537527,17.67766952966369,0.125,0.0,20.0,10.861341998114227,28.92609116351535,987.0135438211498,0.37548599071739436,0.1264222503160556
15463.0,5222,2,nan,nan,nan,--,nan,nan,nan,nan,nan,nan,nan,nan,nan
15463.0,5222,3,nan,nan,nan,--,nan,nan,nan,nan,nan,nan,nan,nan,nan
15463.0,5222,4,68.76790830945559,872.5,20.463381929681123,11.78030178747903,19.639610121239315,0.2857142857142857,0.0,10.0,12.936264483053451,23.123448651769504,939.7479013481822,0.5594435621549692,0.28653295128939826
15463.0,5222,5,68.26801517067004,878.8888888888889,25.579698740491864,11.110243021644486,19.685019685029527,0.25,0.0,20.0,12.4687108395375,29.98697633973791,1174.6381534513732,0.4158042044077085,0.2528445006321112
15463.0,5222,6,68.08510638297872,881.25,25.21780125229002,8.80630571852711,15.583874449479593,0.14285714285714285,0.0,15.0,6.226998490772391,27.367491515240047,535.3818268252837,0.22753267274440486,0.14184397163120568
15463.0,5222,7,67.6328502415459,887.1428571428571,22.49716535431946,12.583057392117917,19.578900207451216,0.3333333333333333,0.0,10.0,11.118053386771944,23.59967043084387,824.2986069519908,0.47111053602854863,0.1610305958132045
15463.0,5222,8,68.26801517067004,878.8888888888889,25.579698740491864,11.110243021644486,19.685019685029527,0.25,0.0,20.0,12.4687108395375,29.98697633973791,1174.6381534513732,0.4158042044077085,0.2528445006321112
15463.0,5222,9,68.26801517067004,878.8888888888889,24.69567863432541,6.959705453537527,17.67766952966369,0.125,0.0,20.0,10.861341998114227,28.92609116351535,987.0135438211498,0.37548599071739436,0.1264222503160556
15463.0,5222,10,68.26801517067004,878.8888888888889,25.579698740491864,9.921567416492215,19.03943276465977,0.25,0.0,20.0,11.956954043568118,30.194680822952932,1134.229336351165,0.39599537791698936,0.2528445006321112
15463.0,5222,11,70.58823529411765,850.0,10.0,0.0,20.0,0.0,0.0,10.0,0.0,0.0,0.0,nan,nan
