patient_id,ecg_id,lead,bpm,ibi,sdnn,sdsd,rmssd,pnn20,pnn50,hr_mad,sd1,sd2,s,sd1/sd2,breathingrate
15622.0,5279,0,83.33333333333333,720.0,0.0,0.0,0.0,0.0,0.0,0.0,0.0,0.0,0.0,nan,0.23148148148148145
15622.0,5279,1,83.62369337979094,717.5,5.951190357119041,7.158188976374373,10.87114613009218,0.0,0.0,0.0,7.660136157433054,3.5208939510976234,84.7304096791941,2.175622516277447,0.34843205574912894
15622.0,5279,2,1000.0,60.0,0.0,--,nan,nan,nan,0.0,nan,nan,nan,nan,nan
15622.0,5279,3,nan,nan,nan,--,nan,nan,nan,nan,nan,nan,nan,nan,nan
15622.0,5279,4,83.65019011406844,717.2727272727273,4.453617714151233,4.58257569495584,5.477225575051661,0.0,0.0,0.0,3.8078865529319543,4.743416490252557,56.744677599360685,0.8027729719194885,0.25348542458808615
15622.0,5279,5,83.62369337979094,717.5,4.330127018922194,4.453617714151233,5.222329678670935,0.0,0.0,0.0,3.6363636363636354,4.635472285084337,52.95551155178196,0.7844645405527382,0.34843205574912894
15622.0,5279,6,83.62369337979094,717.5,4.330127018922194,4.453617714151233,5.222329678670935,0.0,0.0,0.0,3.6363636363636354,4.635472285084337,52.95551155178196,0.7844645405527382,0.34843205574912894
15622.0,5279,7,83.62369337979094,717.5,4.330127018922194,4.453617714151233,5.222329678670935,0.0,0.0,0.0,3.6363636363636354,4.635472285084337,52.95551155178196,0.7844645405527382,0.34843205574912894
15622.0,5279,8,83.65019011406844,717.2727272727273,4.453617714151233,5.0,7.0710678118654755,0.0,0.0,0.0,4.949747468305833,3.5355339059327093,54.97787143782094,1.4000000000000112,0.25348542458808615
15622.0,5279,9,83.62369337979094,717.5,5.951190357119041,5.749595745760689,10.0,0.0,0.0,0.0,7.041787902195303,4.635472285084313,102.54790716497249,1.519109050625512,0.34843205574912894
15622.0,5279,10,83.60128617363344,717.6923076923077,4.213250442347432,4.330127018922194,5.0,0.0,0.0,0.0,3.486083443891981,4.526158538000076,49.5698281097117,0.77020798423741,0.3215434083601286
15622.0,5279,11,83.65019011406844,717.2727272727273,4.453617714151233,4.969039949999533,6.666666666666667,0.0,0.0,0.0,4.714045207910316,3.5136418446315045,52.035664674375326,1.3416407864998843,0.12674271229404308
