patient_id,ecg_id,lead,bpm,ibi,sdnn,sdsd,rmssd,pnn20,pnn50,hr_mad,sd1,sd2,s,sd1/sd2,breathingrate
16192.0,5327,0,83.65019011406844,717.2727272727273,4.453617714151233,4.0,4.47213595499958,0.0,0.0,0.0,3.162277660168379,5.656854249492374,56.19851784832574,0.559016994374948,0.12674271229404308
16192.0,5327,1,83.52668213457076,718.3333333333334,5.527707983925667,4.453617714151233,5.222329678670935,0.0,0.0,0.0,3.6363636363636362,6.298366572977721,71.95237147375391,0.5773502691896271,0.23201856148491876
16192.0,5327,2,461.53846153846155,130.0,0.0,--,nan,nan,nan,0.0,nan,nan,nan,nan,nan
16192.0,5327,3,nan,nan,nan,--,nan,nan,nan,nan,nan,nan,nan,nan,nan
16192.0,5327,4,83.56545961002786,718.0,6.0,4.948716593053935,6.546536707079771,0.0,0.0,0.0,4.517539514526256,6.388765649999376,90.67108037057857,0.7071067811865499,0.2785515320334262
16192.0,5327,5,83.49900596421472,718.5714285714286,3.499271061118826,4.330127018922194,5.0,0.0,0.0,0.0,3.061862178478972,3.061862178478948,29.45243112740407,1.0000000000000078,0.19880715705765406
16192.0,5327,6,83.68200836820084,717.0,4.58257569495584,4.15739709641549,4.714045207910317,0.0,0.0,0.0,3.333333333333333,5.773502691896253,60.459978807807204,0.5773502691896262,0.1394700139470014
16192.0,5327,7,nan,nan,nan,--,nan,nan,nan,nan,nan,nan,nan,nan,nan
16192.0,5327,8,83.65019011406844,717.2727272727273,4.453617714151233,4.58257569495584,5.477225575051661,0.0,0.0,0.0,3.8078865529319543,4.743416490252557,56.744677599360685,0.8027729719194885,0.12674271229404308
16192.0,5327,9,83.62369337979094,717.5,4.330127018922194,4.453617714151233,5.222329678670935,0.0,0.0,0.0,3.6363636363636354,4.635472285084337,52.95551155178196,0.7844645405527382,0.23228803716608595
16192.0,5327,10,83.68200836820084,717.0,4.58257569495584,4.969039949999533,6.666666666666667,0.0,0.0,0.0,4.714045207910316,4.714045207910305,69.81317007977299,1.0000000000000024,0.41841004184100417
16192.0,5327,11,83.5117773019272,718.4615384615385,5.32938710021193,5.0,7.0710678118654755,0.0,0.0,0.0,5.0,6.009252125773286,94.39311165949101,0.8320502943378477,0.10706638115631692
