patient_id,ecg_id,lead,bpm,ibi,sdnn,sdsd,rmssd,pnn20,pnn50,hr_mad,sd1,sd2,s,sd1/sd2,breathingrate
11978.0,5516,0,48.64864864864865,1233.3333333333333,9.428090415820634,6.324555320336759,11.832159566199232,0.0,0.0,5.0,8.246211251235321,9.999999999999984,259.0623668683034,0.8246211251235335,0.13513513513513511
11978.0,5516,1,48.54368932038835,1236.0,12.0,8.2915619758885,15.0,0.0,0.0,10.0,10.458250331675943,12.62438117295261,414.7811435331991,0.8284168695795131,0.16181229773462785
11978.0,5516,2,48.38709677419355,1240.0,12.24744871391589,8.16496580927726,12.909944487358056,0.0,0.0,5.0,5.773502691896257,12.018504251546654,217.99155370501563,0.4803844614152605,0.20161290322580647
11978.0,5516,3,nan,nan,nan,--,nan,nan,nan,nan,nan,nan,nan,nan,nan
11978.0,5516,4,48.78048780487805,1230.0,8.16496580927726,8.2915619758885,11.180339887498949,0.0,0.0,10.0,5.863019699779287,7.705517503711218,141.92961916101987,0.7608859102526825,0.13550135501355015
11978.0,5516,5,48.46526655896607,1238.0,11.661903789690601,11.180339887498949,18.708286933869708,0.25,0.0,0.0,13.228756555322953,11.180339887498967,464.647819615922,1.1832159566199212,0.16155088852988692
11978.0,5516,6,48.64864864864865,1233.3333333333333,14.9071198499986,10.198039027185569,18.973665961010276,0.2,0.0,5.0,13.114877048604,15.099668870541526,622.1305379043224,0.8685539504902836,0.13513513513513511
11978.0,5516,7,48.64864864864865,1233.3333333333333,13.743685418725535,14.966629547095765,20.493901531919196,0.2,0.0,10.0,14.422205101855955,14.142135623730974,640.7616897765646,1.019803902718555,0.13513513513513511
11978.0,5516,8,48.64864864864865,1233.3333333333333,13.743685418725535,14.966629547095765,20.493901531919196,0.2,0.0,10.0,14.422205101855955,14.142135623730974,640.7616897765646,1.019803902718555,0.13513513513513511
11978.0,5516,9,48.38709677419355,1240.0,12.24744871391589,8.16496580927726,12.909944487358056,0.0,0.0,5.0,5.773502691896257,12.018504251546654,217.99155370501563,0.4803844614152605,0.20161290322580647
11978.0,5516,10,nan,nan,nan,--,nan,nan,nan,nan,nan,nan,nan,nan,nan
11978.0,5516,11,48.64864864864865,1233.3333333333333,9.428090415820634,6.324555320336759,11.832159566199232,0.0,0.0,5.0,8.246211251235321,9.999999999999984,259.0623668683034,0.8246211251235335,0.13513513513513511
