patient_id,ecg_id,lead,bpm,ibi,sdnn,sdsd,rmssd,pnn20,pnn50,hr_mad,sd1,sd2,s,sd1/sd2,breathingrate
16059.0,5515,0,70.58823529411765,850.0,14.142135623730951,12.24744871391589,15.811388300841896,0.25,0.0,10.0,8.660254037844386,14.577379737113258,396.6066314906519,0.5940885257860042,0.196078431372549
16059.0,5515,1,70.68062827225131,848.8888888888889,10.999438818457408,9.270248108869579,14.577379737113251,0.125,0.0,10.0,10.269797953221863,10.269797953221891,331.33985018329935,0.9999999999999972,0.2617801047120419
16059.0,5515,2,nan,nan,nan,--,nan,nan,nan,nan,nan,nan,nan,nan,nan
16059.0,5515,3,nan,nan,nan,--,nan,nan,nan,nan,nan,nan,nan,nan,nan
16059.0,5515,4,70.75471698113208,848.0,11.661903789690601,4.714045207910316,14.142135623730951,0.0,0.0,5.0,10.0,13.653561919382753,428.9392982126621,0.7324096128940453,0.23584905660377356
16059.0,5515,5,70.75471698113208,848.0,10.770329614269007,5.665577237325317,12.47219128924647,0.0,0.0,10.0,8.819171036881968,12.813958438523095,355.0266455236065,0.688247201611686,0.23584905660377356
16059.0,5515,6,70.75471698113208,848.0,12.489995996796797,11.331154474650635,16.666666666666668,0.2222222222222222,0.0,10.0,11.758894715842624,12.668615834434855,467.99966403356456,0.928190961784515,0.23584905660377356
16059.0,5515,7,70.68062827225131,848.8888888888889,12.862041003100252,11.989578808281799,17.320508075688775,0.25,0.0,10.0,12.247448713915889,11.039701082909815,424.7690024677118,1.1094003924504574,0.13089005235602094
16059.0,5515,8,70.75471698113208,848.0,10.770329614269007,8.7488976377909,14.142135623730951,0.1111111111111111,0.0,10.0,10.0,11.915339216404014,374.3314214728521,0.839254327416282,0.23584905660377356
16059.0,5515,9,70.75471698113208,848.0,11.661903789690601,6.285393610547089,13.743685418725535,0.0,0.0,5.0,9.686442096757052,12.668615834434855,385.5168156965704,0.7646014547562577,0.23584905660377356
16059.0,5515,10,70.68062827225131,848.8888888888889,13.698697784375504,11.110243021644486,17.67766952966369,0.125,0.0,10.0,12.4687108395375,14.334181176474678,561.4929600641026,0.869858604829218,0.2617801047120419
16059.0,5515,11,70.68062827225131,848.8888888888889,11.967032904743343,11.659223816361019,16.20185174601965,0.25,0.0,10.0,11.422291801560664,11.422291801560675,409.87966652304357,0.9999999999999991,0.2617801047120419
