patient_id,ecg_id,lead,bpm,ibi,sdnn,sdsd,rmssd,pnn20,pnn50,hr_mad,sd1,sd2,s,sd1/sd2,breathingrate
10325.0,5529,0,83.0188679245283,722.7272727272727,6.1657545301138805,5.385164807134504,10.488088481701515,0.0,0.0,0.0,7.382411530116699,3.2403703492039044,75.15238598024213,2.278261659791577,0.37735849056603776
10325.0,5529,1,83.0188679245283,722.7272727272727,4.453617714151233,4.898979485566356,7.745966692414834,0.0,0.0,0.0,5.47722557505166,3.464101615137727,59.60752959477612,1.581138830084202,0.37735849056603776
10325.0,5529,2,83.07692307692308,722.2222222222222,6.285393610547089,5.994789404140899,10.606601717798213,0.0,0.0,0.0,7.447734554883114,3.423265984407261,80.09671539986316,2.1756225162774463,0.15384615384615385
10325.0,5529,3,83.10249307479225,722.0,4.0,0.0,10.0,0.0,0.0,0.0,0.0,0.0,0.0,nan,0.2770083102493075
10325.0,5529,4,82.94930875576037,723.3333333333334,7.453559924999298,6.680426571226849,12.792042981336627,0.0,0.0,5.0,8.953507092541912,4.3598468393751855,122.6349582375302,2.0536288136729706,0.3456221198156682
10325.0,5529,5,83.33333333333333,720.0,18.51640199545103,13.564659966250536,29.32575659723036,0.4,0.0,10.0,20.297783130184435,17.54992877478426,1119.1127378779302,1.1565735331842653,0.1984126984126984
10325.0,5529,6,82.94930875576037,723.3333333333334,4.714045207910317,4.979295977319692,7.385489458759964,0.0,0.0,0.0,5.222329678670935,4.3598468393751855,71.52953311221457,1.1978241142570396,0.2304147465437788
10325.0,5529,7,82.94930875576037,723.3333333333334,4.714045207910317,4.979295977319692,7.385489458759964,0.0,0.0,0.0,5.222329678670935,4.3598468393751855,71.52953311221457,1.1978241142570396,0.2304147465437788
10325.0,5529,8,82.94930875576037,723.3333333333334,4.714045207910317,4.979295977319692,7.385489458759964,0.0,0.0,0.0,5.222329678670935,4.3598468393751855,71.52953311221457,1.1978241142570396,0.2304147465437788
10325.0,5529,9,82.87292817679558,724.0,4.898979485566356,4.969039949999533,7.453559924999299,0.0,0.0,0.0,5.211573066470477,4.444444444444433,72.76728737453351,1.1726039399558603,0.27624309392265195
10325.0,5529,10,82.97872340425532,723.0769230769231,4.615384615384616,5.0,7.0710678118654755,0.0,0.0,0.0,5.0,4.409585518440969,69.26560735055044,1.1338934190276855,0.3191489361702128
10325.0,5529,11,82.82208588957054,724.4444444444445,4.969039949999533,3.499271061118826,9.258200997725515,0.0,0.0,0.0,6.54653670707977,2.4743582965269475,50.88901764530212,2.6457513110646116,0.15337423312883436
