patient_id,ecg_id,lead,bpm,ibi,sdnn,sdsd,rmssd,pnn20,pnn50,hr_mad,sd1,sd2,s,sd1/sd2,breathingrate
11653.0,5549,0,67.54221388367729,888.3333333333334,25.440562537456252,13.564659966250536,19.493588689617926,0.4,0.0,10.0,9.591663046625438,28.071337695236366,845.8763743369194,0.3416888482750546,0.18761726078799248
11653.0,5549,1,67.87330316742081,884.0,29.0516780926679,14.907119849998598,22.360679774997898,0.2222222222222222,0.0,10.0,14.824071182362589,35.555555555555536,1655.8646443663092,0.41692700200394806,0.11312217194570136
11653.0,5549,2,68.18181818181819,880.0,31.167748898959186,12.47219128924647,18.257418583505537,0.3333333333333333,0.0,10.0,8.819171036881967,39.08679799852854,1082.948321102547,0.22563042992710666,0.16233766233766234
11653.0,5549,3,nan,nan,nan,--,nan,nan,nan,nan,nan,nan,nan,nan,nan
11653.0,5549,4,67.41573033707866,890.0,35.35533905932738,5.0,15.811388300841896,0.0,0.0,10.0,10.606601717798211,3.535533905932766,117.80972450961818,2.9999999999999756,0.2808988764044944
11653.0,5549,5,68.18181818181819,880.0,31.167748898959186,12.47219128924647,18.257418583505537,0.3333333333333333,0.0,10.0,8.819171036881967,39.08679799852854,1082.948321102547,0.22563042992710666,0.16233766233766234
11653.0,5549,6,67.98866855524079,882.5,29.895651857753496,11.605769149479944,17.320508075688775,0.2857142857142857,0.0,10.0,9.999999999999998,37.98495942945233,1193.3326949047375,0.26326209505561077,0.141643059490085
11653.0,5549,7,68.08510638297872,881.25,31.79524335494226,15.118578920369089,25.071326821120348,0.2857142857142857,0.0,15.0,16.659862556700855,39.897828696482655,2088.1925797629983,0.4175631381707137,0.14184397163120568
11653.0,5549,8,nan,nan,nan,--,nan,nan,nan,nan,nan,nan,nan,nan,nan
11653.0,5549,9,68.29268292682927,878.5714285714286,33.563828927059234,12.583057392117917,19.578900207451216,0.3333333333333333,0.0,10.0,8.897565210026091,41.11298794514667,1149.2118438625705,0.21641738182341078,0.16260162601626016
11653.0,5549,10,67.98866855524079,882.5,29.895651857753496,11.605769149479944,17.320508075688775,0.2857142857142857,0.0,10.0,9.999999999999998,37.98495942945233,1193.3326949047375,0.26326209505561077,0.141643059490085
11653.0,5549,11,67.98866855524079,882.5,29.895651857753496,11.605769149479944,17.320508075688775,0.2857142857142857,0.0,10.0,9.999999999999998,37.98495942945233,1193.3326949047375,0.26326209505561077,0.141643059490085
