patient_id,ecg_id,lead,bpm,ibi,sdnn,sdsd,rmssd,pnn20,pnn50,hr_mad,sd1,sd2,s,sd1/sd2,breathingrate
10267.0,5557,0,73.77049180327869,813.3333333333334,4.714045207910317,3.499271061118826,9.258200997725515,0.0,0.0,0.0,6.54653670707977,2.4743582965269875,50.88901764530294,2.645751311064569,0.13661202185792348
10267.0,5557,1,73.80073800738008,813.0,4.58257569495584,4.714045207910317,8.16496580927726,0.0,0.0,0.0,5.773502691896257,3.33333333333336,60.459978807807744,1.7320508075688632,0.24600246002460022
10267.0,5557,2,73.42657342657343,817.1428571428571,6.998542122237652,4.330127018922194,8.660254037844387,0.0,0.0,10.0,5.8630196997792865,3.061862178478899,56.397111901405545,1.9148542155127222,0.17482517482517484
10267.0,5557,3,73.80073800738008,813.0,4.58257569495584,4.714045207910317,8.16496580927726,0.0,0.0,0.0,5.773502691896257,3.33333333333336,60.459978807807744,1.7320508075688632,0.12300123001230011
10267.0,5557,4,nan,nan,nan,--,nan,nan,nan,nan,nan,nan,nan,nan,nan
10267.0,5557,5,73.77049180327869,813.3333333333334,4.714045207910317,4.948716593053935,7.559289460184544,0.0,0.0,0.0,5.3452248382484875,4.517539514526234,75.86086850872147,1.183215956619929,0.27322404371584696
10267.0,5557,6,73.80073800738008,813.0,4.58257569495584,4.714045207910317,8.16496580927726,0.0,0.0,0.0,5.773502691896257,3.33333333333336,60.459978807807744,1.7320508075688632,0.12300123001230011
10267.0,5557,7,73.87140902872777,812.2222222222222,6.285393610547089,6.614378277661476,10.0,0.0,0.0,0.0,7.071067811865475,6.123724356957945,136.0349523175663,1.1547005383792515,0.13679890560875513
10267.0,5557,8,73.77049180327869,813.3333333333334,4.714045207910317,4.841229182759271,7.905694150420948,0.0,0.0,0.0,5.519850541454904,3.423265984407316,59.36327276578667,1.6124515496596967,0.13661202185792348
10267.0,5557,9,73.77049180327869,813.3333333333334,4.714045207910317,4.841229182759271,7.905694150420948,0.0,0.0,0.0,5.519850541454904,3.423265984407316,59.36327276578667,1.6124515496596967,0.13661202185792348
10267.0,5557,10,73.80073800738008,813.0,4.58257569495584,4.714045207910317,8.16496580927726,0.0,0.0,0.0,5.773502691896257,3.33333333333336,60.459978807807744,1.7320508075688632,0.12300123001230011
10267.0,5557,11,73.92197125256673,811.6666666666666,6.871842709362768,5.0,7.0710678118654755,0.0,0.0,5.0,3.5355339059327373,7.905694150420937,87.81018413800894,0.44721359549995854,0.2053388090349076
