patient_id,ecg_id,lead,bpm,ibi,sdnn,sdsd,rmssd,pnn20,pnn50,hr_mad,sd1,sd2,s,sd1/sd2,breathingrate
17702.0,5691,0,70.58823529411765,850.0,69.12147117775906,24.462982238476158,35.88175023601831,0.375,0.25,60.0,20.444284042245155,90.75637029983072,5829.06498851749,0.2252655540840122,0.13071895424836602
17702.0,5691,1,71.32243684992571,841.25,68.99954709996291,22.03892660077359,37.22518348798681,0.42857142857142855,0.2857142857142857,70.0,19.948914348241342,90.06800152084635,5644.6843966988645,0.2214872542011953,0.0
17702.0,5691,2,71.09004739336493,844.0,68.87670143089025,22.98684540619689,36.05551275463989,0.5555555555555556,0.2222222222222222,65.0,23.359773379587374,94.46405025258791,6932.423095223289,0.24728744233521172,0.11848341232227488
17702.0,5691,3,71.17437722419929,843.0,67.38694235532579,19.87615979999813,34.15650255319866,0.5555555555555556,0.2222222222222222,65.0,21.886350670658008,92.56295822070459,6364.443740720267,0.23644826279722814,0.11862396204033215
17702.0,5691,4,70.58823529411765,850.0,69.602043392737,22.878756522153907,34.8209706929603,0.375,0.25,60.0,19.505608167909042,91.78354291483848,5624.373926374363,0.21251749004728826,0.13071895424836602
17702.0,5691,5,nan,nan,nan,--,nan,nan,nan,nan,nan,nan,nan,nan,nan
17702.0,5691,6,71.59904534606206,838.0,64.0,21.081851067789195,39.44053188733078,0.6666666666666666,0.3333333333333333,55.0,27.17115391252774,88.81941729649485,7581.687413851313,0.30591457070502553,0.11933174224343675
17702.0,5691,7,nan,nan,nan,--,nan,nan,nan,nan,nan,nan,nan,nan,nan
17702.0,5691,8,71.32243684992571,841.25,68.0877191569816,18.51640199545103,35.25417908358019,0.42857142857142855,0.14285714285714285,70.0,18.070158058105022,88.87046294283309,5045.094047587067,0.20333142711013955,0.1485884101040119
17702.0,5691,9,nan,nan,nan,--,nan,nan,nan,nan,nan,nan,nan,nan,nan
17702.0,5691,10,70.58823529411765,850.0,68.79922480183431,19.96089927833914,32.977264895682296,0.375,0.125,50.0,17.83167827210888,90.75637029983073,5084.160016935629,0.19647853052296582,0.13071895424836602
17702.0,5691,11,70.58823529411765,850.0,70.07932013876213,23.946555075835022,35.531676008879735,0.5,0.25,60.0,20.136254616983763,92.46198543185193,5849.136837592901,0.2177787392617149,0.13071895424836602
