patient_id,ecg_id,lead,bpm,ibi,sdnn,sdsd,rmssd,pnn20,pnn50,hr_mad,sd1,sd2,s,sd1/sd2,breathingrate
7419.0,5751,0,75.0,800.0,0.0,--,nan,nan,nan,0.0,nan,nan,nan,nan,nan
7419.0,5751,1,49.91680532445923,1202.0,33.1058907144937,16.393596310755,40.92676385936225,0.75,0.0,40.0,28.4495166918526,33.30728148618559,2976.8979907031344,0.8541530687111832,0.1663893510815308
7419.0,5751,2,nan,nan,nan,--,nan,nan,nan,nan,nan,nan,nan,nan,nan
7419.0,5751,3,nan,nan,nan,--,nan,nan,nan,nan,nan,nan,nan,nan,nan
7419.0,5751,4,nan,nan,nan,--,nan,nan,nan,nan,nan,nan,nan,nan,nan
7419.0,5751,5,49.91680532445923,1202.0,33.1058907144937,16.393596310755,40.92676385936225,0.75,0.0,40.0,28.4495166918526,33.30728148618559,2976.8979907031344,0.8541530687111832,0.1663893510815308
7419.0,5751,6,49.75124378109453,1206.0,36.11094017053558,17.853571071357123,32.78719262151,0.5,0.0,40.0,19.605483926697648,45.9279326771846,2828.8136340480632,0.4268749491621897,0.16583747927031509
7419.0,5751,7,49.72375690607735,1206.6666666666667,32.48931448269654,22.80350850198276,37.68288736283355,0.6,0.2,25.0,26.305892875931807,39.648455203198026,3276.643486559169,0.663478381215972,0.13812154696132597
7419.0,5751,8,nan,nan,nan,--,nan,nan,nan,nan,nan,nan,nan,nan,nan
7419.0,5751,9,49.75124378109453,1206.0,36.11094017053558,17.853571071357123,32.78719262151,0.5,0.0,40.0,19.605483926697648,45.9279326771846,2828.8136340480632,0.4268749491621897,0.16583747927031509
7419.0,5751,10,49.75124378109453,1206.0,36.11094017053558,17.853571071357123,32.78719262151,0.5,0.0,40.0,19.605483926697648,45.9279326771846,2828.8136340480632,0.4268749491621897,0.16583747927031509
7419.0,5751,11,49.6551724137931,1208.3333333333333,33.37497399083464,18.33030277982336,36.87817782917155,0.6,0.0,30.0,25.922962793631438,41.56921938165308,3385.3718472592327,0.6236095644623232,0.13793103448275862
