patient_id,ecg_id,lead,bpm,ibi,sdnn,sdsd,rmssd,pnn20,pnn50,hr_mad,sd1,sd2,s,sd1/sd2,breathingrate
14650.0,5776,0,69.04487917146145,869.0,13.74772708486752,7.370277311900889,13.333333333333334,0.0,0.0,10.0,8.888888888888888,15.555555555555564,434.39305827414444,0.5714285714285711,0.23014959723820486
14650.0,5776,1,69.06474820143885,868.75,10.532687216470448,6.3887656499993986,10.690449676496975,0.0,0.0,5.0,7.284313590846835,11.24858267715975,257.416458707438,0.647576125802732,0.14388489208633093
14650.0,5776,2,69.164265129683,867.5,10.897247358851684,6.998542122237652,10.0,0.0,0.0,0.0,6.3887656499993986,11.780301787479052,236.4412500936807,0.5423261445466394,0.1440922190201729
14650.0,5776,3,69.3196405648267,865.5555555555555,14.229164972072999,8.569568250501305,16.20185174601965,0.125,0.0,10.0,10.569709078304852,12.960275845829806,430.3552959266464,0.8155466136707145,0.25673940949935814
14650.0,5776,4,68.96551724137932,870.0,14.142135623730951,7.810249675906654,10.488088481701515,0.0,0.0,10.0,7.106335201775947,18.28934115817191,408.3133906012662,0.3885506394308111,0.3134796238244514
14650.0,5776,5,69.3196405648267,865.5555555555555,11.653431646335017,6.614378277661476,10.0,0.0,0.0,0.0,6.123724356957944,12.24744871391589,235.61944901923442,0.49999999999999994,0.3851091142490372
14650.0,5776,6,69.04487917146145,869.0,13.74772708486752,7.370277311900889,13.333333333333334,0.0,0.0,10.0,8.888888888888888,15.555555555555564,434.39305827414444,0.5714285714285711,0.23014959723820486
14650.0,5776,7,69.04487917146145,869.0,13.74772708486752,7.370277311900889,13.333333333333334,0.0,0.0,10.0,8.888888888888888,15.555555555555564,434.39305827414444,0.5714285714285711,0.23014959723820486
14650.0,5776,8,nan,nan,nan,--,nan,nan,nan,nan,nan,nan,nan,nan,nan
14650.0,5776,9,69.04487917146145,869.0,14.45683229480096,8.748897637790902,12.47219128924647,0.1111111111111111,0.0,5.0,8.240220541217402,17.249082995844493,446.5341925869458,0.47771933981664816,0.11507479861910243
14650.0,5776,10,69.04487917146145,869.0,13.74772708486752,7.370277311900889,13.333333333333334,0.0,0.0,10.0,8.888888888888888,15.555555555555564,434.39305827414444,0.5714285714285711,0.23014959723820486
14650.0,5776,11,nan,nan,nan,--,nan,nan,nan,nan,nan,nan,nan,nan,nan
