patient_id,ecg_id,lead,bpm,ibi,sdnn,sdsd,rmssd,pnn20,pnn50,hr_mad,sd1,sd2,s,sd1/sd2,breathingrate
15294.0,5911,0,72.46376811594203,828.0,12.489995996796797,4.714045207910317,17.320508075688775,0.0,0.0,10.0,12.01850425154663,12.018504251546618,453.7856055185252,1.000000000000001,0.3623188405797102
15294.0,5911,1,72.37635705669481,829.0,10.44030650891055,7.370277311900889,13.333333333333334,0.0,0.0,5.0,9.296222517045283,11.439589045541089,334.0925616413325,0.8126360553720027,0.12062726176115801
15294.0,5911,2,131.86813186813185,455.0,160.0781059358212,0.0,310.0,1.0,1.0,5.0,0.0,0.0,0.0,nan,0.3663003663003663
15294.0,5911,3,nan,nan,nan,--,nan,nan,nan,nan,nan,nan,nan,nan,nan
15294.0,5911,4,72.46376811594203,828.0,10.770329614269007,7.856742013183862,14.52966314513558,0.1111111111111111,0.0,10.0,9.999999999999998,10.000000000000032,314.15926535898024,0.9999999999999967,0.24154589371980678
15294.0,5911,5,72.58064516129032,826.6666666666666,6.666666666666667,4.517539514526256,5.3452248382484875,0.0,0.0,10.0,3.1943828249996993,7.953949089757239,79.82145533667803,0.40160966445124613,0.26881720430107525
15294.0,5911,6,72.28915662650603,830.0,10.540925533894598,7.806247497997997,13.693063937629153,0.0,0.0,0.0,9.642030387838444,11.956954043568096,362.1920626351637,0.8063952033858574,0.40160642570281124
15294.0,5911,7,72.61724659606656,826.25,6.959705453537527,4.330127018922194,5.0,0.0,0.0,5.0,3.061862178478972,5.8630196997793345,56.39711190140735,0.5222329678670892,0.151285930408472
15294.0,5911,8,72.28915662650603,830.0,9.428090415820634,5.994789404140899,12.747548783981962,0.0,0.0,10.0,8.970437559004576,10.269797953221891,289.4179077736143,0.8734775114237108,0.2677376171352075
15294.0,5911,9,72.46376811594203,828.0,10.770329614269007,6.285393610547089,13.743685418725535,0.0,0.0,10.0,9.428090415820632,10.540925533894638,312.2139880462557,0.8944271909999123,0.24154589371980678
15294.0,5911,10,72.37635705669481,829.0,9.433981132056603,5.665577237325317,10.540925533894598,0.0,0.0,10.0,7.28604280478,10.94317533532901,250.48686005116016,0.665807005874949,0.12062726176115801
15294.0,5911,11,72.37635705669481,829.0,10.44030650891055,7.370277311900889,13.333333333333334,0.0,0.0,5.0,9.296222517045283,11.439589045541089,334.0925616413325,0.8126360553720027,0.12062726176115801
