patient_id,ecg_id,lead,bpm,ibi,sdnn,sdsd,rmssd,pnn20,pnn50,hr_mad,sd1,sd2,s,sd1/sd2,breathingrate
4142.0,6095,0,61.935483870967744,968.75,31.399641717701176,23.81904571504724,50.284902590851544,0.8571428571428571,0.42857142857142855,30.0,35.42741933610641,22.2692246687427,2478.5317543482834,1.5908690070307063,0.25806451612903225
4142.0,6095,1,nan,nan,nan,--,nan,nan,nan,nan,nan,nan,nan,nan,nan
4142.0,6095,2,nan,nan,nan,--,nan,nan,nan,nan,nan,nan,nan,nan,nan
4142.0,6095,3,113.20754716981132,530.0,0.0,--,nan,nan,nan,0.0,nan,nan,nan,nan,nan
4142.0,6095,4,62.130177514792905,965.7142857142857,32.45090483314442,24.77678124553084,48.47679857416329,0.8333333333333334,0.3333333333333333,20.0,32.59601202601324,23.95017977199985,2452.5796456806397,1.3609923740163834,0.2958579881656805
4142.0,6095,5,nan,nan,nan,--,nan,nan,nan,nan,nan,nan,nan,nan,nan
4142.0,6095,6,61.935483870967744,968.75,31.399641717701176,23.81904571504724,50.284902590851544,0.8571428571428571,0.42857142857142855,30.0,35.42741933610641,22.2692246687427,2478.5317543482834,1.5908690070307063,0.25806451612903225
4142.0,6095,7,62.01550387596899,967.5,19.20286436967152,10.0,31.622776601683793,0.5,0.0,15.0,21.213203435596423,7.071067811865532,471.2388980384727,2.9999999999999756,0.25839793281653745
4142.0,6095,8,61.935483870967744,968.75,31.399641717701176,23.81904571504724,50.284902590851544,0.8571428571428571,0.42857142857142855,30.0,35.42741933610641,22.2692246687427,2478.5317543482834,1.5908690070307063,0.25806451612903225
4142.0,6095,9,62.5,960.0,31.167748898959186,25.166114784235834,55.97618541248889,0.8333333333333334,0.5,30.0,39.29942040850531,22.973414586817057,2836.361411486023,1.7106477689675563,0.2976190476190476
4142.0,6095,10,62.40713224368499,961.4285714285714,26.418917155581326,23.094010767585033,46.188021535170066,0.8333333333333334,0.3333333333333333,20.0,32.317865716108855,20.0,2030.5913902685804,1.6158932858054427,0.2971768202080238
4142.0,6095,11,61.935483870967744,968.75,31.399641717701176,23.81904571504724,50.284902590851544,0.8571428571428571,0.42857142857142855,30.0,35.42741933610641,22.2692246687427,2478.5317543482834,1.5908690070307063,0.25806451612903225
