patient_id,ecg_id,lead,bpm,ibi,sdnn,sdsd,rmssd,pnn20,pnn50,hr_mad,sd1,sd2,s,sd1/sd2,breathingrate
9691.0,6124,0,75.37688442211055,796.0,26.5329983228432,7.370277311900889,11.547005383792516,0.0,0.0,20.0,5.211573066470477,33.738281001531035,552.3847175612653,0.15447061651522723,0.12562814070351758
9691.0,6124,1,75.37688442211055,796.0,26.5329983228432,7.370277311900889,11.547005383792516,0.0,0.0,20.0,5.211573066470477,33.738281001531035,552.3847175612653,0.15447061651522723,0.12562814070351758
9691.0,6124,2,75.37688442211055,796.0,26.5329983228432,7.370277311900889,11.547005383792516,0.0,0.0,20.0,5.211573066470477,33.738281001531035,552.3847175612653,0.15447061651522723,0.12562814070351758
9691.0,6124,3,nan,nan,nan,--,nan,nan,nan,nan,nan,nan,nan,nan,nan
9691.0,6124,4,1000.0,60.0,42.42640687119285,--,nan,nan,nan,0.0,nan,nan,nan,nan,nan
9691.0,6124,5,75.37688442211055,796.0,26.5329983228432,7.370277311900889,11.547005383792516,0.0,0.0,20.0,5.211573066470477,33.738281001531035,552.3847175612653,0.15447061651522723,0.12562814070351758
9691.0,6124,6,75.37688442211055,796.0,26.5329983228432,7.370277311900889,11.547005383792516,0.0,0.0,20.0,5.211573066470477,33.738281001531035,552.3847175612653,0.15447061651522723,0.12562814070351758
9691.0,6124,7,75.31380753138076,796.6666666666666,24.26703296426839,0.0,10.0,0.0,0.0,25.0,0.0,35.35533905932732,0.0,0.0,0.20920502092050208
9691.0,6124,8,76.19047619047619,787.5,22.776083947860748,6.998542122237652,14.638501094227998,0.0,0.0,20.0,9.035079029052511,29.692299558323565,842.8022022189257,0.3042903097250927,0.15873015873015872
9691.0,6124,9,75.0,800.0,27.0801280154532,8.2915619758885,15.0,0.0,0.0,20.0,7.905694150420947,33.726843908080085,837.6557693288727,0.23440361546924782,0.1388888888888889
9691.0,6124,10,75.37688442211055,796.0,26.5329983228432,7.370277311900889,11.547005383792516,0.0,0.0,20.0,5.211573066470477,33.738281001531035,552.3847175612653,0.15447061651522723,0.12562814070351758
9691.0,6124,11,75.37688442211055,796.0,26.5329983228432,7.370277311900889,11.547005383792516,0.0,0.0,20.0,5.211573066470477,33.738281001531035,552.3847175612653,0.15447061651522723,0.12562814070351758
