patient_id,ecg_id,lead,bpm,ibi,sdnn,sdsd,rmssd,pnn20,pnn50,hr_mad,sd1,sd2,s,sd1/sd2,breathingrate
15661.0,6199,0,218.1818181818182,275.0,198.97654803183883,49.21607686744467,80.20806277010642,0.6666666666666666,0.6666666666666666,55.0,55.477723256977455,282.39058844877326,49217.406044656615,0.19645740873209494,0.606060606060606
15661.0,6199,1,51.94805194805195,1155.0,19.790570145063196,4.898979485566356,16.73320053068151,0.0,0.0,15.0,10.392304845413264,23.065125189341554,753.0391692793863,0.4505635568895837,0.14430014430014432
15661.0,6199,2,52.17391304347826,1150.0,10.954451150103322,7.0710678118654755,12.24744871391589,0.0,0.0,10.0,7.905694150420947,10.606601717798203,263.430552414027,0.7453559924999306,0.17391304347826086
15661.0,6199,3,nan,nan,nan,--,nan,nan,nan,nan,nan,nan,nan,nan,nan
15661.0,6199,4,51.873198847262245,1156.6666666666667,19.72026594366539,7.483314773547883,19.493588689617926,0.2,0.0,15.0,13.114877048604,22.181073012818786,913.8957286462072,0.5912643198561544,0.1440922190201729
15661.0,6199,5,139.53488372093022,430.0,160.0,0.0,320.0,1.0,1.0,160.0,0.0,0.0,0.0,nan,nan
15661.0,6199,6,173.91304347826087,345.0,198.72510326243804,133.11179511974137,390.8644266238615,1.0,1.0,120.0,272.826639095232,97.64412424718654,83691.77145310336,2.79409172030229,0.48309178743961356
15661.0,6199,7,52.17391304347826,1150.0,10.954451150103322,7.0710678118654755,12.24744871391589,0.0,0.0,10.0,7.905694150420947,10.606601717798203,263.430552414027,0.7453559924999306,0.17391304347826086
15661.0,6199,8,52.17391304347826,1150.0,10.954451150103322,7.0710678118654755,12.24744871391589,0.0,0.0,10.0,7.905694150420947,10.606601717798203,263.430552414027,0.7453559924999306,0.17391304347826086
15661.0,6199,9,52.17391304347826,1150.0,10.954451150103322,7.0710678118654755,12.24744871391589,0.0,0.0,10.0,7.905694150420947,10.606601717798203,263.430552414027,0.7453559924999306,0.17391304347826086
15661.0,6199,10,51.851851851851855,1157.142857142857,14.846149779161806,5.773502691896258,11.547005383792516,0.0,0.0,10.0,7.817359599705715,20.27587510099403,497.95439520741235,0.38554980047803056,0.1234567901234568
15661.0,6199,11,51.90311418685121,1156.0,21.540659228538015,4.330127018922194,18.027756377319946,0.0,0.0,20.0,9.185586535436917,25.18680209951231,726.8248969886248,0.3646984043128991,0.17301038062283736
