patient_id,ecg_id,lead,bpm,ibi,sdnn,sdsd,rmssd,pnn20,pnn50,hr_mad,sd1,sd2,s,sd1/sd2,breathingrate
10699.0,6243,0,145.45454545454547,412.5,201.4168562955941,--,nan,nan,nan,175.0,nan,nan,nan,nan,0.606060606060606
10699.0,6243,1,69.06474820143885,868.75,5.994789404140899,6.388765649999399,10.690449676496975,0.0,0.0,0.0,7.5592894601845435,4.948716593053975,117.52315214524508,1.527525231651934,0.14388489208633093
10699.0,6243,2,nan,nan,nan,--,nan,nan,nan,nan,nan,nan,nan,nan,nan
10699.0,6243,3,nan,nan,nan,--,nan,nan,nan,nan,nan,nan,nan,nan,nan
10699.0,6243,4,333.3333333333333,180.0,61.644140029689765,0.0,60.0,1.0,1.0,60.0,0.0,0.0,0.0,nan,nan
10699.0,6243,5,68.96551724137932,870.0,7.0710678118654755,5.3452248382484875,11.338934190276817,0.0,0.0,5.0,7.953949089757174,5.890150893739562,147.18349122446432,1.350381209793989,0.14367816091954022
10699.0,6243,6,nan,nan,nan,--,nan,nan,nan,nan,nan,nan,nan,nan,nan
10699.0,6243,7,nan,nan,nan,--,nan,nan,nan,nan,nan,nan,nan,nan,nan
10699.0,6243,8,68.87755102040816,871.1111111111111,7.370277311900889,5.994789404140899,10.606601717798213,0.0,0.0,10.0,7.447734554883114,7.447734554883125,174.26021750380903,0.9999999999999986,0.12755102040816327
10699.0,6243,9,68.87755102040816,871.1111111111111,5.665577237325317,4.841229182759271,7.905694150420948,0.0,0.0,0.0,5.519850541454904,5.519850541454949,95.72040116406478,0.9999999999999918,0.12755102040816327
10699.0,6243,10,68.87755102040816,871.1111111111111,5.665577237325317,4.841229182759271,7.905694150420948,0.0,0.0,0.0,5.519850541454904,5.519850541454949,95.72040116406478,0.9999999999999918,0.12755102040816327
10699.0,6243,11,68.87755102040816,871.1111111111111,5.665577237325317,4.841229182759271,7.905694150420948,0.0,0.0,0.0,5.519850541454904,5.519850541454949,95.72040116406478,0.9999999999999918,0.12755102040816327
