patient_id,ecg_id,lead,bpm,ibi,sdnn,sdsd,rmssd,pnn20,pnn50,hr_mad,sd1,sd2,s,sd1/sd2,breathingrate
21530.0,6260,0,111.36890951276102,538.75,4.841229182759271,6.18241233033047,8.16496580927726,0.0,0.0,0.0,5.773502691896257,4.0551750201987975,73.5527387349506,1.4237369936287538,0.11600928074245938
21530.0,6260,1,111.36890951276102,538.75,4.841229182759271,4.988876515698589,6.831300510639732,0.0,0.0,0.0,4.807401700618652,4.618802153516997,69.75729718560471,1.0408329997330683,0.11600928074245938
21530.0,6260,2,115.06849315068493,521.4285714285714,26.41891715558133,24.8746859276655,30.4138126514911,0.25,0.25,0.0,17.589059099337856,17.589059099337867,971.9302272043424,0.9999999999999994,0.273972602739726
21530.0,6260,3,111.62790697674419,537.5,4.330127018922194,4.898979485566356,6.324555320336759,0.0,0.0,0.0,4.472135954999579,3.464101615137727,48.669344111682946,1.2909944487358158,0.31007751937984496
21530.0,6260,4,111.58798283261801,537.6923076923077,5.7563959796522175,6.4031242374328485,9.486832980505138,0.0,0.0,0.0,6.670832032063167,4.527692569068695,94.88702026564917,1.4733403229794146,0.14306151645207438
21530.0,6260,5,110.49723756906077,543.0,10.04987562112089,7.284313590846835,9.258200997725515,0.0,0.0,0.0,5.150787536377127,10.594569267279512,171.43789025666257,0.486172434804398,0.1841620626151013
21530.0,6260,6,111.6751269035533,537.2727272727273,4.453617714151233,4.969039949999533,7.453559924999299,0.0,0.0,0.0,5.211573066470478,3.513641844631504,57.52759181388465,1.4832396974191446,0.1692047377326565
21530.0,6260,7,171.6171617161716,349.61538461538464,214.53851670021632,173.7554955166087,376.64085457280567,0.875,0.875,60.0,266.3253023403271,155.98700088290835,130512.07950014637,1.7073557465230336,0.22002200220022003
21530.0,6260,8,111.11111111111111,540.0,0.0,0.0,0.0,0.0,0.0,0.0,0.0,0.0,0.0,nan,0.4629629629629629
21530.0,6260,9,111.38613861386139,538.6666666666666,4.988876515698589,6.226998490772391,8.451542547285166,0.0,0.0,0.0,5.976143046671968,4.164965639175199,78.19559342813785,1.434860107958884,0.24752475247524752
21530.0,6260,10,111.45510835913312,538.3333333333334,5.527707983925667,4.898979485566356,7.745966692414834,0.0,0.0,0.0,5.2915026221291805,4.690415759823416,77.97227911938324,1.1281521496355353,0.15479876160990713
21530.0,6260,11,111.36890951276102,538.75,4.841229182759271,4.988876515698589,6.831300510639732,0.0,0.0,0.0,4.807401700618652,4.618802153516997,69.75729718560471,1.0408329997330683,0.11600928074245938
