patient_id,ecg_id,lead,bpm,ibi,sdnn,sdsd,rmssd,pnn20,pnn50,hr_mad,sd1,sd2,s,sd1/sd2,breathingrate
4255.0,6389,0,78.74015748031496,762.0,17.776388834631177,7.370277311900889,13.333333333333334,0.0,0.0,10.0,8.88888888888889,20.12307808474983,561.9423491436786,0.4417261042993858,0.26246719160104987
4255.0,6389,1,78.47800237812129,764.5454545454545,15.587661999529315,7.0,13.038404810405298,0.0,0.0,10.0,8.514693182963201,17.449928366615147,466.7803060965072,0.48795003647426666,0.23781212841854935
4255.0,6389,2,77.63401109057301,772.8571428571429,8.80630571852711,7.4535599249993,15.275252316519467,0.0,0.0,0.0,10.540925533894596,5.270462766947274,174.5329251994321,2.000000000000009,0.18484288354898337
4255.0,6389,3,nan,nan,nan,--,nan,nan,nan,nan,nan,nan,nan,nan,nan
4255.0,6389,4,78.30342577487765,766.25,17.275343701356565,9.574271077563381,17.795130420052185,0.16666666666666666,0.0,5.0,12.076147288491196,6.770032003863296,256.8437462204579,1.78376517003169,0.3262642740619902
4255.0,6389,5,78.47800237812129,764.5454545454545,15.587661999529315,8.306623862918075,13.784048752090222,0.0,0.0,10.0,9.082951062292475,17.16100230173051,489.6880393985207,0.5292785877300741,0.23781212841854935
4255.0,6389,6,78.63695937090432,763.0,17.349351572897472,8.31479419283098,16.666666666666668,0.1111111111111111,0.0,15.0,11.547005383792513,19.999999999999993,725.5197456936867,0.5773502691896258,0.2621231979030144
4255.0,6389,7,78.74015748031496,762.0,17.776388834631177,7.370277311900889,13.333333333333334,0.0,0.0,10.0,8.88888888888889,20.12307808474983,561.9423491436786,0.4417261042993858,0.26246719160104987
4255.0,6389,8,78.63695937090432,763.0,16.76305461424021,9.938079899999066,14.907119849998598,0.1111111111111111,0.0,10.0,10.061539042374907,19.563129846287776,618.3760017614487,0.514311315287014,0.2621231979030144
4255.0,6389,9,78.47800237812129,764.5454545454545,16.71343300986385,9.433981132056603,14.491376746189438,0.1,0.0,10.0,9.617692030835672,19.091883092036777,576.85877768153,0.5037581669902017,0.23781212841854935
4255.0,6389,10,78.47800237812129,764.5454545454545,15.587661999529315,7.0,13.038404810405298,0.0,0.0,10.0,8.514693182963201,17.449928366615147,466.7803060965072,0.48795003647426666,0.23781212841854935
4255.0,6389,11,78.57142857142857,763.6363636363636,17.721444263289026,7.483314773547883,14.142135623730951,0.0,0.0,10.0,9.055385138137416,19.23538406167136,547.2145808812586,0.47076705664438884,0.23809523809523808
