patient_id,ecg_id,lead,bpm,ibi,sdnn,sdsd,rmssd,pnn20,pnn50,hr_mad,sd1,sd2,s,sd1/sd2,breathingrate
15190.0,6420,0,78.94736842105263,760.0,5.3452248382484875,5.0,7.0710678118654755,0.0,0.0,0.0,4.85912657903775,4.859126579037725,74.17649320975862,1.000000000000005,0.18796992481203006
15190.0,6420,1,79.15567282321899,758.0,6.0,4.714045207910317,8.16496580927726,0.0,0.0,0.0,5.5555555555555545,4.8432210483785125,84.5301536960966,1.1470786693528119,0.395778364116095
15190.0,6420,2,79.39508506616258,755.7142857142857,4.948716593053935,3.726779962499649,9.128709291752768,0.0,0.0,0.0,6.346477588219923,2.6352313834736703,52.54136814755674,2.4083189157584397,0.0
15190.0,6420,3,79.15567282321899,758.0,6.0,4.714045207910317,8.16496580927726,0.0,0.0,0.0,5.5555555555555545,4.8432210483785125,84.5301536960966,1.1470786693528119,0.395778364116095
15190.0,6420,4,79.15567282321899,758.0,6.0,4.714045207910317,8.16496580927726,0.0,0.0,0.0,5.5555555555555545,4.8432210483785125,84.5301536960966,1.1470786693528119,0.395778364116095
15190.0,6420,5,79.15567282321899,758.0,6.0,4.969039949999533,7.453559924999299,0.0,0.0,0.0,5.211573066470477,5.879447357921312,96.26207298689317,0.8864052604279183,0.395778364116095
15190.0,6420,6,nan,nan,nan,--,nan,nan,nan,nan,nan,nan,nan,nan,nan
15190.0,6420,7,79.15567282321899,758.0,6.0,4.714045207910317,8.16496580927726,0.0,0.0,0.0,5.5555555555555545,4.8432210483785125,84.5301536960966,1.1470786693528119,0.395778364116095
15190.0,6420,8,79.15567282321899,758.0,6.0,4.714045207910317,8.16496580927726,0.0,0.0,0.0,5.5555555555555545,4.8432210483785125,84.5301536960966,1.1470786693528119,0.395778364116095
15190.0,6420,9,79.15567282321899,758.0,6.0,4.714045207910317,8.16496580927726,0.0,0.0,0.0,5.5555555555555545,4.8432210483785125,84.5301536960966,1.1470786693528119,0.395778364116095
15190.0,6420,10,79.15567282321899,758.0,6.0,4.714045207910317,8.16496580927726,0.0,0.0,0.0,5.5555555555555545,4.8432210483785125,84.5301536960966,1.1470786693528119,0.395778364116095
15190.0,6420,11,79.15567282321899,758.0,6.0,4.714045207910317,8.16496580927726,0.0,0.0,0.0,5.5555555555555545,4.8432210483785125,84.5301536960966,1.1470786693528119,0.395778364116095
