patient_id,ecg_id,lead,bpm,ibi,sdnn,sdsd,rmssd,pnn20,pnn50,hr_mad,sd1,sd2,s,sd1/sd2,breathingrate
4070.0,6430,0,66.29834254143647,905.0,15.0,9.035079029052513,16.903085094570333,0.14285714285714285,0.0,10.0,11.78030178747903,16.413036132965775,607.4285697287294,0.7177405625652743,0.13812154696132597
4070.0,6430,1,66.29834254143647,905.0,15.0,9.035079029052513,16.903085094570333,0.14285714285714285,0.0,10.0,11.78030178747903,16.413036132965775,607.4285697287294,0.7177405625652743,0.13812154696132597
4070.0,6430,2,1200.0,50.0,0.0,--,nan,nan,nan,0.0,nan,nan,nan,nan,nan
4070.0,6430,3,nan,nan,nan,--,nan,nan,nan,nan,nan,nan,nan,nan,nan
4070.0,6430,4,66.66666666666667,900.0,15.811388300841896,0.0,20.0,0.0,0.0,15.0,0.0,0.0,0.0,nan,0.2777777777777778
4070.0,6430,5,66.42066420664206,903.3333333333334,19.720265943665385,5.0,15.811388300841896,0.0,0.0,15.0,10.606601717798213,18.027756377319914,600.7140841655274,0.5883484054145531,0.18450184501845018
4070.0,6430,6,66.29834254143647,905.0,15.0,9.035079029052513,16.903085094570333,0.14285714285714285,0.0,10.0,11.78030178747903,16.413036132965775,607.4285697287294,0.7177405625652743,0.13812154696132597
4070.0,6430,7,66.29834254143647,905.0,15.0,9.035079029052513,16.903085094570333,0.14285714285714285,0.0,10.0,11.78030178747903,16.413036132965775,607.4285697287294,0.7177405625652743,0.13812154696132597
4070.0,6430,8,66.29834254143647,905.0,15.0,9.035079029052513,16.903085094570333,0.14285714285714285,0.0,10.0,11.78030178747903,16.413036132965775,607.4285697287294,0.7177405625652743,0.13812154696132597
4070.0,6430,9,66.29834254143647,905.0,19.790570145063196,4.714045207910316,17.320508075688775,0.0,0.0,15.0,12.018504251546629,15.275252316519486,576.7514390160518,0.786795792469442,0.1841620626151013
4070.0,6430,10,66.29834254143647,905.0,15.0,9.035079029052513,16.903085094570333,0.14285714285714285,0.0,10.0,11.78030178747903,16.413036132965775,607.4285697287294,0.7177405625652743,0.13812154696132597
4070.0,6430,11,66.29834254143647,905.0,15.0,9.035079029052513,16.903085094570333,0.14285714285714285,0.0,10.0,11.78030178747903,16.413036132965775,607.4285697287294,0.7177405625652743,0.13812154696132597
