patient_id,ecg_id,lead,bpm,ibi,sdnn,sdsd,rmssd,pnn20,pnn50,hr_mad,sd1,sd2,s,sd1/sd2,breathingrate
4658.0,6550,0,49.586776859504134,1210.0,66.11677980232076,48.53406592853679,99.3310961716756,0.8333333333333334,0.6666666666666666,30.0,69.60204339273699,67.65927710061479,14794.463336143828,1.0287139676238803,0.23612750885478156
4658.0,6550,1,49.01960784313726,1224.0,68.0,57.0087712549569,98.2344135219425,0.75,0.5,30.0,68.00735254367721,72.19764539096826,15425.127952488338,0.9419608101538552,0.16339869281045752
4658.0,6550,2,nan,nan,nan,--,nan,nan,nan,nan,nan,nan,nan,nan,nan
4658.0,6550,3,49.01960784313726,1224.0,68.0,58.52349955359813,103.19883720275146,0.75,0.5,30.0,71.58910531638176,68.64765108872999,15439.118094735373,1.0428485779338585,0.16339869281045752
4658.0,6550,4,49.72375690607735,1206.6666666666667,73.18166133366717,53.291650377896914,104.59445491994306,0.8,0.6,40.0,73.83765976789891,69.48381106416092,16118.010226581979,1.0626599007316637,0.13812154696132597
4658.0,6550,5,49.01960784313726,1224.0,73.64781055808787,45.0,132.85330255586422,1.0,1.0,80.0,92.87087810503354,56.67892024377325,16536.781675844893,1.6385435309212042,0.16339869281045752
4658.0,6550,6,49.72375690607735,1206.6666666666667,73.18166133366717,53.291650377896914,104.59445491994306,0.8,0.6,40.0,73.83765976789891,69.48381106416092,16118.010226581979,1.0626599007316637,0.13812154696132597
4658.0,6550,7,49.72375690607735,1206.6666666666667,73.18166133366717,53.291650377896914,104.59445491994306,0.8,0.6,40.0,73.83765976789891,69.48381106416092,16118.010226581979,1.0626599007316637,0.13812154696132597
4658.0,6550,8,49.72375690607735,1206.6666666666667,73.18166133366717,53.291650377896914,104.59445491994306,0.8,0.6,40.0,73.83765976789891,69.48381106416092,16118.010226581979,1.0626599007316637,0.13812154696132597
4658.0,6550,9,49.72375690607735,1206.6666666666667,73.18166133366717,53.291650377896914,104.59445491994306,0.8,0.6,40.0,73.83765976789891,69.48381106416092,16118.010226581979,1.0626599007316637,0.13812154696132597
4658.0,6550,10,49.72375690607735,1206.6666666666667,73.18166133366717,53.291650377896914,104.59445491994306,0.8,0.6,40.0,73.83765976789891,69.48381106416092,16118.010226581979,1.0626599007316637,0.13812154696132597
4658.0,6550,11,49.72375690607735,1206.6666666666667,73.18166133366717,53.291650377896914,104.59445491994306,0.8,0.6,40.0,73.83765976789891,69.48381106416092,16118.010226581979,1.0626599007316637,0.13812154696132597
