patient_id,ecg_id,lead,bpm,ibi,sdnn,sdsd,rmssd,pnn20,pnn50,hr_mad,sd1,sd2,s,sd1/sd2,breathingrate
5601.0,6670,0,82.03125,731.4285714285714,78.45445838711989,79.8783797754784,90.0925450115972,0.16666666666666666,0.16666666666666666,10.0,57.65076852142658,60.19643769452733,10902.491710037231,0.9577106342069774,0.390625
5601.0,6670,1,81.87134502923976,732.8571428571429,79.23099785064028,79.09207011803115,90.18499505645788,0.16666666666666666,0.16666666666666666,10.0,57.15476066494081,60.96447052723962,10946.595984886677,0.9375093422553946,0.19493177387914232
5601.0,6670,2,81.77172061328791,733.75,64.98797965777979,49.6655480858378,58.02298395176403,0.16666666666666666,0.16666666666666666,10.0,38.514066694304475,66.03870918719652,7990.387230929125,0.5832044140222462,0.17035775127768313
5601.0,6670,3,80.64516129032258,744.0,128.9340916902896,194.86620924668503,247.27402703164043,0.4444444444444444,0.4444444444444444,10.0,174.80500600227896,78.93582328405057,43348.88001246738,2.2145205906479637,0.26881720430107525
5601.0,6670,4,200.0,300.0,241.47693701699777,185.9267328815305,429.7964634568321,1.0,1.0,120.0,131.47005362439006,162.58651543101598,67152.35319451064,0.8086159745527706,0.37037037037037035
5601.0,6670,5,79.24528301886792,757.1428571428571,21.189138534559035,4.0,8.94427190999916,0.0,0.0,10.0,5.65685424949238,11.313708498984749,201.06192982974656,0.5000000000000004,0.18867924528301888
5601.0,6670,6,64.65517241379311,928.0,204.09801566894274,108.42303978193728,138.80441875771342,0.3333333333333333,0.3333333333333333,10.0,80.20806277010642,256.6666666666666,64675.13892769038,0.3124989458575576,0.21551724137931036
5601.0,6670,7,nan,nan,nan,--,nan,nan,nan,nan,nan,nan,nan,nan,nan
5601.0,6670,8,nan,nan,nan,--,nan,nan,nan,nan,nan,nan,nan,nan,nan
5601.0,6670,9,183.6734693877551,326.6666666666667,196.01587237318876,0.0,430.0,1.0,1.0,30.0,0.0,0.0,0.0,nan,nan
5601.0,6670,10,185.56701030927837,323.3333333333333,179.3197020841702,0.0,390.0,1.0,1.0,20.0,0.0,0.0,0.0,nan,nan
5601.0,6670,11,nan,nan,nan,--,nan,nan,nan,nan,nan,nan,nan,nan,nan
