patient_id,ecg_id,lead,bpm,ibi,sdnn,sdsd,rmssd,pnn20,pnn50,hr_mad,sd1,sd2,s,sd1/sd2,breathingrate
13065.0,6771,0,73.87140902872777,812.2222222222222,13.146843962443592,9.270248108869579,12.747548783981962,0.125,0.0,10.0,8.615030470056388,15.786663675393894,427.26473316484896,0.54571571594854,0.27359781121751026
13065.0,6771,1,73.87140902872777,812.2222222222222,13.966450099973928,5.0,11.180339887498949,0.0,0.0,10.0,7.071067811865475,16.105123408406442,357.7658900407194,0.4390570399587604,0.13679890560875513
13065.0,6771,2,361.4457831325301,166.0,165.96385148579796,83.39997335464535,356.5576157275754,1.0,1.0,30.0,247.67810651013224,68.87992773257274,53595.72799290301,3.5957950982722555,1.2048192771084336
13065.0,6771,3,nan,nan,nan,--,nan,nan,nan,nan,nan,nan,nan,nan,nan
13065.0,6771,4,73.17073170731707,820.0,20.548046676563256,6.614378277661476,18.708286933869708,0.125,0.0,20.0,12.74754878398196,23.717082451262844,949.8123642525791,0.5374838498865699,0.40650406504065045
13065.0,6771,5,73.61963190184049,815.0,22.360679774997898,12.909944487358056,23.804761428476166,0.3333333333333333,0.0,10.0,13.944333775567925,23.80476142847619,1042.825099735594,0.5857791861290055,0.15337423312883436
13065.0,6771,6,2000.0,30.0,0.0,--,nan,nan,nan,0.0,nan,nan,nan,nan,nan
13065.0,6771,7,73.43941248470013,817.0,19.519221295943137,5.665577237325317,12.47219128924647,0.0,0.0,10.0,7.453559924999299,22.959975910857615,537.6319233431093,0.32463274151235333,0.12239902080783353
13065.0,6771,8,73.43941248470013,817.0,19.0,7.370277311900889,11.547005383792516,0.0,0.0,10.0,6.666666666666667,22.22222222222225,465.4211338651551,0.29999999999999966,0.3671970624235006
13065.0,6771,9,73.43941248470013,817.0,19.0,7.370277311900889,11.547005383792516,0.0,0.0,10.0,6.666666666666667,22.22222222222225,465.4211338651551,0.29999999999999966,0.3671970624235006
13065.0,6771,10,73.43941248470013,817.0,19.0,7.370277311900889,11.547005383792516,0.0,0.0,10.0,6.666666666666667,22.22222222222225,465.4211338651551,0.29999999999999966,0.3671970624235006
13065.0,6771,11,73.43941248470013,817.0,19.0,10.999438818457406,15.634719199411432,0.2222222222222222,0.0,10.0,9.999999999999998,20.93493742379643,657.6904561396088,0.47767040319084725,0.12239902080783353
