patient_id,ecg_id,lead,bpm,ibi,sdnn,sdsd,rmssd,pnn20,pnn50,hr_mad,sd1,sd2,s,sd1/sd2,breathingrate
18755.0,6793,0,387.0967741935484,155.0,35.0,0.0,70.0,1.0,1.0,35.0,0.0,0.0,0.0,nan,nan
18755.0,6793,1,72.28915662650603,830.0,18.257418583505537,8.2915619758885,11.180339887498949,0.0,0.0,15.0,7.70551750371122,23.651109910530593,572.5365416158155,0.3257994036161643,0.2008032128514056
18755.0,6793,2,75.81227436823104,791.4285714285714,95.53287712743136,112.17842929904127,130.15375522819156,0.2,0.2,10.0,83.73768566183328,73.34848328356897,19295.763353782073,1.1416416797345232,0.36101083032490977
18755.0,6793,3,nan,nan,nan,--,nan,nan,nan,nan,nan,nan,nan,nan,nan
18755.0,6793,4,75.47169811320755,795.0,94.0744386111339,110.8552609887726,127.67145334803705,0.3333333333333333,0.16666666666666666,15.0,83.06623862918075,67.28876412728779,17559.695066563643,1.2344741311052654,0.31446540880503143
18755.0,6793,5,76.59574468085106,783.3333333333334,96.03240193925288,4.714045207910317,8.16496580927726,0.0,0.0,15.0,5.773502691896257,16.666666666666586,302.2998940390348,0.3464101615137771,0.2127659574468085
18755.0,6793,6,72.14428857715431,831.6666666666666,15.723301886761005,4.330127018922194,8.660254037844387,0.0,0.0,15.0,5.8630196997792865,23.116552511133623,425.78885748305896,0.2536286367508944,0.2004008016032064
18755.0,6793,7,72.16494845360825,831.4285714285714,15.518257844571735,6.324555320336759,11.832159566199232,0.0,0.0,10.0,8.246211251235321,19.697715603592172,510.29368261653076,0.4186379485411751,0.1718213058419244
18755.0,6793,8,72.16494845360825,831.4285714285714,15.518257844571735,6.324555320336759,11.832159566199232,0.0,0.0,10.0,8.246211251235321,19.697715603592172,510.29368261653076,0.4186379485411751,0.1718213058419244
18755.0,6793,9,72.28915662650603,830.0,17.728105208558365,8.0,16.1245154965971,0.0,0.0,10.0,11.313708498984761,22.627416997969505,804.2477193189865,0.5000000000000004,0.1721170395869191
18755.0,6793,10,72.28915662650603,830.0,15.275252316519467,5.0,15.811388300841896,0.0,0.0,10.0,11.180339887498947,17.677669529663603,620.9117666122532,0.6324555320336788,0.2008032128514056
18755.0,6793,11,72.28915662650603,830.0,15.275252316519467,7.0710678118654755,12.24744871391589,0.0,0.0,10.0,7.905694150420947,21.794494717703323,541.2983287036263,0.3627381250550065,0.2008032128514056
