patient_id,ecg_id,lead,bpm,ibi,sdnn,sdsd,rmssd,pnn20,pnn50,hr_mad,sd1,sd2,s,sd1/sd2,breathingrate
18848.0,6825,0,87.37864077669903,686.6666666666666,16.996731711975947,--,nan,nan,nan,10.0,nan,nan,nan,nan,nan
18848.0,6825,1,106.32911392405062,564.2857142857143,136.9939667969926,122.67844146385298,243.20773014030618,0.75,0.75,30.0,86.74675786448735,75.58108228915486,20597.58156769145,1.1477310887480459,0.2531645569620253
18848.0,6825,2,182.50950570342206,328.75,226.13256620840795,189.78606376654741,240.36430683443828,0.5,0.5,185.0,139.4072272158083,263.3616809636512,115342.0716466159,0.5293375509516476,0.3802281368821293
18848.0,6825,3,705.8823529411765,85.0,35.0,--,nan,nan,nan,35.0,nan,nan,nan,nan,nan
18848.0,6825,4,87.91208791208791,682.5,16.393596310755,0.0,0.0,0.0,0.0,5.0,0.0,0.0,0.0,nan,0.3663003663003663
18848.0,6825,5,461.53846153846155,130.0,143.32779612781724,148.49242404917499,273.76997644007645,1.0,1.0,30.0,193.0673457630782,143.74456511465047,87186.67832556552,1.343127968762422,1.0989010989010988
18848.0,6825,6,179.1044776119403,335.0,285.0584735336477,10.0,570.087712549569,1.0,1.0,280.0,403.05086527633205,7.0710678118654755,8953.53906273091,56.99999999999999,0.49751243781094523
18848.0,6825,7,87.91208791208791,682.5,16.393596310755,0.0,0.0,0.0,0.0,5.0,0.0,0.0,0.0,nan,0.3663003663003663
18848.0,6825,8,111.11111111111111,540.0,150.83103128998357,0.0,330.0,1.0,1.0,145.0,0.0,0.0,0.0,nan,0.4629629629629629
18848.0,6825,9,100.0,600.0,0.0,--,nan,nan,nan,0.0,nan,nan,nan,nan,nan
18848.0,6825,10,97.95918367346938,612.5,111.43944544011335,125.0,176.7766952966369,0.5,0.5,10.0,88.38834764831843,88.38834764831842,24543.692606170247,1.0000000000000002,0.4081632653061224
18848.0,6825,11,88.49557522123894,678.0,14.696938456699069,15.0,21.213203435596427,0.5,0.0,10.0,10.606601717798211,3.535533905932766,117.80972450961818,2.9999999999999756,0.2949852507374631
