patient_id,ecg_id,lead,bpm,ibi,sdnn,sdsd,rmssd,pnn20,pnn50,hr_mad,sd1,sd2,s,sd1/sd2,breathingrate
2415.0,6945,0,64.1711229946524,935.0,20.615528128088304,9.89743318610787,30.237157840738178,0.7142857142857143,0.0,10.0,20.99562636671295,18.070158058105072,1191.9023047759215,1.1618950038622218,0.4010695187165775
2415.0,6945,1,63.829787234042556,940.0,15.275252316519467,8.94427190999916,21.908902300206645,0.4,0.0,5.0,15.231546211727816,15.23154621172783,728.8494956328326,0.9999999999999991,0.1773049645390071
2415.0,6945,2,63.829787234042556,940.0,16.903085094570333,9.428090415820634,28.284271247461902,0.6666666666666666,0.0,10.0,20.0,16.329931618554554,1026.0398641294933,1.2247448713915865,0.303951367781155
2415.0,6945,3,64.1711229946524,935.0,20.615528128088304,9.89743318610787,30.237157840738178,0.7142857142857143,0.0,10.0,20.99562636671295,18.070158058105072,1191.9023047759215,1.1618950038622218,0.4010695187165775
2415.0,6945,4,64.1711229946524,935.0,20.615528128088304,9.89743318610787,30.237157840738178,0.7142857142857143,0.0,10.0,20.99562636671295,18.070158058105072,1191.9023047759215,1.1618950038622218,0.4010695187165775
2415.0,6945,5,64.1711229946524,935.0,18.708286933869708,10.301575072754256,25.071326821120348,0.42857142857142855,0.0,5.0,17.261494247992243,17.26149424799229,936.0663824981855,0.9999999999999973,0.1336898395721925
2415.0,6945,6,nan,nan,nan,--,nan,nan,nan,nan,nan,nan,nan,nan,nan
2415.0,6945,7,63.829787234042556,940.0,16.903085094570333,9.428090415820634,28.284271247461902,0.6666666666666666,0.0,10.0,20.0,16.329931618554554,1026.0398641294933,1.2247448713915865,0.303951367781155
2415.0,6945,8,64.1711229946524,935.0,16.583123951777,8.32993127835043,20.354009783964297,0.2857142857142857,0.0,5.0,14.069796859708719,18.013600304169323,796.2294229382181,0.7810652297226893,0.267379679144385
2415.0,6945,9,nan,nan,nan,--,nan,nan,nan,nan,nan,nan,nan,nan,nan
2415.0,6945,10,64.1711229946524,935.0,18.708286933869708,10.301575072754256,25.071326821120348,0.42857142857142855,0.0,5.0,17.261494247992243,17.26149424799229,936.0663824981855,0.9999999999999973,0.1336898395721925
2415.0,6945,11,64.1711229946524,935.0,20.615528128088304,9.89743318610787,30.237157840738178,0.7142857142857143,0.0,10.0,20.99562636671295,18.070158058105072,1191.9023047759215,1.1618950038622218,0.4010695187165775
