patient_id,ecg_id,lead,bpm,ibi,sdnn,sdsd,rmssd,pnn20,pnn50,hr_mad,sd1,sd2,s,sd1/sd2,breathingrate
5411.0,6965,0,63.074901445466494,951.25,18.99835519196333,8.32993127835043,14.142135623730951,0.0,0.0,15.0,7.953949089757174,21.044171232366025,525.8531823347922,0.37796447300922764,0.1314060446780552
5411.0,6965,1,63.34841628959276,947.1428571428571,15.779087167410372,10.671873729054749,15.811388300841896,0.16666666666666666,0.0,10.0,9.50146187582615,14.953632037438629,446.361771581353,0.6353949229215909,0.15082956259426847
5411.0,6965,2,62.7906976744186,955.5555555555555,22.16659704806667,7.0710678118654755,12.24744871391589,0.0,0.0,20.0,6.846531968814577,28.28427124746188,608.3668013960413,0.24206145913796373,0.23255813953488372
5411.0,6965,3,nan,nan,nan,--,nan,nan,nan,nan,nan,nan,nan,nan,nan
5411.0,6965,4,62.874251497005986,954.2857142857143,18.405855323893036,8.16496580927726,12.909944487358056,0.0,0.0,10.0,5.773502691896257,19.860625479688256,360.23189868352466,0.2907009498669063,0.14970059880239522
5411.0,6965,5,63.34841628959276,947.1428571428571,15.779087167410372,10.671873729054749,15.811388300841896,0.16666666666666666,0.0,10.0,9.50146187582615,14.953632037438629,446.361771581353,0.6353949229215909,0.15082956259426847
5411.0,6965,6,63.074901445466494,951.25,18.99835519196333,8.32993127835043,11.952286093343936,0.0,0.0,15.0,5.890150893739515,21.71240593367233,401.7762336844683,0.27128043348733044,0.1314060446780552
5411.0,6965,7,nan,nan,nan,--,nan,nan,nan,nan,nan,nan,nan,nan,nan
5411.0,6965,8,63.26889279437609,948.3333333333334,13.437096247164249,4.0,12.649110640673518,0.0,0.0,10.0,6.928203230275509,13.856406460550991,301.5928947446195,0.500000000000001,0.17574692442882248
5411.0,6965,9,63.44410876132931,945.7142857142857,12.936264483053451,7.453559924999299,10.0,0.0,0.0,10.0,5.270462766947299,14.142135623730914,234.16049103469024,0.3726779962499659,0.1510574018126888
5411.0,6965,10,63.074901445466494,951.25,18.328597873268976,10.690449676496975,14.638501094227998,0.14285714285714285,0.0,15.0,9.035079029052511,21.852940772540485,620.2856256343367,0.4134491152973619,0.1314060446780552
5411.0,6965,11,63.074901445466494,951.25,18.328597873268976,10.690449676496975,14.638501094227998,0.14285714285714285,0.0,15.0,9.035079029052511,21.852940772540485,620.2856256343367,0.4134491152973619,0.1314060446780552
