patient_id,ecg_id,lead,bpm,ibi,sdnn,sdsd,rmssd,pnn20,pnn50,hr_mad,sd1,sd2,s,sd1/sd2,breathingrate
11941.0,7116,0,76.23888182973316,787.0,10.04987562112089,6.285393610547089,10.0,0.0,0.0,5.0,7.027283689263065,12.372809695177782,273.1528222503143,0.5679618342470668,0.38119440914866587
11941.0,7116,1,76.37906647807638,785.5555555555555,9.558139185602919,4.841229182759271,7.905694150420948,0.0,0.0,10.0,5.519850541454904,11.9569540435681,207.3469977411645,0.46164353574848344,0.2828854314002829
11941.0,7116,2,75.9493670886076,790.0,9.258200997725515,4.714045207910316,5.773502691896258,0.0,0.0,10.0,3.3333333333333335,12.247448713915903,128.25498301618654,0.2721655269759084,0.18083182640144665
11941.0,7116,3,1200.0,50.0,0.0,--,nan,nan,nan,0.0,nan,nan,nan,nan,nan
11941.0,7116,4,76.23888182973316,787.0,10.04987562112089,4.969039949999533,7.453559924999299,0.0,0.0,5.0,5.211573066470478,13.240416986458843,216.78057625776933,0.39361094683048314,0.12706480304955528
11941.0,7116,5,76.23888182973316,787.0,10.04987562112089,4.969039949999533,7.453559924999299,0.0,0.0,5.0,5.211573066470478,13.240416986458843,216.78057625776933,0.39361094683048314,0.12706480304955528
11941.0,7116,6,75.84269662921349,791.1111111111111,10.999438818457406,5.0,7.0710678118654755,0.0,0.0,10.0,4.85912657903775,15.679073101855664,239.3472655131827,0.30991159665316304,0.1404494382022472
11941.0,7116,7,76.23888182973316,787.0,10.04987562112089,4.969039949999533,7.453559924999299,0.0,0.0,5.0,5.211573066470478,13.240416986458843,216.78057625776933,0.39361094683048314,0.12706480304955528
11941.0,7116,8,76.23888182973316,787.0,10.04987562112089,4.969039949999533,7.453559924999299,0.0,0.0,5.0,5.211573066470478,13.240416986458843,216.78057625776933,0.39361094683048314,0.12706480304955528
11941.0,7116,9,76.23888182973316,787.0,10.04987562112089,4.969039949999533,7.453559924999299,0.0,0.0,5.0,5.211573066470478,13.240416986458843,216.78057625776933,0.39361094683048314,0.12706480304955528
11941.0,7116,10,76.23888182973316,787.0,10.04987562112089,4.969039949999533,7.453559924999299,0.0,0.0,5.0,5.211573066470478,13.240416986458843,216.78057625776933,0.39361094683048314,0.12706480304955528
11941.0,7116,11,76.23888182973316,787.0,10.04987562112089,4.969039949999533,7.453559924999299,0.0,0.0,5.0,5.211573066470478,13.240416986458843,216.78057625776933,0.39361094683048314,0.12706480304955528
