patient_id,ecg_id,lead,bpm,ibi,sdnn,sdsd,rmssd,pnn20,pnn50,hr_mad,sd1,sd2,s,sd1/sd2,breathingrate
16836.0,7238,0,54.263565891472865,1105.7142857142858,4.948716593053935,5.0,7.0710678118654755,0.0,0.0,0.0,4.859126579037749,4.85912657903779,74.1764932097596,0.9999999999999916,0.12919896640826872
16836.0,7238,1,54.54545454545455,1100.0,0.0,--,nan,nan,nan,0.0,nan,nan,nan,nan,nan
16836.0,7238,2,54.21686746987952,1106.6666666666667,7.4535599249993,9.797958971132712,12.649110640673518,0.0,0.0,0.0,8.944271909999157,6.928203230275566,194.6773764467349,1.290994448735795,0.1506024096385542
16836.0,7238,3,51.54639175257732,1164.0,113.06635220082056,131.99326582148888,161.65807537309522,0.3333333333333333,0.3333333333333333,0.0,93.33333333333333,93.33333333333333,27366.762671271084,1.0,0.1718213058419244
16836.0,7238,4,54.263565891472865,1105.7142857142858,9.035079029052513,9.428090415820634,16.32993161855452,0.0,0.0,0.0,11.547005383792515,6.666666666666721,241.839915231231,1.732050807568863,0.12919896640826872
16836.0,7238,5,54.263565891472865,1105.7142857142858,7.2843135908468355,8.975274678557506,12.24744871391589,0.0,0.0,0.0,8.579691784155832,6.346477588219975,171.06230118954076,1.3518824678560342,0.25839793281653745
16836.0,7238,6,54.263565891472865,1105.7142857142858,4.948716593053935,5.0,7.0710678118654755,0.0,0.0,0.0,4.859126579037749,4.85912657903779,74.1764932097596,0.9999999999999916,0.12919896640826872
16836.0,7238,7,54.263565891472865,1105.7142857142858,7.2843135908468355,8.975274678557506,12.24744871391589,0.0,0.0,0.0,8.579691784155832,6.346477588219975,171.06230118954076,1.3518824678560342,0.25839793281653745
16836.0,7238,8,54.29864253393665,1105.0,7.637626158259733,8.94427190999916,13.416407864998739,0.0,0.0,0.0,9.380831519646858,6.32455532033681,186.38939747698925,1.4832396974191204,0.15082956259426847
16836.0,7238,9,54.29864253393665,1105.0,7.637626158259733,8.94427190999916,13.416407864998739,0.0,0.0,0.0,9.380831519646858,6.32455532033681,186.38939747698925,1.4832396974191204,0.15082956259426847
16836.0,7238,10,54.29864253393665,1105.0,7.637626158259733,8.94427190999916,13.416407864998739,0.0,0.0,0.0,9.380831519646858,6.32455532033681,186.38939747698925,1.4832396974191204,0.15082956259426847
16836.0,7238,11,52.573932092004384,1141.25,94.26525075551436,95.4260050980842,106.4357619814479,0.14285714285714285,0.14285714285714285,0.0,69.32620319171959,71.5855418078146,15590.950932929618,0.9684386182036501,0.21905805038335158
