patient_id,ecg_id,lead,bpm,ibi,sdnn,sdsd,rmssd,pnn20,pnn50,hr_mad,sd1,sd2,s,sd1/sd2,breathingrate
9922.0,7332,0,58.74125874125874,1021.4285714285714,20.303814862216992,16.32993161855452,25.81988897471611,0.3333333333333333,0.0,10.0,18.104634152000358,21.47349787787517,1221.3564200083063,0.8431152788877558,0.13986013986013984
9922.0,7332,1,58.465286236297196,1026.25,23.418742493993992,15.518257844571737,26.457513110645905,0.42857142857142855,0.0,15.0,18.680995472317175,25.030593525621736,1468.997428661588,0.7463265085262558,0.24360535931790497
9922.0,7332,2,nan,nan,nan,--,nan,nan,nan,nan,nan,nan,nan,nan,nan
9922.0,7332,3,nan,nan,nan,--,nan,nan,nan,nan,nan,nan,nan,nan,nan
9922.0,7332,4,117.6470588235294,510.0,0.0,--,nan,nan,nan,0.0,nan,nan,nan,nan,nan
9922.0,7332,5,57.915057915057915,1036.0,13.564659966250536,8.16496580927726,12.909944487358056,0.0,0.0,10.0,5.773502691896257,14.529663145135599,263.5389377518429,0.3973597071195126,0.19305019305019305
9922.0,7332,6,58.53658536585366,1025.0,21.213203435596427,15.118578920369089,25.071326821120348,0.2857142857142857,0.0,15.0,17.728105208558365,22.58769757263123,1258.0101855695877,0.7848566748139449,0.12195121951219513
9922.0,7332,7,59.016393442622956,1016.6666666666666,17.950549357115012,17.88854381999832,26.832815729997478,0.4,0.0,5.0,18.973665961010273,18.110770276274817,1079.5382752272515,1.047645443654368,0.16393442622950818
9922.0,7332,8,58.465286236297196,1026.25,23.418742493993992,15.518257844571737,26.457513110645905,0.42857142857142855,0.0,15.0,18.680995472317175,25.030593525621736,1468.997428661588,0.7463265085262558,0.24360535931790497
9922.0,7332,9,58.465286236297196,1026.25,22.32571387436469,18.51640199545103,27.255405754769875,0.2857142857142857,0.14285714285714285,15.0,19.27248223318863,24.15933503612534,1462.7580714867772,0.7977240352174667,0.24360535931790497
9922.0,7332,10,58.465286236297196,1026.25,22.32571387436469,18.51640199545103,27.255405754769875,0.2857142857142857,0.14285714285714285,15.0,19.27248223318863,24.15933503612534,1462.7580714867772,0.7977240352174667,0.24360535931790497
9922.0,7332,11,58.465286236297196,1026.25,23.418742493993992,15.518257844571737,26.457513110645905,0.42857142857142855,0.0,15.0,18.680995472317175,25.030593525621736,1468.997428661588,0.7463265085262558,0.24360535931790497
