patient_id,ecg_id,lead,bpm,ibi,sdnn,sdsd,rmssd,pnn20,pnn50,hr_mad,sd1,sd2,s,sd1/sd2,breathingrate
8304.0,7365,0,83.04498269896193,722.5,8.2915619758885,4.714045207910317,8.16496580927726,0.0,0.0,5.0,5.270462766947298,7.071067811865457,117.08024551734512,0.7453559924999317,0.3460207612456747
8304.0,7365,1,84.0,714.2857142857143,15.907898179514348,4.898979485566356,7.745966692414834,0.0,0.0,10.0,5.2915026221291805,20.493901531919168,340.6854087817828,0.2581988897471615,0.2
8304.0,7365,2,83.96946564885496,714.5454545454545,14.373989364401723,6.0,10.0,0.0,0.0,10.0,6.928203230275509,19.493588689617894,424.2895052624673,0.355409326655456,0.1272264631043257
8304.0,7365,3,nan,nan,nan,--,nan,nan,nan,nan,nan,nan,nan,nan,nan
8304.0,7365,4,83.86277001270648,715.4545454545455,13.726971700492273,6.0,10.0,0.0,0.0,10.0,6.928203230275508,18.43908891458575,401.33769300400604,0.3757345746510901,0.12706480304955528
8304.0,7365,5,84.03361344537815,714.0,13.564659966250536,3.1426968052735447,9.428090415820634,0.0,0.0,15.0,6.478835438717,18.257418583505498,371.6089750037091,0.35486043161491876,0.1400560224089636
8304.0,7365,6,84.03361344537815,714.0,14.2828568570857,6.285393610547089,10.0,0.0,0.0,10.0,6.666666666666665,18.79059391698637,393.54927870795615,0.3547874375934501,0.1400560224089636
8304.0,7365,7,83.96946564885496,714.5454545454545,14.373989364401725,4.58257569495584,8.366600265340756,0.0,0.0,10.0,5.522680508593631,19.352002480363595,335.75748520374424,0.285380312151028,0.1272264631043257
8304.0,7365,8,83.33333333333333,720.0,12.47219128924647,6.3887656499993986,10.690449676496975,0.0,0.0,10.0,7.284313590846835,13.552618543578761,310.14281281716853,0.5374838498865702,0.15432098765432098
8304.0,7365,9,83.86277001270648,715.4545454545455,13.726971700492273,4.0,8.94427190999916,0.0,0.0,10.0,6.164414002968975,18.70828693386967,362.30613924482134,0.3295017884191662,0.12706480304955528
8304.0,7365,10,83.96946564885496,714.5454545454545,14.373989364401723,4.898979485566356,7.745966692414834,0.0,0.0,10.0,5.2915026221291805,19.99999999999997,332.4749152826427,0.2645751311064594,0.1272264631043257
8304.0,7365,11,84.03361344537815,714.0,14.2828568570857,6.285393610547089,10.0,0.0,0.0,10.0,6.666666666666665,18.79059391698637,393.54927870795615,0.3547874375934501,0.1400560224089636
