patient_id,ecg_id,lead,bpm,ibi,sdnn,sdsd,rmssd,pnn20,pnn50,hr_mad,sd1,sd2,s,sd1/sd2,breathingrate
19885.0,7485,0,nan,nan,nan,--,nan,nan,nan,nan,nan,nan,nan,nan,nan
19885.0,7485,1,857.1428571428571,70.0,0.0,--,nan,nan,nan,0.0,nan,nan,nan,nan,nan
19885.0,7485,2,500.0,120.0,0.0,--,nan,nan,nan,0.0,nan,nan,nan,nan,nan
19885.0,7485,3,60.6826801517067,988.75,18.328597873268976,16.035674514745462,25.63479777846623,0.42857142857142855,0.0,5.0,18.126539343499314,19.94891434824137,1136.014922843792,0.9086479107118574,0.2528445006321112
19885.0,7485,4,nan,nan,nan,--,nan,nan,nan,nan,nan,nan,nan,nan,nan
19885.0,7485,5,62.0384047267356,967.1428571428571,41.99125273342591,40.19950248448356,58.137767414994535,0.4,0.2,20.0,38.05259518088089,29.79932885150266,3562.3832204615924,1.2769614836128114,0.2954209748892171
19885.0,7485,6,60.674157303370784,988.8888888888889,16.62958838566196,13.228756555322953,23.979157616563597,0.5,0.0,10.0,16.955824957813167,17.320508075688764,922.6339358564456,0.9789450103725612,0.33707865168539325
19885.0,7485,7,nan,nan,nan,--,nan,nan,nan,nan,nan,nan,nan,nan,nan
19885.0,7485,8,60.869565217391305,985.7142857142857,20.603150145508508,17.716909687891082,33.4165627596057,0.6666666666666666,0.0,20.0,23.599670430843823,19.75544931854951,1464.6799027216266,1.1945904165634318,0.2898550724637681
19885.0,7485,9,60.78147612156295,987.1428571428571,19.05952009160905,14.907119849998598,27.688746209726915,0.5,0.0,10.0,19.578900207451216,20.000000000000043,1230.1785811419309,0.9789450103725588,0.2894356005788712
19885.0,7485,10,1285.7142857142858,46.666666666666664,4.714045207910317,0.0,0.0,0.0,0.0,0.0,0.0,0.0,0.0,nan,3.571428571428571
19885.0,7485,11,857.1428571428571,70.0,0.0,--,nan,nan,nan,0.0,nan,nan,nan,nan,nan
