patient_id,ecg_id,lead,bpm,ibi,sdnn,sdsd,rmssd,pnn20,pnn50,hr_mad,sd1,sd2,s,sd1/sd2,breathingrate
9660.0,7519,0,71.42857142857143,840.0,10.0,7.0710678118654755,12.24744871391589,0.0,0.0,5.0,7.905694150420948,8.660254037844364,215.09014535795478,0.9128709291752792,0.1984126984126984
9660.0,7519,1,71.59904534606206,838.0,9.797958971132712,12.27262335243029,17.320508075688775,0.1111111111111111,0.0,0.0,12.222222222222221,7.453559924999271,286.1961557090655,1.6397831834998517,0.2386634844868735
9660.0,7519,2,72.72727272727273,825.0,37.749172176353746,20.0,72.80109889280519,1.0,0.5,25.0,49.49747468305832,14.142135623730951,2199.114857512855,3.4999999999999996,0.303030303030303
9660.0,7519,3,71.42857142857143,840.0,12.24744871391589,12.47219128924647,20.816659994661325,0.16666666666666666,0.0,10.0,14.52966314513558,7.8173595997056875,356.8334085688212,1.8586407545691772,0.2976190476190476
9660.0,7519,4,71.55025553662692,838.5714285714286,11.24858267715973,14.142135623730951,17.320508075688775,0.3333333333333333,0.0,0.0,9.999999999999998,3.33333333333336,104.71975511966059,2.9999999999999756,0.17035775127768313
9660.0,7519,5,72.28915662650603,830.0,8.16496580927726,--,nan,nan,nan,10.0,nan,nan,nan,nan,nan
9660.0,7519,6,71.55025553662692,838.5714285714286,9.89743318610787,12.0,18.439088914585774,0.2,0.0,10.0,12.961481396815719,9.380831519646847,381.98459584871307,1.3816985594155164,0.17035775127768313
9660.0,7519,7,71.52317880794702,838.8888888888889,9.938079899999066,12.99038105676658,18.027756377319946,0.125,0.0,0.0,12.74754878398196,7.705517503711198,308.58752601755475,1.654340383737027,0.26490066225165565
9660.0,7519,8,71.52317880794702,838.8888888888889,10.999438818457406,12.183492931011205,18.371173070873837,0.125,0.0,10.0,12.960275845829825,9.312290266094578,379.158348023586,1.391738817787641,0.26490066225165565
9660.0,7519,9,nan,nan,nan,--,nan,nan,nan,nan,nan,nan,nan,nan,nan
9660.0,7519,10,74.07407407407408,810.0,48.40306956027833,38.58612300930075,60.55300708194983,0.6666666666666666,0.3333333333333333,10.0,32.14550253664318,33.82963855030739,3416.3900621193006,0.9502171443197724,0.1763668430335097
9660.0,7519,11,197.8021978021978,303.3333333333333,239.76840677805924,0.0,470.0,1.0,1.0,70.0,0.0,0.0,0.0,nan,nan
