patient_id,ecg_id,lead,bpm,ibi,sdnn,sdsd,rmssd,pnn20,pnn50,hr_mad,sd1,sd2,s,sd1/sd2,breathingrate
13791.0,7540,0,nan,nan,nan,--,nan,nan,nan,nan,nan,nan,nan,nan,nan
13791.0,7540,1,89.55223880597015,670.0,8.16496580927726,3.499271061118826,3.779644730092272,0.0,0.0,0.0,2.4743582965269675,5.150787536377134,40.039264966227336,0.48038446141526076,0.16583747927031509
13791.0,7540,2,90.9090909090909,660.0,0.0,--,nan,nan,nan,0.0,nan,nan,nan,nan,nan
13791.0,7540,3,89.41877794336811,671.0,8.306623862918075,7.856742013183861,11.055415967851333,0.0,0.0,0.0,7.453559924999298,6.186404847588904,144.86115968508096,1.20482899335375,0.29806259314456035
13791.0,7540,4,89.75834292289989,668.4615384615385,17.90837957972741,8.624393618641035,19.306145983268458,0.18181818181818182,0.0,10.0,13.636363636363635,17.698111212665268,758.1853113835137,0.7704982454062708,0.11507479861910243
13791.0,7540,5,90.56603773584905,662.5,6.614378277661476,4.898979485566356,7.745966692414834,0.0,0.0,5.0,5.2915026221291805,8.246211251235305,137.08291935786187,0.6416889479197491,0.18867924528301888
13791.0,7540,6,89.88764044943821,667.5,8.2915619758885,4.979295977319692,6.741998624632421,0.0,0.0,5.0,4.359846839375199,9.22626505917475,126.37088668447788,0.4725473213063281,0.37453183520599254
13791.0,7540,7,89.74358974358975,668.5714285714286,15.518257844571735,11.661903789690601,16.73320053068151,0.2,0.0,10.0,8.24621125123532,15.099668870541509,391.17559565301303,0.5461186812727498,0.4273504273504274
13791.0,7540,8,90.3010033444816,664.4444444444445,8.31479419283098,4.948716593053935,7.559289460184544,0.0,0.0,10.0,5.3452248382484875,11.605769149479947,194.8900999228131,0.4605661864718381,0.16722408026755853
13791.0,7540,9,89.55223880597015,670.0,11.547005383792516,4.714045207910317,8.16496580927726,0.0,0.0,10.0,5.5555555555555545,14.948471163415237,260.9000399410232,0.371647073123583,0.24875621890547261
13791.0,7540,10,93.16770186335404,644.0,30.72458299147443,0.0,80.0,1.0,1.0,10.0,0.0,0.0,0.0,nan,0.3105590062111801
13791.0,7540,11,90.51724137931033,662.8571428571429,30.10186786529354,20.615528128088304,40.620192023179804,0.75,0.0,10.0,27.838821814150105,32.01562118716427,2800.0298205760896,0.8695387058524814,0.21551724137931036
