patient_id,ecg_id,lead,bpm,ibi,sdnn,sdsd,rmssd,pnn20,pnn50,hr_mad,sd1,sd2,s,sd1/sd2,breathingrate
12887.0,7569,0,52.23880597014925,1148.5714285714287,43.892261416392046,36.05551275463989,61.644140029689765,0.6666666666666666,0.5,40.0,41.96559437338056,41.63331998932266,5488.887071764604,1.007980972551387,0.12437810945273631
12887.0,7569,1,52.478134110787174,1143.3333333333333,45.70436400267363,33.1058907144937,70.28513356322232,0.8,0.6,40.0,47.20169488482378,36.4965751817893,5412.022311732948,1.2933184730269163,0.14577259475218657
12887.0,7569,2,nan,nan,nan,--,nan,nan,nan,nan,nan,nan,nan,nan,nan
12887.0,7569,3,nan,nan,nan,--,nan,nan,nan,nan,nan,nan,nan,nan,nan
12887.0,7569,4,266.6666666666667,225.0,105.0,--,nan,nan,nan,105.0,nan,nan,nan,nan,nan
12887.0,7569,5,52.96343001261034,1132.857142857143,45.89250972631146,35.552777669262355,73.2120208708925,0.8,0.6,30.0,49.79959839195492,36.33180424916986,5684.112680744995,1.370688833684685,0.25220680958385877
12887.0,7569,6,nan,nan,nan,--,nan,nan,nan,nan,nan,nan,nan,nan,nan
12887.0,7569,7,51.724137931034484,1160.0,40.0,39.293765408777,58.9915248150105,0.6,0.4,15.0,41.617304093369626,43.220365569948626,5650.8301344828,0.9629095808089689,0.14367816091954022
12887.0,7569,8,52.478134110787174,1143.3333333333333,44.596960534198836,34.058772731852805,68.99275324264136,0.8,0.6,45.0,46.690470119715,37.255872020394314,5464.782134814911,1.2532378813776275,0.14577259475218657
12887.0,7569,9,52.23880597014925,1148.5714285714287,43.892261416392046,36.05551275463989,61.644140029689765,0.6666666666666666,0.5,40.0,41.96559437338056,41.63331998932266,5488.887071764604,1.007980972551387,0.12437810945273631
12887.0,7569,10,52.23880597014925,1148.5714285714287,43.892261416392046,36.05551275463989,61.644140029689765,0.6666666666666666,0.5,40.0,41.96559437338056,41.63331998932266,5488.887071764604,1.007980972551387,0.12437810945273631
12887.0,7569,11,52.23880597014925,1148.5714285714287,44.216535830120456,34.03429642777023,64.67869303977417,0.6666666666666666,0.5,40.0,44.48782605013046,41.51639569027051,5802.440545722496,1.0715724549411285,0.12437810945273631
