patient_id,ecg_id,lead,bpm,ibi,sdnn,sdsd,rmssd,pnn20,pnn50,hr_mad,sd1,sd2,s,sd1/sd2,breathingrate
13622.0,7671,0,80.10680907877169,749.0,7.0,6.666666666666667,12.01850425154663,0.0,0.0,5.0,8.461970117626564,5.211573066470519,138.54478754341213,1.623688281771964,0.26702269692923897
13622.0,7671,1,80.10680907877169,749.0,7.0,5.994789404140899,12.747548783981962,0.0,0.0,5.0,8.970437559004576,5.519850541454948,155.55745129627928,1.6251232694862252,0.26702269692923897
13622.0,7671,2,80.89887640449439,741.6666666666666,24.776781245530845,0.0,40.0,1.0,0.0,15.0,0.0,0.0,0.0,nan,0.2247191011235955
13622.0,7671,3,80.35714285714286,746.6666666666666,37.26779962499649,50.0,70.71067811865476,0.5,0.5,40.0,35.35533905932737,0.0,0.0,inf,0.2232142857142857
13622.0,7671,4,80.0,750.0,0.0,0.0,0.0,0.0,0.0,0.0,0.0,0.0,0.0,nan,0.26666666666666666
13622.0,7671,5,80.10680907877169,749.0,7.0,5.994789404140899,12.747548783981962,0.0,0.0,5.0,8.970437559004576,5.519850541454948,155.55745129627928,1.6251232694862252,0.26702269692923897
13622.0,7671,6,80.09708737864078,749.0909090909091,6.680426571226849,6.0,10.0,0.0,0.0,0.0,7.071067811865475,6.928203230275523,153.90597961942396,1.0206207261596554,0.24271844660194175
13622.0,7671,7,80.10680907877169,749.0,3.0,3.1426968052735447,3.3333333333333335,0.0,0.0,0.0,2.222222222222222,2.2222222222222405,15.514037795505278,0.9999999999999916,0.13351134846461948
13622.0,7671,8,80.09708737864078,749.0909090909091,6.680426571226849,7.483314773547883,10.954451150103322,0.0,0.0,0.0,7.745966692414833,6.16441400296898,150.0089931786883,1.2565617248750858,0.3640776699029126
13622.0,7671,9,80.1944106925881,748.1818181818181,7.158188976374373,6.324555320336759,11.832159566199232,0.0,0.0,10.0,8.366600265340754,5.291502622129224,139.0842357211465,1.5811388300841764,0.24301336573511542
13622.0,7671,10,80.10680907877169,749.0,5.385164807134504,4.714045207910317,8.16496580927726,0.0,0.0,0.0,5.773502691896257,5.555555555555601,100.76663134634624,1.0392304845413178,0.26702269692923897
13622.0,7671,11,nan,nan,nan,--,nan,nan,nan,nan,nan,nan,nan,nan,nan
