patient_id,ecg_id,lead,bpm,ibi,sdnn,sdsd,rmssd,pnn20,pnn50,hr_mad,sd1,sd2,s,sd1/sd2,breathingrate
7277.0,7795,0,195.65217391304347,306.6666666666667,180.61622912192087,0.0,180.0,1.0,1.0,180.0,0.0,0.0,0.0,nan,nan
7277.0,7795,1,286.56716417910445,209.375,197.34071899889287,150.71034956981427,289.28293310289735,1.0,0.9230769230769231,140.0,204.1014366674182,172.69359259415768,110731.74878198389,1.1818703496838543,0.29850746268656714
7277.0,7795,2,750.0,80.0,0.0,--,nan,nan,nan,0.0,nan,nan,nan,nan,nan
7277.0,7795,3,72.28915662650603,830.0,15.811388300841896,0.0,30.0,1.0,0.0,15.0,21.213203435596423,7.071067811865532,471.2388980384727,2.9999999999999756,0.3012048192771084
7277.0,7795,4,nan,nan,nan,--,nan,nan,nan,nan,nan,nan,nan,nan,nan
7277.0,7795,5,nan,nan,nan,--,nan,nan,nan,nan,nan,nan,nan,nan,nan
7277.0,7795,6,70.86614173228347,846.6666666666666,11.05541596785133,10.897247358851684,16.583123951777,0.25,0.0,0.0,10.458250331675943,7.705517503711283,253.16911125529157,1.3572417850765812,0.19685039370078738
7277.0,7795,7,70.86614173228347,846.6666666666666,7.4535599249993,4.330127018922194,8.660254037844387,0.0,0.0,5.0,5.863019699779286,7.705517503711283,141.929619161021,0.7608859102526758,0.19685039370078738
7277.0,7795,8,70.86614173228347,846.6666666666666,11.05541596785133,10.897247358851684,16.583123951777,0.25,0.0,0.0,10.458250331675943,7.705517503711283,253.16911125529157,1.3572417850765812,0.19685039370078738
7277.0,7795,9,70.86614173228347,846.6666666666666,9.428090415820634,7.0710678118654755,12.24744871391589,0.0,0.0,5.0,8.660254037844386,7.905694150421012,215.09014535795708,1.0954451150103233,0.19685039370078738
7277.0,7795,10,70.75471698113208,848.0,7.483314773547883,8.16496580927726,12.909944487358056,0.0,0.0,10.0,5.773502691896257,3.33333333333336,60.459978807807744,1.7320508075688632,0.23584905660377356
7277.0,7795,11,70.75471698113208,848.0,7.483314773547883,8.16496580927726,12.909944487358056,0.0,0.0,10.0,5.773502691896257,3.33333333333336,60.459978807807744,1.7320508075688632,0.23584905660377356
