patient_id,ecg_id,lead,bpm,ibi,sdnn,sdsd,rmssd,pnn20,pnn50,hr_mad,sd1,sd2,s,sd1/sd2,breathingrate
15616.0,7972,0,97.2568578553616,616.9230769230769,6.05692913385524,5.527707983925667,10.0,0.0,0.0,0.0,7.071067811865475,5.270462766947294,117.08024551734532,1.341640786499875,0.3740648379052369
15616.0,7972,1,97.33487833140208,616.4285714285714,7.17848258651492,6.617173282340482,10.741723110591494,0.0,0.0,5.0,7.5760444629200805,7.008025830111008,166.796940939364,1.0810525883578364,0.4634994206257242
15616.0,7972,2,97.42895805142084,615.8333333333334,4.930066485916347,4.841229182759271,7.905694150420948,0.0,0.0,0.0,4.921254921257382,4.238956239453286,65.53671488028847,1.160959123723366,0.2706359945872801
15616.0,7972,3,98.36065573770492,610.0,0.0,--,nan,nan,nan,0.0,nan,nan,nan,nan,nan
15616.0,7972,4,97.33487833140208,616.4285714285714,6.102859818083951,4.615384615384616,8.320502943378436,0.0,0.0,5.0,5.858287004510698,6.435846357954433,118.44757803112154,0.9102589898327986,0.11587485515643105
15616.0,7972,5,97.2568578553616,616.9230769230769,6.05692913385524,6.236095644623235,9.128709291752768,0.0,0.0,0.0,6.454972243679028,6.009252125773316,121.86098315130256,1.0741723110591492,0.24937655860349128
15616.0,7972,6,97.2568578553616,616.9230769230769,6.05692913385524,5.527707983925667,10.0,0.0,0.0,0.0,7.071067811865475,5.270462766947294,117.08024551734532,1.341640786499875,0.3740648379052369
15616.0,7972,7,100.84033613445378,595.0,22.47220505424423,12.99038105676658,39.68626966596886,0.75,0.0,20.0,9.185586535436917,3.061862178478948,88.35729338221222,3.0000000000000235,0.1680672268907563
15616.0,7972,8,97.33487833140208,616.4285714285714,6.102859818083951,6.056929133855239,9.198662110077999,0.0,0.0,5.0,6.481653671674121,5.807564950208268,118.25779316596116,1.1160708020048367,0.2317497103128621
15616.0,7972,9,97.33487833140208,616.4285714285714,6.102859818083951,6.617173282340482,10.741723110591494,0.0,0.0,5.0,7.57604446292008,4.2828956637153865,101.93653853283209,1.7689070801103537,0.34762456546929316
15616.0,7972,10,97.2568578553616,616.9230769230769,6.05692913385524,6.8718427093627685,10.801234497346433,0.0,0.0,0.0,7.6376261582597325,4.409585518440969,105.80496291366234,1.732050807568883,0.3740648379052369
15616.0,7972,11,97.2568578553616,616.9230769230769,6.05692913385524,6.8718427093627685,10.801234497346433,0.0,0.0,0.0,7.6376261582597325,4.409585518440969,105.80496291366234,1.732050807568883,0.3740648379052369
