patient_id,ecg_id,lead,bpm,ibi,sdnn,sdsd,rmssd,pnn20,pnn50,hr_mad,sd1,sd2,s,sd1/sd2,breathingrate
15032.0,8148,0,82.98755186721992,723.0,7.810249675906654,6.666666666666667,9.428090415820634,0.0,0.0,5.0,6.478835438717,8.16496580927724,166.18858583146266,0.7934920476158741,0.1383125864453665
15032.0,8148,1,83.10249307479225,722.0,6.0,4.15739709641549,8.819171036881968,0.0,0.0,0.0,6.186404847588913,5.773502691896212,112.20897179452166,1.0715167512214478,0.13850415512465375
15032.0,8148,2,82.75862068965517,725.0,7.637626158259733,5.0,7.0710678118654755,0.0,0.0,0.0,3.5355339059327373,10.606601717798242,117.80972450961754,0.33333333333333237,0.22988505747126434
15032.0,8148,3,83.33333333333333,720.0,5.3452248382484875,4.898979485566356,7.745966692414834,0.0,0.0,0.0,5.2915026221291805,5.291502622129139,87.96459430051348,1.000000000000008,0.1984126984126984
15032.0,8148,4,83.10249307479225,722.0,6.0,6.849348892187752,8.819171036881968,0.0,0.0,0.0,6.186404847588912,5.773502691896237,112.20897179452211,1.0715167512214432,0.13850415512465375
15032.0,8148,5,82.87292817679558,724.0,8.0,6.666666666666667,12.01850425154663,0.0,0.0,5.0,8.461970117626564,5.879447357921287,156.2995998878966,1.439245834257855,0.27624309392265195
15032.0,8148,6,83.10249307479225,722.0,6.0,4.969039949999533,7.453559924999299,0.0,0.0,0.0,5.211573066470477,6.666666666666636,109.15093106180004,0.7817359599705751,0.2770083102493075
15032.0,8148,7,83.10249307479225,722.0,6.0,6.849348892187751,8.819171036881968,0.0,0.0,0.0,6.186404847588913,5.773502691896237,112.20897179452214,1.0715167512214434,0.2770083102493075
15032.0,8148,8,83.10249307479225,722.0,6.0,4.969039949999533,7.453559924999299,0.0,0.0,0.0,5.211573066470477,6.666666666666636,109.15093106180004,0.7817359599705751,0.2770083102493075
15032.0,8148,9,82.91457286432161,723.6363636363636,7.713892158398701,4.0,8.94427190999916,0.0,0.0,0.0,6.164414002968976,7.874007874011797,152.48864865610963,0.782881361258814,0.12562814070351758
15032.0,8148,10,82.91457286432161,723.6363636363636,7.713892158398701,4.898979485566356,7.745966692414834,0.0,0.0,0.0,5.2915026221291805,8.48528137423856,141.0571603024678,0.6236095644623242,0.12562814070351758
15032.0,8148,11,82.91457286432161,723.6363636363636,7.713892158398701,4.0,8.94427190999916,0.0,0.0,0.0,6.164414002968975,7.874007874011797,152.4886486561096,0.7828813612588139,0.12562814070351758
