patient_id,ecg_id,lead,bpm,ibi,sdnn,sdsd,rmssd,pnn20,pnn50,hr_mad,sd1,sd2,s,sd1/sd2,breathingrate
9278.0,8188,0,73.77049180327869,813.3333333333334,9.428090415820634,7.806247497997997,11.726039399558575,0.0,0.0,10.0,7.856128181235333,8.615030470056363,212.62545272920707,0.9119095061289941,0.13661202185792348
9278.0,8188,1,73.95993836671803,811.25,10.532687216470448,4.0,8.94427190999916,0.0,0.0,10.0,5.65685424949238,12.649110640673543,224.79407139330368,0.447213595499957,0.15408320493066255
9278.0,8188,2,73.89162561576354,812.0,10.770329614269007,7.370277311900889,11.547005383792516,0.0,0.0,10.0,8.012336167697754,12.957670877434014,326.1639663948186,0.6183469424008416,0.1231527093596059
9278.0,8188,3,73.17073170731707,820.0,7.0710678118654755,0.0,10.0,0.0,0.0,5.0,0.0,7.071067811865419,0.0,0.0,0.3048780487804878
9278.0,8188,4,73.77049180327869,813.3333333333334,11.547005383792516,6.959705453537527,15.411035007422441,0.0,0.0,10.0,10.56970907830485,11.145346562579377,370.08926161762395,0.9483517644747598,0.13661202185792348
9278.0,8188,5,73.97260273972603,811.1111111111111,7.370277311900889,4.841229182759271,7.905694150420948,0.0,0.0,10.0,5.519850541454904,8.615030470056382,149.3942936391675,0.6407232755171879,0.136986301369863
9278.0,8188,6,73.89162561576354,812.0,7.483314773547883,4.714045207910317,8.16496580927726,0.0,0.0,10.0,5.5555555555555545,8.240220541217402,143.81897953471275,0.674199862463242,0.1231527093596059
9278.0,8188,7,73.77049180327869,813.3333333333334,9.428090415820634,7.806247497997997,11.726039399558575,0.0,0.0,10.0,7.856128181235333,8.615030470056363,212.62545272920707,0.9119095061289941,0.13661202185792348
9278.0,8188,8,73.89162561576354,812.0,10.770329614269007,7.370277311900889,11.547005383792516,0.0,0.0,10.0,8.012336167697754,12.957670877434014,326.1639663948186,0.6183469424008416,0.1231527093596059
9278.0,8188,9,73.61963190184049,815.0,8.660254037844387,6.998542122237652,10.0,0.0,0.0,5.0,6.998542122237651,9.035079029052486,198.65038412931915,0.7745966692414855,0.3067484662576687
9278.0,8188,10,73.80073800738008,813.0,9.0,6.285393610547089,10.0,0.0,0.0,10.0,6.666666666666666,8.888888888888873,186.16845354606147,0.7500000000000012,0.12300123001230011
9278.0,8188,11,73.81370826010544,812.8571428571429,6.998542122237652,5.0,7.0710678118654755,0.0,0.0,10.0,4.85912657903775,8.897565210026075,135.8248596017403,0.5461186812727512,0.17574692442882248
