patient_id,ecg_id,lead,bpm,ibi,sdnn,sdsd,rmssd,pnn20,pnn50,hr_mad,sd1,sd2,s,sd1/sd2,breathingrate
16762.0,8243,0,51.15712545676005,1172.857142857143,21.852940772540506,15.723301886761007,32.4037034920393,0.6666666666666666,0.0,10.0,22.882550362909964,21.37625889730107,1536.6890631403917,1.0704656260408165,0.24360535931790497
16762.0,8243,1,50.991501416430594,1176.6666666666667,20.548046676563256,15.491933384829668,33.76388603226827,0.8,0.0,20.0,23.832750575625965,14.422205101855942,1079.8307933941774,1.6525039276108349,0.141643059490085
16762.0,8243,2,113.20754716981132,530.0,0.0,--,nan,nan,nan,0.0,nan,nan,nan,nan,nan
16762.0,8243,3,nan,nan,nan,--,nan,nan,nan,nan,nan,nan,nan,nan,nan
16762.0,8243,4,51.06382978723404,1175.0,22.9128784747792,13.564659966250536,27.568097504180443,0.6,0.0,20.0,17.54992877478424,22.53885533916925,1242.6736430020712,0.7786521769046993,0.28368794326241137
16762.0,8243,5,nan,nan,nan,--,nan,nan,nan,nan,nan,nan,nan,nan,nan
16762.0,8243,6,51.61290322580645,1162.5,16.393596310755,16.996731711975947,28.867513459481287,0.6666666666666666,0.0,5.0,20.275875100994064,15.275252316519415,973.0112747019347,1.3273676061682285,0.2150537634408602
16762.0,8243,7,51.15712545676005,1172.857142857143,19.05952009160905,13.743685418725535,27.0801280154532,0.6666666666666666,0.0,20.0,19.002923751652297,19.57890020745117,1168.849488917791,0.9705817768262758,0.24360535931790497
16762.0,8243,8,50.919377652050926,1178.3333333333333,15.723301886761007,8.0,27.202941017470888,0.8,0.0,15.0,19.183326093250876,11.313708498984772,681.8341775746608,1.6955824957813153,0.14144271570014144
16762.0,8243,9,50.919377652050926,1178.3333333333333,15.723301886761007,8.0,27.202941017470888,0.8,0.0,15.0,19.183326093250876,11.313708498984772,681.8341775746608,1.6955824957813153,0.14144271570014144
16762.0,8243,10,51.09489051094891,1174.2857142857142,20.60315014550851,16.996731711975947,28.867513459481287,0.6666666666666666,0.0,20.0,20.275875100994064,21.473497877875175,1367.830469148117,0.9442278671275507,0.24330900243309
16762.0,8243,11,51.15712545676005,1172.857142857143,21.852940772540506,15.723301886761007,32.4037034920393,0.6666666666666666,0.0,10.0,22.882550362909964,21.37625889730107,1536.6890631403917,1.0704656260408165,0.24360535931790497
