patient_id,ecg_id,lead,bpm,ibi,sdnn,sdsd,rmssd,pnn20,pnn50,hr_mad,sd1,sd2,s,sd1/sd2,breathingrate
8500.0,8257,0,64.60296096904442,928.75,37.228181529588575,10.497813183356477,18.89822365046136,0.2857142857142857,0.0,30.0,9.793792286287205,48.466272724821025,1491.2154116488,0.20207438566389926,0.0
8500.0,8257,1,64.60296096904442,928.75,37.228181529588575,10.497813183356477,18.89822365046136,0.2857142857142857,0.0,30.0,9.793792286287205,48.466272724821025,1491.2154116488,0.20207438566389926,0.0
8500.0,8257,2,302.7522935779816,198.1818181818182,138.09207612170695,99.08960591303207,186.07794065928394,0.75,0.75,140.0,121.91185340236608,127.57350822173072,48860.31979343898,0.9556204505286134,0.4587155963302752
8500.0,8257,3,68.57142857142857,875.0,5.0,0.0,10.0,0.0,0.0,5.0,0.0,0.0,0.0,nan,nan
8500.0,8257,4,64.60296096904442,928.75,37.228181529588575,10.497813183356477,18.89822365046136,0.2857142857142857,0.0,30.0,9.793792286287205,48.466272724821025,1491.2154116488,0.20207438566389926,0.0
8500.0,8257,5,144.23076923076923,416.0,204.01960690090547,10.0,360.1388621073821,1.0,1.0,110.0,254.55844122715712,7.0710678118654755,5654.866776461628,36.0,0.4807692307692307
8500.0,8257,6,nan,nan,nan,--,nan,nan,nan,nan,nan,nan,nan,nan,nan
8500.0,8257,7,1000.0,60.0,0.0,--,nan,nan,nan,0.0,nan,nan,nan,nan,nan
8500.0,8257,8,64.67065868263472,927.7777777777778,34.246744460938764,9.682458365518542,20.0,0.25,0.0,20.0,13.110110602126893,44.68640732929864,1840.4823975857773,0.29338027793367155,0.11976047904191617
8500.0,8257,9,64.67065868263472,927.7777777777778,34.246744460938764,9.682458365518542,20.0,0.25,0.0,20.0,13.110110602126893,44.68640732929864,1840.4823975857773,0.29338027793367155,0.11976047904191617
8500.0,8257,10,64.67065868263472,927.7777777777778,34.246744460938764,9.682458365518542,20.0,0.25,0.0,20.0,13.110110602126893,44.68640732929864,1840.4823975857773,0.29338027793367155,0.11976047904191617
8500.0,8257,11,64.67065868263472,927.7777777777778,34.56966485800899,11.659223816361019,22.079402165819616,0.25,0.0,30.0,14.973935688388673,44.57262332418858,2096.785629629496,0.33594468020154983,0.11976047904191617
