patient_id,ecg_id,lead,bpm,ibi,sdnn,sdsd,rmssd,pnn20,pnn50,hr_mad,sd1,sd2,s,sd1/sd2,breathingrate
17085.0,8326,0,53.81165919282511,1115.0,7.637626158259733,7.483314773547883,10.954451150103322,0.0,0.0,0.0,7.745966692414833,8.246211251235286,200.66884650200245,0.9393364366277281,0.14947683109118085
17085.0,8326,1,53.98457583547558,1111.4285714285713,11.24858267715973,8.16496580927726,12.909944487358056,0.0,0.0,0.0,8.819171036881967,11.303883305208783,313.1881370220146,0.7801894976054935,0.12853470437017994
17085.0,8326,2,600.0,100.0,30.0,0.0,60.0,1.0,1.0,30.0,0.0,0.0,0.0,nan,nan
17085.0,8326,3,53.97301349325337,1111.6666666666667,12.133516482134198,5.0,15.811388300841896,0.0,0.0,5.0,10.606601717798211,13.228756555322969,440.80362594521284,0.8017837257372721,0.14992503748125938
17085.0,8326,4,53.763440860215056,1116.0,8.0,7.0710678118654755,12.24744871391589,0.0,0.0,0.0,8.660254037844386,7.905694150420911,215.09014535795433,1.0954451150103373,0.17921146953405018
17085.0,8326,5,54.21686746987952,1106.6666666666667,9.428090415820634,7.0710678118654755,12.24744871391589,0.0,0.0,5.0,5.0,7.905694150421012,124.18235332245226,0.6324555320336708,0.1506024096385542
17085.0,8326,6,53.81165919282511,1115.0,7.637626158259733,7.483314773547883,10.954451150103322,0.0,0.0,0.0,7.745966692414833,8.246211251235287,200.6688465020025,0.939336436627728,0.14947683109118085
17085.0,8326,7,nan,nan,nan,--,nan,nan,nan,nan,nan,nan,nan,nan,nan
17085.0,8326,8,53.89221556886228,1113.3333333333333,9.428090415820634,10.954451150103322,14.832396974191326,0.2,0.0,5.0,10.392304845413262,7.745966692414813,252.8933303174654,1.3416407864998772,0.14970059880239522
17085.0,8326,9,53.81165919282511,1115.0,7.637626158259733,7.483314773547883,10.954451150103322,0.0,0.0,0.0,7.745966692414833,8.246211251235286,200.66884650200245,0.9393364366277281,0.14947683109118085
17085.0,8326,10,54.193548387096776,1107.142857142857,15.779087167410372,8.0,17.88854381999832,0.2,0.0,10.0,12.328828005937952,21.725560982400413,841.477806095772,0.5674803065350243,0.12903225806451613
17085.0,8326,11,53.81165919282511,1115.0,7.637626158259733,7.483314773547883,10.954451150103322,0.0,0.0,0.0,7.745966692414833,8.246211251235286,200.66884650200245,0.9393364366277281,0.14947683109118085
