patient_id,ecg_id,lead,bpm,ibi,sdnn,sdsd,rmssd,pnn20,pnn50,hr_mad,sd1,sd2,s,sd1/sd2,breathingrate
9014.0,8414,0,63.54009077155824,944.2857142857143,4.948716593053935,4.714045207910317,8.16496580927726,0.0,0.0,0.0,5.773502691896257,3.33333333333336,60.459978807807744,1.7320508075688632,0.151285930408472
9014.0,8414,1,63.54009077155824,944.2857142857143,7.2843135908468355,8.975274678557506,12.24744871391589,0.0,0.0,0.0,8.579691784155832,6.346477588219974,171.06230118954073,1.3518824678560344,0.151285930408472
9014.0,8414,2,nan,nan,nan,--,nan,nan,nan,nan,nan,nan,nan,nan,nan
9014.0,8414,3,nan,nan,nan,--,nan,nan,nan,nan,nan,nan,nan,nan,nan
9014.0,8414,4,63.44410876132931,945.7142857142857,7.2843135908468355,8.16496580927726,12.909944487358056,0.0,0.0,0.0,9.128709291752768,5.773502691896304,165.57647109660303,1.5811388300841769,0.3021148036253776
9014.0,8414,5,63.54009077155824,944.2857142857143,9.035079029052511,11.055415967851333,17.320508075688775,0.16666666666666666,0.0,10.0,12.247448713915889,5.270462766947341,202.78893379868217,2.323790007724431,0.302571860816944
9014.0,8414,6,nan,nan,nan,--,nan,nan,nan,nan,nan,nan,nan,nan,nan
9014.0,8414,7,63.324538258575195,947.5,9.682458365518542,6.3887656499993986,10.690449676496975,0.0,0.0,5.0,7.284313590846835,8.806305718527106,201.5265476033016,0.8271701918685113,0.13192612137203166
9014.0,8414,8,63.324538258575195,947.5,8.2915619758885,7.559289460184544,12.535663410560174,0.0,0.0,0.0,8.806305718527108,7.284313590846894,201.52654760330327,1.2089410496539679,0.2638522427440633
9014.0,8414,9,63.408190224570674,946.25,6.959705453537527,4.948716593053935,7.559289460184544,0.0,0.0,5.0,4.948716593053935,6.998542122237708,108.80529644469556,0.7071067811865418,0.1321003963011889
9014.0,8414,10,63.408190224570674,946.25,8.569568250501305,7.559289460184544,12.535663410560174,0.0,0.0,5.0,8.806305718527108,7.559289460184606,209.13398198002722,1.1649647450214256,0.1321003963011889
9014.0,8414,11,63.408190224570674,946.25,9.921567416492215,10.301575072754254,16.47508942095828,0.14285714285714285,0.0,5.0,11.605769149479944,7.559289460184606,275.61622248309214,1.5352989471574645,0.1321003963011889
