patient_id,ecg_id,lead,bpm,ibi,sdnn,sdsd,rmssd,pnn20,pnn50,hr_mad,sd1,sd2,s,sd1/sd2,breathingrate
4890.0,8457,0,83.85093167701864,715.5555555555555,4.969039949999533,4.948716593053935,7.559289460184544,0.0,0.0,0.0,4.948716593053935,4.517539514526249,70.23351685157715,1.095445115010334,0.15527950310559005
4890.0,8457,1,83.86277001270648,715.4545454545455,4.979295977319691,4.898979485566356,7.745966692414834,0.0,0.0,0.0,5.47722557505166,4.242640687119274,73.00401616752481,1.2909944487358087,0.25412960609911056
4890.0,8457,2,83.86277001270648,715.4545454545455,4.979295977319691,4.0,8.94427190999916,0.0,0.0,0.0,6.324555320336758,2.8284271247461676,56.19851784832535,2.236067977499807,0.12706480304955528
4890.0,8457,3,1200.0,50.0,0.0,--,nan,nan,nan,0.0,nan,nan,nan,nan,nan
4890.0,8457,4,83.86277001270648,715.4545454545455,4.979295977319691,4.898979485566356,7.745966692414834,0.0,0.0,0.0,5.47722557505166,4.242640687119274,73.00401616752481,1.2909944487358087,0.12706480304955528
4890.0,8457,5,83.98133748055987,714.4444444444445,4.969039949999533,4.714045207910317,8.16496580927726,0.0,0.0,0.0,5.773502691896257,3.3333333333333606,60.45997880780775,1.732050807568863,0.15552099533437014
4890.0,8457,6,83.86277001270648,715.4545454545455,4.979295977319691,4.898979485566356,6.324555320336759,0.0,0.0,0.0,4.472135954999579,5.291502622129175,74.3436511385473,0.8451542547285174,0.25412960609911056
4890.0,8457,7,83.91608391608392,715.0,5.0,5.0,7.0710678118654755,0.0,0.0,5.0,4.85912657903775,4.859126579037744,74.1764932097589,1.0000000000000013,0.3496503496503497
4890.0,8457,8,83.91608391608392,715.0,5.0,5.0,7.0710678118654755,0.0,0.0,5.0,4.85912657903775,4.859126579037744,74.1764932097589,1.0000000000000013,0.3496503496503497
4890.0,8457,9,84.01400233372229,714.1666666666666,6.400954789890506,6.1657545301138805,9.534625892455923,0.0,0.0,5.0,6.74199862463242,6.363636363636355,134.7857213160034,1.0594569267279532,0.23337222870478413
4890.0,8457,10,84.01400233372229,714.1666666666666,6.400954789890506,3.8569460791993504,9.045340337332908,0.0,0.0,5.0,6.363636363636363,5.2223296786709215,104.40457079268688,1.218543591689888,0.11668611435239207
4890.0,8457,11,84.01400233372229,714.1666666666666,6.400954789890506,4.810456929208347,7.977240352174657,0.0,0.0,5.0,5.604012729971796,6.030226891555261,106.16531164031059,0.9293203772845868,0.11668611435239207
