patient_id,ecg_id,lead,bpm,ibi,sdnn,sdsd,rmssd,pnn20,pnn50,hr_mad,sd1,sd2,s,sd1/sd2,breathingrate
4770.0,8544,0,461.53846153846155,130.0,0.0,--,nan,nan,nan,0.0,nan,nan,nan,nan,nan
4770.0,8544,1,92.3076923076923,650.0,0.0,--,nan,nan,nan,0.0,nan,nan,nan,nan,nan
4770.0,8544,2,128.44036697247705,467.14285714285717,250.26924277176178,16.006197146962737,502.98201666750384,1.0,1.0,20.0,354.14779564049917,6.363636363636358,7080.1061740767955,55.65179645779278,0.1529051987767584
4770.0,8544,3,nan,nan,nan,--,nan,nan,nan,nan,nan,nan,nan,nan,nan
4770.0,8544,4,400.0,150.0,0.0,--,nan,nan,nan,0.0,nan,nan,nan,nan,nan
4770.0,8544,5,69.76744186046511,860.0,5.773502691896258,8.2915619758885,11.180339887498949,0.0,0.0,0.0,7.70551750371122,3.0618621784789974,74.12032624270631,2.5166114784235627,0.19379844961240308
4770.0,8544,6,nan,nan,nan,--,nan,nan,nan,nan,nan,nan,nan,nan,nan
4770.0,8544,7,73.46938775510205,816.6666666666666,41.096093353126506,10.0,50.99019513592785,1.0,0.5,40.0,7.071067811865474,35.35533905932732,785.398163397447,0.20000000000000026,nan
4770.0,8544,8,69.63249516441006,861.6666666666666,3.72677996249965,4.330127018922194,5.0,0.0,0.0,0.0,3.061862178478972,3.0618621784789974,29.45243112740454,0.9999999999999918,0.19342359767891684
4770.0,8544,9,69.63249516441006,861.6666666666666,3.72677996249965,4.330127018922194,5.0,0.0,0.0,0.0,3.061862178478972,3.0618621784789974,29.45243112740454,0.9999999999999918,0.19342359767891684
4770.0,8544,10,69.63249516441006,861.6666666666666,3.72677996249965,4.330127018922194,5.0,0.0,0.0,0.0,3.061862178478972,3.0618621784789974,29.45243112740454,0.9999999999999918,0.19342359767891684
4770.0,8544,11,69.76744186046511,860.0,0.0,0.0,0.0,0.0,0.0,0.0,0.0,0.0,0.0,nan,0.19379844961240308
