patient_id,ecg_id,lead,bpm,ibi,sdnn,sdsd,rmssd,pnn20,pnn50,hr_mad,sd1,sd2,s,sd1/sd2,breathingrate
8634.0,8607,0,114.20204978038068,525.3846153846154,84.99912982499242,59.8897057890931,128.4523257866513,0.9090909090909091,0.8181818181818182,50.0,90.55385138137417,71.11857169311979,20232.046980268504,1.2732799496047051,0.29282576866764276
8634.0,8607,1,115.04424778761062,521.5384615384615,82.35440802234001,56.94712641223936,110.37127426019046,1.0,0.5454545454545454,50.0,77.18176464287681,84.76511055229119,20553.307002211255,0.910536943088911,0.2949852507374631
8634.0,8607,2,128.75536480686696,466.0,139.65672200076872,114.11495179082459,178.04493814764857,0.8333333333333334,0.6666666666666666,50.0,111.25546178852423,120.60035010083695,42152.15494305803,0.9225135888536042,0.2145922746781116
