patient_id,ecg_id,lead,bpm,ibi,sdnn,sdsd,rmssd,pnn20,pnn50,hr_mad,sd1,sd2,s,sd1/sd2,breathingrate
6592.0,8613,0,65.21739130434783,920.0,95.56847457887635,111.0109791867453,173.81743295768695,0.875,0.75,80.0,122.90430728823135,73.30906321867711,28305.748655378982,1.6765226820811256,0.3623188405797102
6592.0,8613,1,65.04065040650407,922.5,101.08783309577865,107.62747543907064,185.78020808010126,1.0,0.8571428571428571,80.0,131.36644494368738,77.77518622180683,32097.808337918676,1.6890534285452405,0.2710027100271003
6592.0,8613,2,nan,nan,nan,--,nan,nan,nan,nan,nan,nan,nan,nan,nan
6592.0,8613,3,67.79661016949153,885.0,25.0,--,nan,nan,nan,25.0,nan,nan,nan,nan,nan
6592.0,8613,4,65.28835690968444,919.0,85.72630868059116,106.53927578104995,154.73992517913547,0.6666666666666666,0.6666666666666666,55.0,109.41482960856632,65.61202840642056,22553.27031915006,1.6676032164532102,0.3264417845484222
6592.0,8613,5,151.8987341772152,395.0,175.0,--,nan,nan,nan,175.0,nan,nan,nan,nan,nan
6592.0,8613,6,65.12890094979647,921.25,101.29628571670335,108.62780491200216,185.20259177452135,1.0,0.8571428571428571,80.0,130.9541125426641,78.80484808457314,32420.667383909407,1.6617519825953413,0.27137042062415195
6592.0,8613,7,65.04065040650407,922.5,95.49214627392139,105.42431272854338,175.2549163769328,0.8571428571428571,0.8571428571428571,70.0,123.90747041437731,73.52633847118727,28621.362402598425,1.6852120340921488,0.2710027100271003
6592.0,8613,8,65.04065040650407,922.5,96.4040974232942,104.5300464567241,175.86520812420923,0.8571428571428571,0.8571428571428571,75.0,124.35137838448935,75.30888773198397,29420.273766388127,1.6512178327084341,0.2710027100271003
6592.0,8613,9,65.21739130434783,920.0,91.16529554118229,107.00467279516349,164.54482671904336,0.75,0.75,60.0,116.35076278220095,71.06335201775944,25975.552667416385,1.6372822204210649,0.3623188405797102
6592.0,8613,10,65.21739130434783,920.0,92.01449161228173,104.45543308033335,165.7935463158925,0.875,0.75,80.0,117.23040881102477,72.36517636266767,26651.384631450503,1.6199837367010488,0.3623188405797102
6592.0,8613,11,65.21739130434783,920.0,95.56847457887635,111.0109791867453,173.81743295768695,0.875,0.75,80.0,122.90430728823135,73.30906321867711,28305.748655378982,1.6765226820811256,0.3623188405797102
