patient_id,ecg_id,lead,bpm,ibi,sdnn,sdsd,rmssd,pnn20,pnn50,hr_mad,sd1,sd2,s,sd1/sd2,breathingrate
15722.0,8665,0,70.92198581560284,846.0,8.0,8.16496580927726,12.909944487358056,0.0,0.0,0.0,8.819171036881967,5.773502691896304,159.96206819769466,1.5275252316519339,0.23640661938534277
15722.0,8665,1,70.86614173228347,846.6666666666666,9.428090415820634,10.897247358851684,16.583123951777,0.125,0.0,0.0,11.726039399558573,7.705517503711283,283.8592383220421,1.5217718205053519,0.26246719160104987
15722.0,8665,2,70.7732634338139,847.7777777777778,6.285393610547089,0.0,10.0,0.0,0.0,0.0,6.998542122237652,6.388765649999451,140.46703370315566,1.0954451150103233,0.2621231979030144
15722.0,8665,3,nan,nan,nan,--,nan,nan,nan,nan,nan,nan,nan,nan,nan
15722.0,8665,4,70.7732634338139,847.7777777777778,6.285393610547089,3.307189138830738,9.354143466934854,0.0,0.0,0.0,6.5550553010634465,6.05959982177046,124.78723928506838,1.0817637292668985,0.1310615989515072
15722.0,8665,5,70.86614173228347,846.6666666666666,6.666666666666667,8.2915619758885,11.180339887498949,0.0,0.0,0.0,7.905694150420947,5.8630196997793345,145.61671677889788,1.348399724926473,0.26246719160104987
15722.0,8665,6,70.82630691399663,847.1428571428571,8.80630571852711,7.4535599249993,15.275252316519467,0.0,0.0,0.0,10.801234497346433,7.81735959970578,265.2670804504977,1.3816985594155036,0.16863406408094436
15722.0,8665,7,70.7732634338139,847.7777777777778,6.285393610547089,3.499271061118826,9.258200997725515,0.0,0.0,0.0,6.226998490772391,6.226998490772441,121.8168579963399,0.9999999999999919,0.1310615989515072
15722.0,8665,8,70.83825265643448,847.0,6.4031242374328485,4.15739709641549,8.819171036881968,0.0,0.0,5.0,6.186404847588913,6.758625033664743,131.35498608785758,0.915334822804106,0.11806375442739078
15722.0,8665,9,70.86614173228347,846.6666666666666,6.666666666666667,5.994789404140899,10.606601717798213,0.0,0.0,10.0,7.447734554883114,6.05959982177046,141.780990601421,1.2290802650243455,0.13123359580052493
15722.0,8665,10,70.86614173228347,846.6666666666666,7.453559924999299,7.0710678118654755,12.24744871391589,0.0,0.0,5.0,8.660254037844386,7.905694150421012,215.09014535795708,1.0954451150103233,0.19685039370078738
15722.0,8665,11,70.86614173228347,846.6666666666666,9.428090415820634,6.959705453537527,15.411035007422441,0.0,0.0,10.0,10.861341998114227,8.615030470056459,293.96131355288986,1.2607433062326763,0.26246719160104987
