patient_id,ecg_id,lead,bpm,ibi,sdnn,sdsd,rmssd,pnn20,pnn50,hr_mad,sd1,sd2,s,sd1/sd2,breathingrate
18245.0,8763,0,83.33333333333333,720.0,10.0,6.555547773570889,8.528028654224418,0.0,0.0,10.0,5.891582453098055,12.792042981336609,236.76731147647504,0.4605661864718389,0.23148148148148145
18245.0,8763,1,83.04498269896193,722.5,11.989578808281799,5.773502691896258,11.547005383792516,0.0,0.0,5.0,6.666666666666666,10.801234497346446,226.22052631042823,0.6172133998483669,0.17301038062283736
18245.0,8763,2,83.43868520859671,719.0909090909091,10.833068443466349,8.0,10.0,0.0,0.0,10.0,6.928203230275509,13.711309200802077,298.43476693480306,0.5052911526399118,0.2528445006321112
18245.0,8763,3,nan,nan,nan,--,nan,nan,nan,nan,nan,nan,nan,nan,nan
18245.0,8763,4,83.23699421965317,720.8333333333334,11.14924013354971,5.1425947722658,10.44465935734187,0.0,0.0,10.0,7.2727272727272725,14.083575804390602,321.78078751526164,0.5163977794943224,0.23121387283236994
18245.0,8763,5,149.06832298136646,402.5,122.95832627357937,--,nan,nan,nan,10.0,nan,nan,nan,nan,0.6211180124223602
18245.0,8763,6,nan,nan,nan,--,nan,nan,nan,nan,nan,nan,nan,nan,nan
18245.0,8763,7,83.43868520859671,719.0909090909091,9.958591954639383,6.6332495807108,8.94427190999916,0.0,0.0,10.0,6.164414002968976,12.569805089976517,243.42782261717812,0.4904144462736846,0.2528445006321112
18245.0,8763,8,83.43868520859671,719.0909090909091,10.833068443466349,8.0,10.0,0.0,0.0,10.0,6.928203230275509,13.711309200802077,298.43476693480306,0.5052911526399118,0.2528445006321112
18245.0,8763,9,83.43868520859671,719.0909090909091,9.958591954639383,6.6332495807108,8.94427190999916,0.0,0.0,10.0,6.164414002968976,12.569805089976517,243.42782261717812,0.4904144462736846,0.1264222503160556
18245.0,8763,10,83.43868520859671,719.0909090909091,9.958591954639383,6.6332495807108,8.94427190999916,0.0,0.0,10.0,6.164414002968976,12.569805089976517,243.42782261717812,0.4904144462736846,0.2528445006321112
18245.0,8763,11,82.94930875576037,723.3333333333334,8.16496580927726,4.517539514526256,5.3452248382484875,0.0,0.0,0.0,3.194382824999699,10.973065354098,110.11964449162892,0.2911112548697912,0.15360983102918588
