patient_id,ecg_id,lead,bpm,ibi,sdnn,sdsd,rmssd,pnn20,pnn50,hr_mad,sd1,sd2,s,sd1/sd2,breathingrate
16465.0,8859,0,112.35955056179775,534.0,18.547236990991408,0.0,50.0,1.0,0.0,10.0,0.0,0.0,0.0,nan,0.37453183520599254
16465.0,8859,1,136.0,441.1764705882353,151.4588801871427,106.37101531624245,126.91608372342849,0.38461538461538464,0.3076923076923077,20.0,89.71684583195902,153.16194005580107,43169.272334117646,0.5857646214149071,0.26666666666666666
16465.0,8859,2,114.83253588516746,522.5,28.613807855648993,29.43920288775949,49.6655480858378,0.6666666666666666,0.3333333333333333,20.0,33.82963855030739,15.275252316519486,1623.437684666279,2.2146697055682796,0.47846889952153115
16465.0,8859,3,114.69534050179212,523.125,38.03267509655349,54.51197625802568,66.8331255192114,0.3333333333333333,0.3333333333333333,10.0,47.173438854225296,25.621171800767506,3797.050716229545,1.841189748113401,0.2389486260454002
16465.0,8859,4,110.09174311926606,545.0,25.0,0.0,50.0,1.0,0.0,25.0,0.0,0.0,0.0,nan,nan
16465.0,8859,5,222.22222222222223,270.0,113.87127235025815,65.0,99.24716620639605,0.5,0.5,80.0,68.73863542433759,135.36986370680884,29232.958549744373,0.5077838858818335,0.6172839506172839
16465.0,8859,6,114.28571428571429,525.0,6.267831705280087,4.810456929208346,6.030226891555273,0.0,0.0,0.0,4.264014327112209,7.041787902195316,94.33035481062379,0.6055300708194973,0.27210884353741494
16465.0,8859,7,114.28571428571429,525.0,28.221066093054873,42.03408028404385,50.76340292891206,0.23076923076923078,0.23076923076923078,10.0,35.8910250685791,20.16206526474024,2273.3732795006404,1.7801264204488976,0.27210884353741494
16465.0,8859,8,113.63636363636364,528.0,6.0,4.841229182759271,7.905694150420948,0.0,0.0,0.0,5.519850541454904,6.059599821770412,105.08025923482211,0.9109265799407507,0.3787878787878788
16465.0,8859,9,114.06844106463879,526.0,6.6332495807108,5.0,7.0710678118654755,0.0,0.0,5.0,4.677071733467426,8.477912478906603,124.5698187049398,0.5516772843673692,0.19011406844106465
16465.0,8859,10,113.79310344827587,527.2727272727273,7.496555682941201,4.714045207910317,8.16496580927726,0.0,0.0,10.0,5.5555555555555545,8.240220541217418,143.81897953471304,0.6741998624632407,0.3448275862068966
16465.0,8859,11,113.79310344827587,527.2727272727273,7.496555682941201,4.714045207910317,8.16496580927726,0.0,0.0,10.0,5.5555555555555545,8.240220541217418,143.81897953471304,0.6741998624632407,0.3448275862068966
