patient_id,ecg_id,lead,bpm,ibi,sdnn,sdsd,rmssd,pnn20,pnn50,hr_mad,sd1,sd2,s,sd1/sd2,breathingrate
10066.0,8897,0,66.33906633906633,904.4444444444445,17.708197167232477,4.841229182759271,14.577379737113251,0.0,0.0,10.0,10.269797953221865,24.35094967347273,785.6473957307257,0.4217411678366494,0.12285012285012284
10066.0,8897,1,66.29834254143647,905.0,21.213203435596427,4.948716593053935,16.47508942095828,0.0,0.0,20.0,11.24858267715973,28.21202522590212,996.9696576135941,0.3987158875369267,0.13812154696132597
10066.0,8897,2,66.39004149377594,903.75,19.96089927833914,4.5175395145262565,13.627702877384937,0.0,0.0,15.0,9.147320339189783,26.992062325273125,775.6750620120145,0.3388892715554006,0.1383125864453665
10066.0,8897,3,66.29834254143647,905.0,21.79449471770337,11.605769149479944,20.701966780270627,0.42857142857142855,0.0,10.0,14.498416521560312,28.891069165938077,1315.9338515773334,0.501830390501907,0.13812154696132597
10066.0,8897,4,nan,nan,nan,--,nan,nan,nan,nan,nan,nan,nan,nan,nan
10066.0,8897,5,66.39004149377594,903.75,21.176342932621772,6.9985421222376525,18.51640199545103,0.14285714285714285,0.0,20.0,12.936264483053451,27.627256579733867,1122.7847879354229,0.46824281830947057,0.1383125864453665
10066.0,8897,6,66.33906633906633,904.4444444444445,17.708197167232477,4.841229182759271,14.577379737113251,0.0,0.0,10.0,10.269797953221865,24.35094967347273,785.6473957307257,0.4217411678366494,0.12285012285012284
10066.0,8897,7,65.21739130434783,920.0,6.324555320336759,4.330127018922194,8.660254037844387,0.0,0.0,0.0,5.863019699779286,5.863019699779249,107.99224746714842,1.0000000000000062,0.21739130434782605
10066.0,8897,8,66.29834254143647,905.0,18.708286933869708,4.948716593053935,15.118578920369089,0.0,0.0,15.0,10.497813183356477,25.47507785732434,840.1643171812697,0.41208169184606636,0.13812154696132597
10066.0,8897,9,66.29834254143647,905.0,21.79449471770337,11.605769149479944,20.701966780270627,0.42857142857142855,0.0,10.0,14.498416521560312,28.891069165938077,1315.9338515773334,0.501830390501907,0.13812154696132597
10066.0,8897,10,66.29834254143647,905.0,21.213203435596427,4.948716593053935,16.47508942095828,0.0,0.0,20.0,11.24858267715973,28.21202522590212,996.9696576135941,0.3987158875369267,0.13812154696132597
10066.0,8897,11,66.29834254143647,905.0,21.213203435596427,4.948716593053935,16.47508942095828,0.0,0.0,20.0,11.24858267715973,28.21202522590212,996.9696576135941,0.3987158875369267,0.13812154696132597
