patient_id,ecg_id,lead,bpm,ibi,sdnn,sdsd,rmssd,pnn20,pnn50,hr_mad,sd1,sd2,s,sd1/sd2,breathingrate
8186.0,8963,0,79.734219269103,752.5,8.2915619758885,8.32993127835043,14.142135623730951,0.0,0.0,5.0,9.793792286287205,5.150787536377169,158.47997637417973,1.9014164760474117,0.3322259136212624
8186.0,8963,1,79.90314769975787,750.9090909090909,6.680426571226849,7.0,11.40175425099138,0.0,0.0,0.0,8.031189202104505,4.9497474683058735,124.88571717703236,1.6225452416572075,0.12106537530266344
8186.0,8963,2,80.32128514056225,747.0,16.15549442140351,11.78030178747903,28.284271247461902,0.5714285714285714,0.0,10.0,20.0,11.780301787479027,740.1781910522964,1.6977493752543311,0.40160642570281124
8186.0,8963,3,79.88165680473374,751.1111111111111,7.370277311900889,5.994789404140899,12.747548783981962,0.0,0.0,10.0,8.970437559004576,5.519850541454949,155.5574512962793,1.625123269486225,0.14792899408284024
8186.0,8963,4,79.90314769975787,750.9090909090909,7.925270806437588,6.0,13.416407864998739,0.0,0.0,10.0,9.380831519646858,5.291502622129224,155.9445582387682,1.772810520855822,0.12106537530266344
8186.0,8963,5,80.09708737864078,749.0909090909091,12.39834699725987,8.717797887081348,20.0,0.1,0.0,10.0,13.856406460551016,6.324555320336759,275.3153860581828,2.190890230020664,0.24271844660194175
8186.0,8963,6,79.80652962515114,751.8181818181819,8.331955809010617,8.306623862918075,13.784048752090222,0.0,0.0,10.0,9.721111047611789,7.106335201775953,217.02585008035044,1.367949973030033,0.12091898428053205
8186.0,8963,7,nan,nan,nan,--,nan,nan,nan,nan,nan,nan,nan,nan,nan
8186.0,8963,8,nan,nan,nan,--,nan,nan,nan,nan,nan,nan,nan,nan,nan
8186.0,8963,9,79.90314769975787,750.9090909090909,6.680426571226849,7.0,11.40175425099138,0.0,0.0,0.0,8.031189202104505,4.9497474683058735,124.88571717703236,1.6225452416572075,0.12106537530266344
8186.0,8963,10,80.0,750.0,0.0,0.0,0.0,0.0,0.0,0.0,0.0,0.0,0.0,nan,nan
8186.0,8963,11,79.90314769975787,750.9090909090909,5.1425947722658,6.6332495807108,8.94427190999916,0.0,0.0,0.0,6.324555320336758,4.242640687119319,84.29777677248939,1.4907119849998476,0.24213075060532688
