patient_id,ecg_id,lead,bpm,ibi,sdnn,sdsd,rmssd,pnn20,pnn50,hr_mad,sd1,sd2,s,sd1/sd2,breathingrate
10011.0,8972,0,68.05293005671078,881.6666666666666,14.624940645653536,7.483314773547883,10.954451150103322,0.0,0.0,15.0,5.2915026221291805,17.08800749063504,284.06669213990284,0.30966176864266654,0.1890359168241966
10011.0,8972,1,67.98866855524079,882.5,14.79019945774904,6.871842709362768,10.801234497346433,0.0,0.0,15.0,6.7700320038632995,17.98919428743574,382.6064672692425,0.37633881182726,0.141643059490085
10011.0,8972,2,2000.0,30.0,0.0,--,nan,nan,nan,0.0,nan,nan,nan,nan,nan
10011.0,8972,3,nan,nan,nan,--,nan,nan,nan,nan,nan,nan,nan,nan,nan
10011.0,8972,4,67.96116504854369,882.8571428571429,16.65986255670086,0.0,10.0,0.0,0.0,10.0,5.65685424949238,21.166010488516722,376.1524274732479,0.2672612419124244,0.16181229773462785
10011.0,8972,5,68.01007556675063,882.2222222222222,16.17802197617893,9.682458365518542,15.811388300841896,0.125,0.0,10.0,10.606601717798211,19.03943276465979,634.4247823674025,0.5570860145311549,0.12594458438287154
10011.0,8972,6,68.18181818181819,880.0,13.093073414159543,3.7267799624996494,9.128709291752768,0.0,0.0,10.0,5.400617248673217,16.5411943677327,280.64682717536834,0.326494999611898,0.16233766233766234
10011.0,8972,7,68.18181818181819,880.0,13.228756555322953,7.559289460184544,12.535663410560174,0.0,0.0,10.0,8.806305718527108,17.496355305594122,484.0511101564453,0.5033222956847168,0.14204545454545456
10011.0,8972,8,67.96116504854369,882.8571428571429,12.777531299998799,3.7267799624996494,9.128709291752768,0.0,0.0,10.0,5.400617248673217,15.500896031448589,262.9965643888143,0.34840677840276557,0.16181229773462785
10011.0,8972,9,68.01007556675063,882.2222222222222,14.740554623801778,4.330127018922194,8.660254037844387,0.0,0.0,10.0,5.0,18.708286933869754,293.8690839634757,0.26726124191242373,0.12594458438287154
10011.0,8972,10,68.01007556675063,882.2222222222222,16.17802197617893,9.682458365518542,15.811388300841896,0.125,0.0,10.0,10.606601717798211,19.03943276465979,634.4247823674025,0.5570860145311549,0.12594458438287154
10011.0,8972,11,67.98866855524079,882.5,14.79019945774904,6.871842709362768,10.801234497346433,0.0,0.0,15.0,6.7700320038632995,17.98919428743574,382.6064672692425,0.37633881182726,0.141643059490085
