patient_id,ecg_id,lead,bpm,ibi,sdnn,sdsd,rmssd,pnn20,pnn50,hr_mad,sd1,sd2,s,sd1/sd2,breathingrate
17042.0,9071,0,81.9672131147541,732.0,30.59411708155671,35.0,49.49747468305833,0.5,0.5,10.0,24.74873734152916,24.74873734152925,1924.2255003237549,0.9999999999999964,0.27322404371584696
17042.0,9071,1,nan,nan,nan,--,nan,nan,nan,nan,nan,nan,nan,nan,nan
17042.0,9071,2,182.370820668693,329.0,237.63206854294728,4.948716593053935,484.3109980757642,1.0,1.0,10.0,339.15260546827346,3.4992710611188538,3728.400998933925,96.92092997215057,0.303951367781155
17042.0,9071,3,79.55801104972376,754.1666666666666,6.400954789890507,5.1425947722658005,10.44465935734187,0.0,0.0,5.0,7.385489458759963,5.3008653589503165,122.99173519300835,1.3932610920384603,0.11049723756906077
17042.0,9071,4,80.45977011494253,745.7142857142857,13.997084244475303,7.0710678118654755,12.24744871391589,0.0,0.0,10.0,5.0,8.660254037844364,136.034952317566,0.5773502691896273,0.19157088122605365
