patient_id,ecg_id,lead,bpm,ibi,sdnn,sdsd,rmssd,pnn20,pnn50,hr_mad,sd1,sd2,s,sd1/sd2,breathingrate
12552.0,9098,0,131.38686131386862,456.6666666666667,134.74255287605158,--,nan,nan,nan,160.0,nan,nan,nan,nan,nan
12552.0,9098,1,69.28406466512702,866.0,8.0,6.849348892187752,8.819171036881968,0.0,0.0,0.0,6.186404847588913,8.81917103688198,171.402035633855,0.7014723744122009,0.11547344110854503
12552.0,9098,2,69.46454413892909,863.75,6.959705453537527,3.72677996249965,4.08248290463863,0.0,0.0,0.0,2.635231383473649,2.6352313834736707,21.816615649929293,0.9999999999999918,0.1447178002894356
12552.0,9098,3,69.76744186046511,860.0,0.0,--,nan,nan,nan,0.0,nan,nan,nan,nan,nan
12552.0,9098,4,69.28406466512702,866.0,9.16515138991168,7.856742013183861,11.055415967851333,0.0,0.0,5.0,7.777777777777777,9.999999999999991,244.34609527920588,0.7777777777777783,0.23094688221709006
12552.0,9098,5,69.28406466512702,866.0,8.0,6.849348892187752,8.819171036881968,0.0,0.0,0.0,6.186404847588913,8.81917103688198,171.402035633855,0.7014723744122009,0.11547344110854503
12552.0,9098,6,69.28406466512702,866.0,9.16515138991168,7.856742013183861,11.055415967851333,0.0,0.0,5.0,7.777777777777777,9.999999999999991,244.34609527920588,0.7777777777777783,0.23094688221709006
12552.0,9098,7,69.28406466512702,866.0,9.16515138991168,7.856742013183861,11.055415967851333,0.0,0.0,5.0,7.777777777777777,9.999999999999991,244.34609527920588,0.7777777777777783,0.23094688221709006
12552.0,9098,8,69.28406466512702,866.0,8.0,6.849348892187752,8.819171036881968,0.0,0.0,0.0,6.186404847588913,8.81917103688198,171.402035633855,0.7014723744122009,0.11547344110854503
12552.0,9098,9,69.28406466512702,866.0,8.0,6.849348892187752,8.819171036881968,0.0,0.0,0.0,6.186404847588913,8.81917103688198,171.402035633855,0.7014723744122009,0.11547344110854503
12552.0,9098,10,69.3196405648267,865.5555555555555,8.31479419283098,7.0710678118654755,8.660254037844387,0.0,0.0,0.0,5.8630196997792865,9.354143466934865,172.2960228433949,0.6267831705280079,0.25673940949935814
12552.0,9098,11,69.12442396313364,868.0,9.797958971132712,7.806247497997997,11.726039399558575,0.0,0.0,10.0,8.244316223920574,11.14534656257938,288.66763325734775,0.7397092748646286,0.1152073732718894
