patient_id,ecg_id,lead,bpm,ibi,sdnn,sdsd,rmssd,pnn20,pnn50,hr_mad,sd1,sd2,s,sd1/sd2,breathingrate
6848.0,9095,0,71.42857142857143,840.0,6.324555320336759,5.665577237325317,10.540925533894598,0.0,0.0,0.0,7.453559924999299,5.773502691896211,135.19262253245262,1.290994448735816,0.11904761904761904
6848.0,9095,1,71.59904534606206,838.0,7.483314773547883,4.714045207910316,17.320508075688775,0.0,0.0,10.0,12.018504251546629,3.333333333333253,125.85748221265224,3.6055512754640753,0.2386634844868735
6848.0,9095,2,71.42857142857143,840.0,4.47213595499958,4.714045207910316,5.773502691896258,0.0,0.0,0.0,4.006168083848877,4.00616808384883,50.42062283539114,1.0000000000000118,0.23809523809523808
6848.0,9095,3,71.59904534606206,838.0,4.0,4.714045207910316,5.773502691896258,0.0,0.0,0.0,3.333333333333333,3.333333333333253,34.90658503988575,1.000000000000024,0.2386634844868735
6848.0,9095,4,71.42857142857143,840.0,6.324555320336759,5.665577237325317,10.540925533894598,0.0,0.0,0.0,7.453559924999299,5.773502691896211,135.19262253245262,1.290994448735816,0.11904761904761904
6848.0,9095,5,71.42857142857143,840.0,6.324555320336759,0.0,10.0,0.0,0.0,0.0,7.071067811865475,7.071067811865419,157.07963267948838,1.000000000000008,0.23809523809523808
6848.0,9095,6,nan,nan,nan,--,nan,nan,nan,nan,nan,nan,nan,nan,nan
6848.0,9095,7,71.52317880794702,838.8888888888889,3.1426968052735447,4.330127018922194,5.0,0.0,0.0,0.0,3.5355339059327373,3.061862178478899,34.00873807939076,1.1547005383792792,0.26490066225165565
6848.0,9095,8,71.52317880794702,838.8888888888889,5.665577237325317,6.614378277661476,10.0,0.0,0.0,0.0,7.071067811865475,4.677071733467368,103.8984110258247,1.5118578920369277,0.26490066225165565
6848.0,9095,9,71.42857142857143,840.0,8.16496580927726,6.614378277661476,14.142135623730951,0.0,0.0,10.0,10.0,4.6770717334673675,146.9345419817356,2.1380899352994223,0.26455026455026454
6848.0,9095,10,71.42857142857143,840.0,7.745966692414834,4.15739709641549,12.909944487358056,0.0,0.0,10.0,9.09483641319161,6.18640484758886,176.7596374374294,1.470132756787863,0.11904761904761904
6848.0,9095,11,71.42857142857143,840.0,7.745966692414834,4.15739709641549,12.909944487358056,0.0,0.0,10.0,9.09483641319161,6.18640484758886,176.7596374374294,1.470132756787863,0.11904761904761904
