patient_id,ecg_id,lead,bpm,ibi,sdnn,sdsd,rmssd,pnn20,pnn50,hr_mad,sd1,sd2,s,sd1/sd2,breathingrate
12319.0,9105,0,48.78048780487805,1230.0,41.74754056057845,33.665016461206925,52.28129047119374,0.6666666666666666,0.16666666666666666,30.0,36.285901761795394,48.59126579037751,5539.186728032935,0.7467576975321574,0.23228803716608595
12319.0,9105,1,48.78048780487805,1230.0,41.74754056057845,33.665016461206925,52.28129047119374,0.6666666666666666,0.16666666666666666,30.0,36.285901761795394,48.59126579037751,5539.186728032935,0.7467576975321574,0.23228803716608595
12319.0,9105,2,48.38709677419355,1240.0,36.51483716701107,12.99038105676658,25.98076211353316,0.5,0.0,35.0,18.28592354790974,48.573398069313654,2790.39226272981,0.37645963170655566,0.13440860215053763
12319.0,9105,3,nan,nan,nan,--,nan,nan,nan,nan,nan,nan,nan,nan,nan
12319.0,9105,4,48.91304347826087,1226.6666666666667,40.2768199119819,28.0,45.60701700396552,0.6,0.2,30.0,28.982753492378876,42.047592083257285,3828.5175836276153,0.6892845001680695,0.1358695652173913
12319.0,9105,5,50.10438413361169,1197.5,25.8602010819715,29.43920288775949,49.6655480858378,0.6666666666666666,0.3333333333333333,10.0,34.801021696368494,14.529663145135512,1588.537284898617,2.395170579575327,0.20876826722338204
12319.0,9105,6,461.53846153846155,130.0,75.49834435270749,--,nan,nan,nan,50.0,nan,nan,nan,nan,1.923076923076923
12319.0,9105,7,250.0,240.0,0.0,--,nan,nan,nan,0.0,nan,nan,nan,nan,nan
12319.0,9105,8,250.0,240.0,0.0,--,nan,nan,nan,0.0,nan,nan,nan,nan,nan
12319.0,9105,9,48.51752021563342,1236.6666666666667,39.01566636906542,34.87119154832539,47.32863826479693,0.2,0.2,40.0,32.98484500494128,48.662100242385726,5042.607546230041,0.6778343894045653,0.1347708894878706
12319.0,9105,10,48.78048780487805,1230.0,41.74754056057845,34.64101615137755,52.91502622129181,0.5,0.16666666666666666,30.0,36.74234614174767,48.24704942043381,5569.132053598959,0.7615459718907988,0.23228803716608595
12319.0,9105,11,48.78048780487805,1230.0,41.74754056057845,34.64101615137755,52.91502622129181,0.5,0.16666666666666666,30.0,36.74234614174767,48.24704942043381,5569.132053598959,0.7615459718907988,0.23228803716608595
