patient_id,ecg_id,lead,bpm,ibi,sdnn,sdsd,rmssd,pnn20,pnn50,hr_mad,sd1,sd2,s,sd1/sd2,breathingrate
899.0,9114,0,70.23411371237458,854.2857142857143,11.78030178747903,10.0,14.142135623730951,0.16666666666666666,0.0,10.0,9.718253158075498,10.54092553389458,321.8228126275086,0.9219544457292901,0.16722408026755853
899.0,9114,1,70.68062827225131,848.8888888888889,15.23478800089121,7.0710678118654755,12.24744871391589,0.0,0.0,10.0,8.477912478906585,17.940875118009153,477.8399152756818,0.4725473213063285,0.2617801047120419
899.0,9114,2,2000.0,30.0,0.0,--,nan,nan,nan,0.0,nan,nan,nan,nan,5.555555555555555
899.0,9114,3,nan,nan,nan,--,nan,nan,nan,nan,nan,nan,nan,nan,nan
899.0,9114,4,70.68062827225131,848.8888888888889,15.23478800089121,7.0710678118654755,12.24744871391589,0.0,0.0,10.0,8.477912478906585,17.940875118009153,477.8399152756818,0.4725473213063285,0.2617801047120419
899.0,9114,5,70.68062827225131,848.8888888888889,15.23478800089121,7.0710678118654755,12.24744871391589,0.0,0.0,10.0,8.477912478906585,17.940875118009153,477.8399152756818,0.4725473213063285,0.2617801047120419
899.0,9114,6,70.48458149779735,851.25,13.635890143294644,9.035079029052513,16.903085094570333,0.14285714285714285,0.0,5.0,11.952286093343936,11.605769149479949,435.7875115691367,1.0298573010888739,0.14684287812041114
899.0,9114,7,70.23411371237458,854.2857142857143,9.035079029052511,6.871842709362768,10.801234497346433,0.0,0.0,10.0,7.54615428178118,9.501461875826127,225.25061372441007,0.7942098153317131,0.16722408026755853
899.0,9114,8,70.48458149779735,851.25,13.635890143294644,9.035079029052513,16.903085094570333,0.14285714285714285,0.0,5.0,11.952286093343936,11.605769149479949,435.7875115691367,1.0298573010888739,0.14684287812041114
899.0,9114,9,70.38123167155425,852.5,11.989578808281799,6.998542122237652,14.638501094227998,0.0,0.0,5.0,10.301575072754254,10.690449676496975,345.9787920012869,0.9636241116594314,0.29325513196480935
899.0,9114,10,70.48458149779735,851.25,13.635890143294644,9.035079029052513,16.903085094570333,0.14285714285714285,0.0,5.0,11.952286093343936,11.605769149479949,435.7875115691367,1.0298573010888739,0.14684287812041114
899.0,9114,11,70.48458149779735,851.25,13.635890143294644,9.035079029052513,16.903085094570333,0.14285714285714285,0.0,5.0,11.952286093343936,11.605769149479949,435.7875115691367,1.0298573010888739,0.14684287812041114
