patient_id,ecg_id,lead,bpm,ibi,sdnn,sdsd,rmssd,pnn20,pnn50,hr_mad,sd1,sd2,s,sd1/sd2,breathingrate
13148.0,9189,0,67.16417910447761,893.3333333333334,14.907119849998598,9.682458365518542,15.811388300841896,0.125,0.0,10.0,11.039701082909808,18.62458053218922,645.9422430606886,0.5927489783638177,0.24875621890547261
13148.0,9189,1,67.52411575562701,888.5714285714286,35.628468323828365,17.204650534085253,32.863353450309965,0.4,0.2,20.0,21.633307652783934,42.66145801540316,2899.402394403354,0.507092552837109,0.3215434083601286
13148.0,9189,2,70.58823529411765,850.0,0.0,--,nan,nan,nan,0.0,nan,nan,nan,nan,nan
13148.0,9189,3,67.22689075630252,892.5,13.919410907075054,9.258200997725515,13.627702877384937,0.14285714285714285,0.0,10.0,9.147320339189783,16.842608746502318,484.0086476702772,0.5431059093556035,0.1400560224089636
13148.0,9189,4,67.16417910447761,893.3333333333334,14.907119849998598,9.682458365518542,15.811388300841896,0.125,0.0,10.0,11.039701082909808,18.62458053218922,645.9422430606886,0.5927489783638177,0.24875621890547261
13148.0,9189,5,nan,nan,nan,--,nan,nan,nan,nan,nan,nan,nan,nan,nan
13148.0,9189,6,67.0807453416149,894.4444444444445,16.40535895581489,10.0,18.027756377319946,0.125,0.0,10.0,12.624381172952596,20.310096011589916,805.5118764408397,0.6215815605080605,0.24844720496894407
13148.0,9189,7,67.0807453416149,894.4444444444445,14.229164972072999,8.569568250501305,16.20185174601965,0.125,0.0,10.0,11.422291801560664,17.83167827210892,639.8752956669842,0.6405617927408787,0.24844720496894407
13148.0,9189,8,67.09265175718849,894.2857142857143,13.997084244475303,8.975274678557506,14.719601443879744,0.16666666666666666,0.0,10.0,9.789450103725608,16.541194367732704,508.71557544225686,0.5918224455920861,0.1597444089456869
13148.0,9189,9,67.09265175718849,894.2857142857143,13.997084244475303,8.975274678557506,14.719601443879744,0.16666666666666666,0.0,10.0,9.789450103725608,16.541194367732704,508.71557544225686,0.5918224455920861,0.1597444089456869
13148.0,9189,10,67.0807453416149,894.4444444444445,15.713484026367723,7.806247497997997,20.310096011589902,0.25,0.0,10.0,14.334181176474642,18.519415487536364,833.969249473706,0.7740082934108584,0.24844720496894407
13148.0,9189,11,67.41573033707866,890.0,14.142135623730951,8.16496580927726,21.602468994692867,0.3333333333333333,0.0,10.0,15.092308563562359,12.69295517643988,601.8223260451529,1.189030320659767,0.16051364365971107
