patient_id,ecg_id,lead,bpm,ibi,sdnn,sdsd,rmssd,pnn20,pnn50,hr_mad,sd1,sd2,s,sd1/sd2,breathingrate
16015.0,9217,0,nan,nan,nan,--,nan,nan,nan,nan,nan,nan,nan,nan,nan
16015.0,9217,1,61.38107416879795,977.5,10.897247358851684,11.78030178747903,18.51640199545103,0.2857142857142857,0.0,5.0,12.936264483053451,7.2843135908467955,296.0379531984939,1.7759071354792704,0.2557544757033248
16015.0,9217,2,2000.0,30.0,0.0,--,nan,nan,nan,0.0,nan,nan,nan,nan,nan
16015.0,9217,3,388.8888888888889,154.28571428571428,143.6122898498536,72.27724399837061,112.33877335986894,1.0,0.4,50.0,51.107729356722544,177.23430819116257,28456.681519875314,0.28836250655035944,0.9259259259259258
16015.0,9217,4,61.49341142020498,975.7142857142857,9.035079029052513,6.871842709362768,13.5400640077266,0.0,0.0,10.0,9.501461875826148,6.770032003863256,202.0835788483445,1.4034589305344831,0.14641288433382138
16015.0,9217,5,61.40350877192983,977.1428571428571,10.301575072754256,12.583057392117917,19.578900207451216,0.3333333333333333,0.0,10.0,13.794121131039038,6.770032003863256,293.3827869498834,2.037526724122951,0.29239766081871343
16015.0,9217,6,61.31386861313869,978.5714285714286,11.24858267715973,10.671873729054749,21.213203435596427,0.3333333333333333,0.0,10.0,14.953632037438632,7.546154281781153,354.5049001787606,1.9816228875072852,0.291970802919708
16015.0,9217,7,61.38107416879795,977.5,10.897247358851684,11.78030178747903,18.51640199545103,0.2857142857142857,0.0,5.0,12.936264483053451,7.2843135908467955,296.0379531984939,1.7759071354792704,0.2557544757033248
16015.0,9217,8,61.38107416879795,977.5,10.897247358851684,11.78030178747903,18.51640199545103,0.2857142857142857,0.0,5.0,12.936264483053451,7.2843135908467955,296.0379531984939,1.7759071354792704,0.2557544757033248
16015.0,9217,9,61.38107416879795,977.5,10.897247358851684,11.78030178747903,18.51640199545103,0.2857142857142857,0.0,5.0,12.936264483053451,7.2843135908467955,296.0379531984939,1.7759071354792704,0.2557544757033248
16015.0,9217,10,61.31386861313869,978.5714285714286,6.388765649999399,5.773502691896258,11.547005383792516,0.0,0.0,0.0,8.164965809277259,5.27046276694724,135.1926225324522,1.5491933384829837,0.145985401459854
16015.0,9217,11,61.38107416879795,977.5,10.897247358851684,11.78030178747903,18.51640199545103,0.2857142857142857,0.0,5.0,12.936264483053451,7.2843135908467955,296.0379531984939,1.7759071354792704,0.2557544757033248
