patient_id,ecg_id,lead,bpm,ibi,sdnn,sdsd,rmssd,pnn20,pnn50,hr_mad,sd1,sd2,s,sd1/sd2,breathingrate
8948.0,9283,0,60.25824964131994,995.7142857142857,11.78030178747903,10.671873729054749,15.811388300841896,0.16666666666666666,0.0,10.0,10.606601717798211,11.118053386771946,370.4715727321718,0.9539980920057237,0.14347202295552366
8948.0,9283,1,60.25824964131994,995.7142857142857,15.907898179514348,11.180339887498949,18.708286933869708,0.3333333333333333,0.0,10.0,11.843892002959912,14.385563751360086,535.2678973169764,0.8233178906068334,0.14347202295552366
8948.0,9283,2,nan,nan,nan,--,nan,nan,nan,nan,nan,nan,nan,nan,nan
8948.0,9283,3,nan,nan,nan,--,nan,nan,nan,nan,nan,nan,nan,nan,nan
8948.0,9283,4,60.25824964131994,995.7142857142857,15.907898179514348,11.180339887498949,18.708286933869708,0.3333333333333333,0.0,10.0,11.843892002959912,14.385563751360086,535.2678973169764,0.8233178906068334,0.14347202295552366
8948.0,9283,5,60.25824964131994,995.7142857142857,12.936264483053451,7.4535599249993,15.275252316519467,0.0,0.0,10.0,9.7182531580755,11.547005383792516,352.53922799169044,0.841625411530173,0.14347202295552366
8948.0,9283,6,60.45340050377834,992.5,8.2915619758885,8.16496580927726,12.909944487358056,0.0,0.0,5.0,8.819171036881967,5.773502691896212,159.9620681976921,1.5275252316519583,0.2518891687657431
8948.0,9283,7,nan,nan,nan,--,nan,nan,nan,nan,nan,nan,nan,nan,nan
8948.0,9283,8,60.25824964131994,995.7142857142857,15.907898179514348,11.180339887498949,18.708286933869708,0.3333333333333333,0.0,10.0,11.843892002959912,14.385563751360086,535.2678973169764,0.8233178906068334,0.14347202295552366
8948.0,9283,9,60.3448275862069,994.2857142857143,13.997084244475301,12.47219128924647,18.257418583505537,0.3333333333333333,0.0,10.0,12.018504251546627,12.247448713915903,462.4299175986235,0.981306762925315,0.14367816091954022
8948.0,9283,10,60.25824964131994,995.7142857142857,15.907898179514348,11.180339887498949,18.708286933869708,0.3333333333333333,0.0,10.0,11.843892002959912,14.385563751360086,535.2678973169764,0.8233178906068334,0.14347202295552366
8948.0,9283,11,60.25824964131994,995.7142857142857,15.907898179514348,11.180339887498949,18.708286933869708,0.3333333333333333,0.0,10.0,11.843892002959912,14.385563751360086,535.2678973169764,0.8233178906068334,0.14347202295552366
