patient_id,ecg_id,lead,bpm,ibi,sdnn,sdsd,rmssd,pnn20,pnn50,hr_mad,sd1,sd2,s,sd1/sd2,breathingrate
13148.0,9294,0,71.09004739336493,844.0,4.898979485566356,4.15739709641549,4.714045207910317,0.0,0.0,0.0,3.333333333333333,6.186404847588963,64.78388007105923,0.5388159060803204,0.11848341232227488
13148.0,9294,1,70.9592641261498,845.5555555555555,4.969039949999533,5.0,7.0710678118654755,0.0,0.0,0.0,5.0,5.000000000000041,78.53981633974547,0.9999999999999918,0.1314060446780552
13148.0,9294,2,71.05263157894737,844.4444444444445,4.969039949999533,3.4992710611188262,3.779644730092272,0.0,0.0,0.0,2.474358296526968,6.546536707079825,50.88901764530296,0.3779644730092242,0.13157894736842105
13148.0,9294,3,71.30730050933786,841.4285714285714,3.499271061118826,4.0,4.47213595499958,0.0,0.0,0.0,2.82842712474619,2.828427124746213,25.132741228718547,0.9999999999999918,0.16977928692699493
13148.0,9294,4,71.09004739336493,844.0,6.6332495807108,6.849348892187752,8.819171036881968,0.0,0.0,5.0,6.186404847588913,5.773502691896304,112.20897179452345,1.0715167512214308,0.11848341232227488
13148.0,9294,5,71.00591715976331,845.0,5.0,4.517539514526256,5.3452248382484875,0.0,0.0,5.0,3.7796447300922718,5.890150893739563,69.94026497850165,0.6416889479197426,0.14792899408284024
13148.0,9294,6,70.9592641261498,845.5555555555555,4.969039949999533,5.0,7.0710678118654755,0.0,0.0,0.0,5.0,5.000000000000041,78.53981633974547,0.9999999999999918,0.2628120893561104
13148.0,9294,7,70.94594594594595,845.7142857142857,4.948716593053935,4.0,4.47213595499958,0.0,0.0,0.0,2.82842712474619,5.656854249492426,50.265482457437095,0.4999999999999959,0.16891891891891891
13148.0,9294,8,70.9592641261498,845.5555555555555,4.969039949999533,5.0,7.0710678118654755,0.0,0.0,0.0,5.0,5.000000000000041,78.53981633974547,0.9999999999999918,0.1314060446780552
13148.0,9294,9,71.09004739336493,844.0,6.6332495807108,6.666666666666667,9.428090415820634,0.0,0.0,0.0,6.666666666666666,7.027283689263121,147.17908541920264,0.9486832980505062,0.23696682464454977
13148.0,9294,10,71.00591715976331,845.0,5.0,5.0,7.0710678118654755,0.0,0.0,5.0,5.0,3.535533905932766,55.53603672698002,1.4142135623730836,0.1972386587771203
13148.0,9294,11,71.09004739336493,844.0,4.898979485566356,5.0,7.0710678118654755,0.0,0.0,0.0,5.0,3.535533905932766,55.53603672698002,1.4142135623730836,0.23696682464454977
