patient_id,ecg_id,lead,bpm,ibi,sdnn,sdsd,rmssd,pnn20,pnn50,hr_mad,sd1,sd2,s,sd1/sd2,breathingrate
16429.0,9331,0,74.07407407407408,810.0,28.284271247461902,8.31479419283098,17.638342073763937,0.1111111111111111,0.0,20.0,12.06975610133357,36.20926830400073,1372.992344902206,0.33333333333333315,0.1234567901234568
16429.0,9331,1,74.07407407407408,810.0,28.284271247461902,8.31479419283098,17.638342073763937,0.1111111111111111,0.0,20.0,12.06975610133357,36.20926830400073,1372.992344902206,0.33333333333333315,0.1234567901234568
16429.0,9331,2,74.60035523978685,804.2857142857143,42.03982562732046,15.0,47.43416490252569,0.75,0.25,50.0,31.819805153394636,49.244289008980495,4922.698757394127,0.6461623427559646,0.17761989342806395
16429.0,9331,3,75.0,800.0,27.774602993176543,11.180339887498949,36.742346141747674,0.75,0.0,10.0,24.999999999999996,25.980762113533185,2040.5242847634968,0.9622504486493751,0.17857142857142855
16429.0,9331,4,72.790294627383,824.2857142857143,17.61261143705422,8.975274678557506,14.719601443879744,0.0,0.0,10.0,9.789450103725608,22.515426810177164,692.4498951787169,0.4347885645810051,0.17331022530329288
16429.0,9331,5,74.07407407407408,810.0,29.32575659723036,12.570787221094179,20.0,0.2222222222222222,0.0,25.0,13.788526273323173,37.41657386773944,1620.808634059116,0.3685138655950442,0.1234567901234568
16429.0,9331,6,nan,nan,nan,--,nan,nan,nan,nan,nan,nan,nan,nan,nan
16429.0,9331,7,73.87140902872777,812.2222222222222,28.196838978776714,4.330127018922194,18.027756377319946,0.0,0.0,20.0,12.247448713915889,35.133673306387976,1351.820601962109,0.34859573626447615,0.13679890560875513
16429.0,9331,8,73.2824427480916,818.75,22.603926650031404,4.517539514526256,17.728105208558365,0.0,0.0,20.0,12.371791482634837,26.68791670324199,1037.2827074802017,0.46357277041156003,0.15267175572519084
16429.0,9331,9,73.2824427480916,818.75,22.603926650031404,4.517539514526256,17.728105208558365,0.0,0.0,20.0,12.371791482634837,26.68791670324199,1037.2827074802017,0.46357277041156003,0.15267175572519084
16429.0,9331,10,74.07407407407408,810.0,28.284271247461902,8.31479419283098,17.638342073763937,0.1111111111111111,0.0,20.0,12.06975610133357,36.20926830400073,1372.992344902206,0.33333333333333315,0.1234567901234568
16429.0,9331,11,74.07407407407408,810.0,28.284271247461902,8.31479419283098,17.638342073763937,0.1111111111111111,0.0,20.0,12.06975610133357,36.20926830400073,1372.992344902206,0.33333333333333315,0.1234567901234568
