patient_id,ecg_id,lead,bpm,ibi,sdnn,sdsd,rmssd,pnn20,pnn50,hr_mad,sd1,sd2,s,sd1/sd2,breathingrate
19956.0,9480,0,73.27001356852102,818.8888888888889,5.665577237325317,4.330127018922194,8.660254037844387,0.0,0.0,0.0,6.123724356957944,5.863019699779231,112.79422380281272,1.0444659357341968,0.27137042062415195
19956.0,9480,1,73.27001356852102,818.8888888888889,5.665577237325317,6.614378277661476,10.0,0.0,0.0,0.0,7.071067811865475,4.6770717334673675,103.89841102582469,1.5118578920369279,0.13568521031207598
19956.0,9480,2,1500.0,40.0,0.0,--,nan,nan,nan,0.0,nan,nan,nan,nan,nan
19956.0,9480,3,nan,nan,nan,--,nan,nan,nan,nan,nan,nan,nan,nan,nan
19956.0,9480,4,73.27001356852102,818.8888888888889,5.665577237325317,6.614378277661476,10.0,0.0,0.0,0.0,7.071067811865475,4.6770717334673675,103.89841102582469,1.5118578920369279,0.27137042062415195
19956.0,9480,5,73.27001356852102,818.8888888888889,3.1426968052735447,4.330127018922194,5.0,0.0,0.0,0.0,3.5355339059327373,3.061862178478899,34.00873807939076,1.1547005383792792,0.13568521031207598
19956.0,9480,6,73.27001356852102,818.8888888888889,5.665577237325317,4.330127018922194,8.660254037844387,0.0,0.0,0.0,6.123724356957944,5.863019699779231,112.79422380281272,1.0444659357341968,0.13568521031207598
19956.0,9480,7,73.27001356852102,818.8888888888889,3.1426968052735447,4.330127018922194,5.0,0.0,0.0,0.0,3.5355339059327373,3.061862178478899,34.00873807939076,1.1547005383792792,0.13568521031207598
19956.0,9480,8,73.27001356852102,818.8888888888889,5.665577237325317,6.614378277661476,10.0,0.0,0.0,0.0,7.071067811865475,4.6770717334673675,103.89841102582469,1.5118578920369279,0.27137042062415195
19956.0,9480,9,73.27001356852102,818.8888888888889,5.665577237325317,6.614378277661476,10.0,0.0,0.0,0.0,7.071067811865475,4.6770717334673675,103.89841102582469,1.5118578920369279,0.27137042062415195
19956.0,9480,10,73.27001356852102,818.8888888888889,5.665577237325317,4.330127018922194,8.660254037844387,0.0,0.0,0.0,6.123724356957944,5.863019699779231,112.79422380281272,1.0444659357341968,0.27137042062415195
19956.0,9480,11,73.46938775510205,816.6666666666666,4.714045207910316,0.0,10.0,0.0,0.0,0.0,0.0,0.0,0.0,nan,nan
