patient_id,ecg_id,lead,bpm,ibi,sdnn,sdsd,rmssd,pnn20,pnn50,hr_mad,sd1,sd2,s,sd1/sd2,breathingrate
13728.0,9504,0,nan,nan,nan,--,nan,nan,nan,nan,nan,nan,nan,nan,nan
13728.0,9504,1,63.408190224570674,946.25,15.761900266148114,12.936264483053451,19.27248223318863,0.2857142857142857,0.0,5.0,13.627702877384937,19.219462924391017,822.8369320746979,0.7090574242889122,0.1321003963011889
13728.0,9504,2,357.14285714285717,168.0,207.98076834169066,225.0,379.0118731649445,1.0,1.0,10.0,159.09902576697317,166.17009357883865,83055.85577928013,0.9574468085106382,1.1904761904761905
13728.0,9504,3,1200.0,50.0,0.0,--,nan,nan,nan,0.0,nan,nan,nan,nan,nan
13728.0,9504,4,nan,nan,nan,--,nan,nan,nan,nan,nan,nan,nan,nan,nan
13728.0,9504,5,63.34841628959276,947.1428571428571,16.65986255670086,12.47219128924647,20.816659994661325,0.3333333333333333,0.0,10.0,14.719601443879743,20.27587510099406,937.6171252192657,0.7259662712736916,0.15082956259426847
13728.0,9504,6,nan,nan,nan,--,nan,nan,nan,nan,nan,nan,nan,nan,nan
13728.0,9504,7,63.408190224570674,946.25,14.086784586980807,10.497813183356477,18.89822365046136,0.2857142857142857,0.0,5.0,13.324827218698305,16.35074734608514,684.4615663535398,0.8149368916698887,0.1321003963011889
13728.0,9504,8,63.45475910693302,945.5555555555555,14.989708403591157,12.99038105676658,18.027756377319946,0.25,0.0,0.0,12.74754878398196,18.285923547909746,732.3074544802316,0.6971235962232339,0.23501762632197415
13728.0,9504,9,63.408190224570674,946.25,14.086784586980807,9.035079029052513,16.903085094570333,0.14285714285714285,0.0,5.0,11.952286093343936,17.261494247992225,648.1555446615594,0.6924247647178151,0.1321003963011889
13728.0,9504,10,63.408190224570674,946.25,14.086784586980807,9.035079029052513,16.903085094570333,0.14285714285714285,0.0,5.0,11.952286093343936,17.261494247992225,648.1555446615594,0.6924247647178151,0.1321003963011889
13728.0,9504,11,63.408190224570674,946.25,15.761900266148114,12.936264483053451,19.27248223318863,0.2857142857142857,0.0,5.0,13.627702877384937,19.219462924391017,822.8369320746979,0.7090574242889122,0.1321003963011889
