patient_id,ecg_id,lead,bpm,ibi,sdnn,sdsd,rmssd,pnn20,pnn50,hr_mad,sd1,sd2,s,sd1/sd2,breathingrate
13820.0,9573,0,55.55555555555556,1080.0,46.188021535170066,22.271057451320086,35.77708763999664,0.4,0.2,10.0,18.761663039293715,51.068581339214795,3010.058928637517,0.36738171586699075,0.15432098765432098
13820.0,9573,1,169.01408450704224,355.0,134.6291201783626,--,nan,nan,nan,50.0,nan,nan,nan,nan,0.7042253521126761
13820.0,9573,2,57.142857142857146,1050.0,7.0710678118654755,0.0,10.0,0.0,0.0,5.0,6.666666666666666,6.66666666666672,139.62634015954745,0.9999999999999919,0.23809523809523808
13820.0,9573,3,206.89655172413794,290.0,0.0,--,nan,nan,nan,0.0,nan,nan,nan,nan,nan
13820.0,9573,4,56.49717514124294,1062.0,20.396078054371138,12.24744871391589,23.45207879911715,0.25,0.0,10.0,14.999999999999998,19.039432764659736,897.2121315295774,0.7878385971583367,0.18832391713747645
13820.0,9573,5,55.55555555555556,1080.0,46.188021535170066,22.271057451320086,35.77708763999664,0.4,0.2,10.0,18.761663039293715,51.068581339214795,3010.058928637517,0.36738171586699075,0.15432098765432098
13820.0,9573,6,260.8695652173913,230.0,226.42143596988927,0.0,470.0,1.0,1.0,20.0,0.0,0.0,0.0,nan,nan
13820.0,9573,7,55.55555555555556,1080.0,46.188021535170066,23.15167380558045,39.496835316262995,0.4,0.4,10.0,22.181073012818832,49.67896939349684,3461.824137885854,0.4464881877304487,0.15432098765432098
13820.0,9573,8,nan,nan,nan,--,nan,nan,nan,nan,nan,nan,nan,nan,nan
13820.0,9573,9,nan,nan,nan,--,nan,nan,nan,nan,nan,nan,nan,nan,nan
13820.0,9573,10,59.308072487644154,1011.6666666666666,167.47304924142935,196.2651268055535,235.41452801388448,0.6,0.4,30.0,157.0604978981029,105.16653460107926,51891.282688990825,1.4934455955392019,0.16474464579901152
13820.0,9573,11,55.55555555555556,1080.0,46.188021535170066,22.271057451320086,35.77708763999664,0.4,0.2,10.0,18.761663039293715,51.068581339214795,3010.058928637517,0.36738171586699075,0.15432098765432098
