patient_id,ecg_id,lead,bpm,ibi,sdnn,sdsd,rmssd,pnn20,pnn50,hr_mad,sd1,sd2,s,sd1/sd2,breathingrate
13942.0,9587,0,500.0,120.0,0.0,--,nan,nan,nan,0.0,nan,nan,nan,nan,nan
13942.0,9587,1,58.98876404494382,1017.1428571428571,47.121207149916124,13.743685418725535,45.46060565661952,1.0,0.16666666666666666,30.0,31.79797338056485,54.108943602493135,5405.282157429195,0.5876657584403426,0.1404494382022472
13942.0,9587,2,567.5675675675676,105.71428571428571,152.39583260679527,159.09181022803358,228.69193252058542,0.7142857142857143,0.5714285714285714,15.0,161.70646119384574,224.0672275210714,113829.69868245907,0.7216872497725656,0.6756756756756757
13942.0,9587,3,62.5,960.0,20.0,0.0,40.0,1.0,0.0,20.0,0.0,0.0,0.0,nan,nan
13942.0,9587,4,nan,nan,nan,--,nan,nan,nan,nan,nan,nan,nan,nan,nan
13942.0,9587,5,58.98876404494382,1017.1428571428571,45.89250972631147,14.142135623730951,42.42640687119285,1.0,0.16666666666666666,40.0,29.627314724385297,52.86250509051239,4920.280969632619,0.5604599077107059,0.1404494382022472
13942.0,9587,6,58.98876404494382,1017.1428571428571,44.94895063586364,14.142135623730951,42.42640687119285,1.0,0.16666666666666666,40.0,29.907264074877265,51.90803834132479,4877.094547376044,0.5761586264967296,0.1404494382022472
13942.0,9587,7,58.98876404494382,1017.1428571428571,47.121207149916124,13.743685418725535,45.46060565661952,1.0,0.16666666666666666,30.0,31.79797338056485,54.108943602493135,5405.282157429195,0.5876657584403426,0.1404494382022472
13942.0,9587,8,58.98876404494382,1017.1428571428571,43.985155195259004,12.133516482134198,43.397388554305124,1.0,0.16666666666666666,30.0,30.4822352636198,51.058245606801314,4889.478845264514,0.597009060952916,0.1404494382022472
13942.0,9587,9,59.60264900662252,1006.6666666666666,39.86086914367133,14.696938456699069,44.49719092257398,1.0,0.2,35.0,31.43246729100342,41.13392760240626,4061.8934253477732,0.7641494290266772,0.16556291390728478
13942.0,9587,10,59.701492537313435,1005.0,37.749172176353746,15.491933384829668,42.89522117905443,1.0,0.2,35.0,30.3315017762062,39.08964057138417,3724.821483356673,0.7759473183391349,0.16583747927031509
13942.0,9587,11,177.5147928994083,338.0,220.49036260118038,100.0,480.52055106935853,1.0,1.0,190.0,70.71067811865473,28.284271247461902,6283.185307179584,2.499999999999999,0.591715976331361
