patient_id,ecg_id,lead,bpm,ibi,sdnn,sdsd,rmssd,pnn20,pnn50,hr_mad,sd1,sd2,s,sd1/sd2,breathingrate
18700.0,9625,0,55.65862708719852,1078.0,17.204650534085253,4.714045207910316,27.0801280154532,0.6666666666666666,0.0,10.0,18.559214542766735,15.275252316519486,890.631102715704,1.21498579258791,0.1855287569573284
18700.0,9625,1,55.45286506469501,1082.0,21.354156504062622,20.615528128088304,25.495097567963924,0.25,0.0,0.0,14.577379737113247,16.583123951777036,759.4438802101585,0.8790490729915303,0.18484288354898337
18700.0,9625,2,107.14285714285714,560.0,0.0,--,nan,nan,nan,0.0,nan,nan,nan,nan,nan
18700.0,9625,3,289.1566265060241,207.5,200.29665498954296,105.0,266.5520587052368,1.0,1.0,70.0,74.24621202458748,173.24116139070415,40408.73550679871,0.4285714285714285,1.2048192771084336
18700.0,9625,4,55.48216644649934,1081.4285714285713,16.413036132965797,11.055415967851333,17.320508075688775,0.16666666666666666,0.0,10.0,12.018504251546627,21.08185106778922,795.9926087322386,0.5700877125495681,0.1321003963011889
18700.0,9625,5,55.40897097625329,1082.857142857143,19.05952009160905,17.716909687891082,27.988092706244444,0.3333333333333333,0.0,10.0,19.755449318549495,19.755449318549505,1226.093799526017,0.9999999999999994,0.2638522427440633
18700.0,9625,6,nan,nan,nan,--,nan,nan,nan,nan,nan,nan,nan,nan,nan
18700.0,9625,7,55.46995377503852,1081.6666666666667,17.716909687891082,8.94427190999916,21.908902300206645,0.4,0.0,15.0,15.491933384829666,18.761663039293765,913.117834566839,0.8257228238447684,0.15408320493066255
18700.0,9625,8,55.40897097625329,1082.857142857143,18.29464067837957,19.507833184532707,26.770630673681683,0.3333333333333333,0.0,0.0,18.89297341459105,18.892973414591108,1121.3740444063594,0.999999999999997,0.2638522427440633
18700.0,9625,9,55.46995377503852,1081.6666666666667,21.147629234082533,17.435595774162696,29.664793948382652,0.6,0.0,10.0,20.976176963403027,21.72556098240043,1431.6841278781562,0.9655068046526177,0.15408320493066255
18700.0,9625,10,55.46995377503852,1081.6666666666667,17.716909687891082,8.94427190999916,21.908902300206645,0.4,0.0,15.0,15.491933384829666,18.761663039293765,913.117834566839,0.8257228238447684,0.15408320493066255
18700.0,9625,11,55.46995377503852,1081.6666666666667,17.716909687891082,8.94427190999916,21.908902300206645,0.4,0.0,15.0,15.491933384829666,18.761663039293765,913.117834566839,0.8257228238447684,0.15408320493066255
