patient_id,ecg_id,lead,bpm,ibi,sdnn,sdsd,rmssd,pnn20,pnn50,hr_mad,sd1,sd2,s,sd1/sd2,breathingrate
14983.0,9662,0,70.4225352112676,852.0,9.797958971132712,5.665577237325317,10.540925533894598,0.0,0.0,10.0,7.286042804779999,11.600340565456174,265.5292266390297,0.6280886982298249,0.352112676056338
14983.0,9662,1,70.40417209908736,852.2222222222222,9.162456945817024,3.307189138830738,9.354143466934854,0.0,0.0,10.0,6.5550553010634465,11.692679333668572,240.79101208167953,0.5606119105813878,0.2607561929595828
14983.0,9662,2,70.49608355091384,851.1111111111111,8.748897637790902,6.614378277661476,10.0,0.0,0.0,10.0,6.846531968814576,9.842509842514737,211.70268727136008,0.6956083436402543,0.13054830287206265
14983.0,9662,3,71.64179104477611,837.5,17.13913650100261,15.986105077709064,23.094010767585033,0.16666666666666666,0.0,10.0,15.634719199411428,6.666666666666654,327.45279318540094,2.345207879911719,0.14925373134328357
14983.0,9662,4,70.40417209908736,852.2222222222222,9.162456945817024,3.307189138830738,9.354143466934854,0.0,0.0,10.0,6.5550553010634465,11.692679333668572,240.79101208167953,0.5606119105813878,0.2607561929595828
14983.0,9662,5,70.4225352112676,852.0,9.797958971132712,7.370277311900889,11.547005383792516,0.0,0.0,10.0,8.012336167697754,11.111111111111109,279.6832938059006,0.721110255092798,0.2347417840375587
14983.0,9662,6,nan,nan,nan,--,nan,nan,nan,nan,nan,nan,nan,nan,nan
14983.0,9662,7,70.3125,853.3333333333334,9.428090415820634,5.0,11.180339887498949,0.0,0.0,10.0,7.705517503711219,10.458250331675938,253.16911125528935,0.7367883976130075,0.390625
14983.0,9662,8,70.40417209908736,852.2222222222222,10.304020550550783,6.614378277661476,10.0,0.0,0.0,10.0,6.846531968814576,12.119199643540817,260.6720412951275,0.5649326828660323,0.2607561929595828
14983.0,9662,9,70.40417209908736,852.2222222222222,9.162456945817024,3.307189138830738,9.354143466934854,0.0,0.0,10.0,6.5550553010634465,11.692679333668572,240.79101208167953,0.5606119105813878,0.2607561929595828
14983.0,9662,10,70.33997655334115,853.0,9.0,4.714045207910317,11.055415967851333,0.0,0.0,10.0,7.777777777777777,10.59932446018828,258.99035444443854,0.7337993857053431,0.3516998827667058
14983.0,9662,11,70.4225352112676,852.0,8.717797887081348,6.666666666666667,9.428090415820634,0.0,0.0,5.0,6.478835438717,10.061539042374879,204.79117534582122,0.6439209162167865,0.2347417840375587
