patient_id,ecg_id,lead,bpm,ibi,sdnn,sdsd,rmssd,pnn20,pnn50,hr_mad,sd1,sd2,s,sd1/sd2,breathingrate
2451.0,9792,0,70.58823529411765,850.0,8.16496580927726,5.994789404140899,12.747548783981962,0.0,0.0,10.0,8.970437559004576,7.4477345548831755,209.888038922061,1.2044518360449656,0.26143790849673204
2451.0,9792,1,70.58823529411765,850.0,8.16496580927726,5.994789404140899,10.606601717798213,0.0,0.0,10.0,7.447734554883114,8.970437559004603,209.8880389220599,0.8302532073708059,0.26143790849673204
2451.0,9792,2,70.58823529411765,850.0,7.0710678118654755,7.453559924999299,10.0,0.0,0.0,5.0,6.666666666666665,6.666666666666654,139.62634015954606,1.0000000000000018,0.29411764705882354
2451.0,9792,3,nan,nan,nan,--,nan,nan,nan,nan,nan,nan,nan,nan,nan
2451.0,9792,4,70.58823529411765,850.0,8.16496580927726,5.994789404140899,12.747548783981962,0.0,0.0,10.0,8.970437559004576,7.4477345548831755,209.888038922061,1.2044518360449656,0.26143790849673204
2451.0,9792,5,nan,nan,nan,--,nan,nan,nan,nan,nan,nan,nan,nan,nan
2451.0,9792,6,70.58823529411765,850.0,8.16496580927726,5.994789404140899,12.747548783981962,0.0,0.0,10.0,8.970437559004576,7.4477345548831755,209.888038922061,1.2044518360449656,0.26143790849673204
2451.0,9792,7,70.58823529411765,850.0,9.428090415820634,7.806247497997997,13.693063937629153,0.0,0.0,10.0,9.642030387838444,9.64203038783848,292.06994201342707,0.9999999999999963,0.26143790849673204
2451.0,9792,8,70.58823529411765,850.0,9.428090415820634,7.806247497997997,13.693063937629153,0.0,0.0,10.0,9.642030387838444,9.64203038783848,292.06994201342707,0.9999999999999963,0.26143790849673204
2451.0,9792,9,70.69219440353461,848.75,9.270248108869579,6.998542122237652,14.638501094227998,0.0,0.0,5.0,10.301575072754254,8.329931278350497,269.5845028365356,1.2366938848016744,0.29455081001472755
2451.0,9792,10,70.69219440353461,848.75,9.270248108869579,6.998542122237652,14.638501094227998,0.0,0.0,5.0,10.301575072754254,8.329931278350497,269.5845028365356,1.2366938848016744,0.29455081001472755
2451.0,9792,11,70.58823529411765,850.0,8.16496580927726,5.994789404140899,12.747548783981962,0.0,0.0,10.0,8.970437559004576,7.4477345548831755,209.888038922061,1.2044518360449656,0.26143790849673204
