patient_id,ecg_id,lead,bpm,ibi,sdnn,sdsd,rmssd,pnn20,pnn50,hr_mad,sd1,sd2,s,sd1/sd2,breathingrate
6321.0,9802,0,56.00000000000001,1071.4285714285713,24.159335036125373,12.1335164821342,24.8327740429189,0.3333333333333333,0.0,20.0,16.541194367732672,25.083194905487357,1303.4656487415018,0.6594532486814116,0.13333333333333333
6321.0,9802,1,55.987558320373246,1071.6666666666667,26.087459737497547,13.2664991614216,25.69046515733026,0.4,0.0,10.0,15.231546211727816,26.981475126464083,1291.0990298681152,0.5645186610567614,0.15552099533437014
6321.0,9802,2,56.20608899297424,1067.5,22.776083947860748,14.846149779161806,22.677868380553633,0.42857142857142855,0.0,10.0,13.850513878332368,20.503857277724713,892.1776297595053,0.6755077198756888,0.11709601873536299
6321.0,9802,3,56.00000000000001,1071.4285714285713,24.159335036125373,12.1335164821342,24.8327740429189,0.3333333333333333,0.0,20.0,16.541194367732672,25.083194905487357,1303.4656487415018,0.6594532486814116,0.13333333333333333
6321.0,9802,4,56.00000000000001,1071.4285714285713,21.665358411575856,12.583057392117917,19.578900207451216,0.16666666666666666,0.0,10.0,12.527746981977423,21.889875894272784,861.5215504553842,0.5723078121815736,0.13333333333333333
6321.0,9802,5,56.00000000000001,1071.4285714285713,20.303814862216992,12.47219128924647,20.816659994661325,0.16666666666666666,0.0,20.0,13.944333775567925,21.85812841433998,957.548136418212,0.6379472895044287,0.13333333333333333
6321.0,9802,6,56.00000000000001,1071.4285714285713,22.31499907401901,8.975274678557506,23.45207879911715,0.16666666666666666,0.0,10.0,15.50089603144856,21.505813167606547,1047.2793603097402,0.7207770248277343,0.13333333333333333
6321.0,9802,7,nan,nan,nan,--,nan,nan,nan,nan,nan,nan,nan,nan,nan
6321.0,9802,8,nan,nan,nan,--,nan,nan,nan,nan,nan,nan,nan,nan,nan
6321.0,9802,9,56.074766355140184,1070.0,22.360679774997898,13.564659966250536,20.97617696340303,0.2,0.0,10.0,12.165525060596437,23.916521486202747,914.0685040950798,0.508666156473241,0.1557632398753894
6321.0,9802,10,55.987558320373246,1071.6666666666667,23.392781412696994,13.564659966250536,20.97617696340303,0.2,0.0,5.0,12.165525060596437,23.916521486202747,914.0685040950798,0.508666156473241,0.15552099533437014
6321.0,9802,11,55.987558320373246,1071.6666666666667,23.392781412696994,13.564659966250536,20.97617696340303,0.2,0.0,5.0,12.165525060596437,23.916521486202747,914.0685040950798,0.508666156473241,0.15552099533437014
