patient_id,ecg_id,lead,bpm,ibi,sdnn,sdsd,rmssd,pnn20,pnn50,hr_mad,sd1,sd2,s,sd1/sd2,breathingrate
21516.0,9979,0,102.68948655256723,584.2857142857143,83.29931278350429,123.69316876852982,172.33687939614086,0.5,0.5,10.0,118.53269591129697,51.35659646043534,19124.243686761005,2.308032542666909,0.24449877750611249
21516.0,9979,1,116.88311688311687,513.3333333333334,80.5536398239638,0.0,20.0,0.0,0.0,20.0,0.0,0.0,0.0,nan,nan
21516.0,9979,2,105.72687224669603,567.5,21.650635094610966,--,nan,nan,nan,0.0,nan,nan,nan,nan,0.44052863436123346
21516.0,9979,3,100.0,600.0,21.602468994692867,--,nan,nan,nan,10.0,nan,nan,nan,nan,nan
21516.0,9979,4,109.0909090909091,550.0,62.7162924074226,0.0,0.0,0.0,0.0,0.0,0.0,0.0,0.0,nan,0.303030303030303
21516.0,9979,5,102.12765957446808,587.5,94.04121436902014,101.762250149825,152.31546211727817,0.6666666666666666,0.5,45.0,105.09255180289631,68.02777210652852,22459.912413820068,1.544847766561074,0.425531914893617
21516.0,9979,6,125.95419847328245,476.3636363636364,141.50314659352196,166.25281952496326,211.04501889407388,0.8,0.6,50.0,117.55849607748473,142.59032225224823,52661.587235463674,0.8244493330306025,0.19083969465648853
21516.0,9979,7,103.00429184549357,582.5,72.58615570478987,105.40495283255267,135.85706774821418,0.42857142857142855,0.42857142857142855,0.0,96.06545387688244,53.03060340934453,16004.557844433844,1.8115097264753117,0.2145922746781116
21516.0,9979,8,104.12147505422993,576.25,90.68317098558035,116.79041056525146,160.43690348545124,0.6,0.4,35.0,113.01327355669332,104.97618777608568,37270.92101445925,1.0765610368491447,0.21691973969631234
21516.0,9979,9,109.0909090909091,550.0,30.0,--,nan,nan,nan,30.0,nan,nan,nan,nan,nan
21516.0,9979,10,102.73972602739725,584.0,4.898979485566356,4.714045207910316,5.773502691896258,0.0,0.0,0.0,3.333333333333333,3.33333333333336,34.90658503988686,0.9999999999999919,0.3424657534246575
21516.0,9979,11,103.44827586206897,580.0,0.0,0.0,0.0,0.0,0.0,0.0,0.0,0.0,0.0,nan,0.3448275862068966
