patient_id,ecg_id,lead,bpm,ibi,sdnn,sdsd,rmssd,pnn20,pnn50,hr_mad,sd1,sd2,s,sd1/sd2,breathingrate
14800.0,10283,0,60.78147612156295,987.1428571428571,21.189138534559035,17.716909687891082,27.988092706244444,0.5,0.0,20.0,19.472202409246535,23.59967043084387,1443.6798207252893,0.8251048448455072,0.1447178002894356
14800.0,10283,1,60.518731988472624,991.4285714285714,20.995626366712955,17.07825127659933,22.73030282830976,0.16666666666666666,0.0,10.0,14.95363203743863,23.36307628146034,1097.5557503540667,0.6400540689628709,0.1440922190201729
14800.0,10283,2,nan,nan,nan,--,nan,nan,nan,nan,nan,nan,nan,nan,nan
14800.0,10283,3,nan,nan,nan,--,nan,nan,nan,nan,nan,nan,nan,nan,nan
14800.0,10283,4,60.69364161849711,988.5714285714286,20.995626366712955,18.33030277982336,25.69046515733026,0.2,0.0,20.0,16.733200530681508,26.076809620810607,1370.829193578622,0.6416889479197475,0.28901734104046245
14800.0,10283,5,nan,nan,nan,--,nan,nan,nan,nan,nan,nan,nan,nan,nan
14800.0,10283,6,60.60606060606061,990.0,20.0,15.907898179514348,22.360679774997898,0.14285714285714285,0.0,15.0,15.518257844571735,24.3276948084663,1186.024868180968,0.6378844344582625,0.25252525252525254
14800.0,10283,7,60.518731988472624,991.4285714285714,20.995626366712955,17.07825127659933,22.73030282830976,0.16666666666666666,0.0,10.0,14.95363203743863,23.36307628146034,1097.5557503540667,0.6400540689628709,0.1440922190201729
14800.0,10283,8,60.69364161849711,988.5714285714286,20.995626366712955,18.33030277982336,25.69046515733026,0.2,0.0,20.0,16.733200530681508,26.076809620810607,1370.829193578622,0.6416889479197475,0.28901734104046245
14800.0,10283,9,60.69364161849711,988.5714285714286,22.94625486315573,18.856180831641268,30.0,0.5,0.0,20.0,20.682789409984757,24.38123139721301,1584.2168164814736,0.8483078263368183,0.14450867052023122
14800.0,10283,10,60.78147612156295,987.1428571428571,21.189138534559035,17.716909687891082,27.988092706244444,0.5,0.0,20.0,19.472202409246535,23.59967043084387,1443.6798207252893,0.8251048448455072,0.1447178002894356
14800.0,10283,11,60.60606060606061,990.0,20.0,15.907898179514348,22.360679774997898,0.14285714285714285,0.0,15.0,15.518257844571735,24.3276948084663,1186.024868180968,0.6378844344582625,0.25252525252525254
