patient_id,ecg_id,lead,bpm,ibi,sdnn,sdsd,rmssd,pnn20,pnn50,hr_mad,sd1,sd2,s,sd1/sd2,breathingrate
6039.0,10307,0,151.8987341772152,395.0,5.0,3.4992710611188254,9.258200997725515,0.0,0.0,5.0,6.546536707079771,2.6513163632523855,54.528434860144955,2.46916467525931,0.3452243958573073
6039.0,10307,1,151.80722891566265,395.23809523809524,4.994327848429292,3.0,9.486832980505138,0.0,0.0,0.0,6.7082039324993685,2.23606797749979,47.12388980384689,2.9999999999999996,0.12048192771084336
6039.0,10307,2,154.28571428571428,388.8888888888889,17.916128329552333,0.0,10.0,0.0,0.0,10.0,6.928203230275508,0.0,0.0,inf,0.2857142857142857
