patient_id,ecg_id,lead,bpm,ibi,sdnn,sdsd,rmssd,pnn20,pnn50,hr_mad,sd1,sd2,s,sd1/sd2,breathingrate
2223.0,10381,0,65.42056074766356,917.1428571428571,12.777531299998799,10.671873729054749,15.811388300841896,0.16666666666666666,0.0,10.0,10.606601717798211,12.527746981977424,417.4448498984434,0.8466487815452374,0.3115264797507788
2223.0,10381,1,90.45226130653266,663.3333333333334,12.472191289246473,--,nan,nan,nan,10.0,nan,nan,nan,nan,nan
2223.0,10381,2,65.64551422319475,914.0,10.198039027185569,11.180339887498949,18.708286933869708,0.25,0.0,10.0,12.74754878398196,3.535533905932766,141.58966748923834,3.60555127546396,0.2188183807439825
2223.0,10381,3,65.57377049180327,915.0,17.07825127659933,4.714045207910316,14.142135623730951,0.0,0.0,15.0,8.819171036881968,25.166114784235823,697.2584900735068,0.35043832202523134,0.18214936247723132
2223.0,10381,4,nan,nan,nan,--,nan,nan,nan,nan,nan,nan,nan,nan,nan
2223.0,10381,5,65.57377049180327,915.0,14.317821063276353,8.31479419283098,16.666666666666668,0.1111111111111111,0.0,15.0,11.547005383792513,16.329931618554554,592.3843917544499,0.7071067811865459,0.1092896174863388
2223.0,10381,6,65.66347469220246,913.75,11.110243021644486,10.0,14.142135623730951,0.16666666666666666,0.0,10.0,9.718253158075498,9.718253158075507,296.7059728390361,0.9999999999999991,0.27359781121751026
2223.0,10381,7,65.57377049180327,915.0,13.228756555322953,9.89743318610787,15.118578920369089,0.14285714285714285,0.0,10.0,9.89743318610787,12.777531299998808,397.3007682586398,0.7745966692414827,0.27322404371584696
2223.0,10381,8,65.45454545454545,916.6666666666666,13.333333333333334,9.270248108869579,14.577379737113251,0.125,0.0,10.0,9.960860906568266,15.385667031363985,481.46317757061837,0.6474117037800737,0.0
2223.0,10381,9,65.11627906976744,921.4285714285714,12.453996981544782,6.871842709362768,13.5400640077266,0.0,0.0,10.0,8.897565210026091,13.794121131039047,385.5805226468922,0.6450258864267259,0.15503875968992248
2223.0,10381,10,65.45454545454545,916.6666666666666,13.333333333333334,9.270248108869579,14.577379737113251,0.125,0.0,10.0,9.960860906568266,15.385667031363985,481.46317757061837,0.6474117037800737,0.0
2223.0,10381,11,65.57377049180327,915.0,14.317821063276353,8.31479419283098,16.666666666666668,0.1111111111111111,0.0,15.0,11.547005383792513,16.329931618554554,592.3843917544499,0.7071067811865459,0.1092896174863388
