patient_id,ecg_id,lead,bpm,ibi,sdnn,sdsd,rmssd,pnn20,pnn50,hr_mad,sd1,sd2,s,sd1/sd2,breathingrate
6943.0,10578,0,88.98305084745762,674.2857142857143,10.49781318335648,4.898979485566356,6.324555320336759,0.0,0.0,0.0,4.472135954999579,13.114877048603985,184.25916297364236,0.34099716973523714,0.42372881355932207
6943.0,10578,1,94.17040358744396,637.1428571428571,93.76479475098252,113.06635220082056,129.9230541512937,0.2,0.2,10.0,82.89752710425081,68.05879810869422,17724.570633161555,1.2180280787776798,0.2242152466367713
6943.0,10578,2,92.62435677530017,647.7777777777778,91.74575712596896,102.87698221365046,113.76667852608313,0.14285714285714285,0.14285714285714285,10.0,74.51886488997128,71.18530001886282,16665.04241465761,1.04682939975283,0.17152658662092624
6943.0,10578,3,168.22429906542055,356.6666666666667,286.9533450270657,9.537935951882998,575.9123197154233,1.0,1.0,30.0,407.2276697377033,6.744339190099436,8628.326205108993,60.380662694946594,0.18691588785046728
6943.0,10578,4,88.75739644970415,676.0,10.198039027185569,6.666666666666667,9.428090415820634,0.0,0.0,5.0,6.478835438717,12.668615834434851,257.8552561205606,0.5114083119567594,0.2958579881656805
6943.0,10578,5,91.6030534351145,655.0,74.77744758058185,78.28745506040359,84.8528137423857,0.09090909090909091,0.09090909090909091,10.0,57.62517815178356,53.89000121919614,9755.967551265292,1.069311130972046,0.1272264631043257
6943.0,10578,6,nan,nan,nan,--,nan,nan,nan,nan,nan,nan,nan,nan,nan
6943.0,10578,7,88.39779005524862,678.75,7.806247497997997,4.5175395145262565,5.3452248382484875,0.0,0.0,10.0,3.1943828249996993,9.79379228628721,98.28510903637633,0.32616403652672094,0.1841620626151013
6943.0,10578,8,88.23529411764706,680.0,7.559289460184544,4.714045207910316,5.773502691896258,0.0,0.0,10.0,3.3333333333333335,9.128709291752768,95.59562015909127,0.36514837167011077,0.21008403361344538
6943.0,10578,9,88.59060402684564,677.2727272727273,12.128785512842121,4.47213595499958,10.954451150103322,0.0,0.0,10.0,7.615773105863908,15.556349186104049,372.19587232220925,0.4895604370122275,0.1342281879194631
6943.0,10578,10,83.98133748055987,714.4444444444445,90.81251885201134,4.948716593053935,6.546536707079771,0.0,0.0,10.0,3.4992710611188254,11.248582677159739,123.65886687559635,0.3110855084191273,0.15552099533437014
6943.0,10578,11,90.45226130653266,663.3333333333334,4.714045207910316,--,nan,nan,nan,0.0,nan,nan,nan,nan,nan
