patient_id,ecg_id,lead,bpm,ibi,sdnn,sdsd,rmssd,pnn20,pnn50,hr_mad,sd1,sd2,s,sd1/sd2,breathingrate
958.0,10586,0,55.29953917050691,1085.0,49.91659710623979,33.823069050575526,63.71812928829596,0.8,0.4,25.0,44.49719092257397,54.14794548272356,7569.452199856219,0.8217706235367922,0.15360983102918588
958.0,10586,1,55.29953917050691,1085.0,49.91659710623979,33.823069050575526,63.71812928829596,0.8,0.4,25.0,44.49719092257397,54.14794548272356,7569.452199856219,0.8217706235367922,0.15360983102918588
958.0,10586,2,nan,nan,nan,--,nan,nan,nan,nan,nan,nan,nan,nan,nan
958.0,10586,3,nan,nan,nan,--,nan,nan,nan,nan,nan,nan,nan,nan,nan
958.0,10586,4,55.29953917050691,1085.0,49.91659710623979,33.823069050575526,63.71812928829596,0.8,0.4,25.0,44.49719092257397,54.14794548272356,7569.452199856219,0.8217706235367922,0.15360983102918588
958.0,10586,5,nan,nan,nan,--,nan,nan,nan,nan,nan,nan,nan,nan,nan
958.0,10586,6,55.40897097625329,1082.857142857143,45.89250972631146,34.48026810929534,55.37749241945383,0.6666666666666666,0.3333333333333333,30.0,38.005847503304594,50.60742150229661,6042.470019423755,0.7509935573694434,0.13192612137203166
958.0,10586,7,55.40897097625329,1082.857142857143,47.12120714991612,32.01562118716424,55.226805085936306,0.6666666666666666,0.3333333333333333,30.0,37.58324094593226,50.78549661730867,5996.306237328344,0.7400388585177914,0.13192612137203166
958.0,10586,8,55.29953917050691,1085.0,49.91659710623979,30.59411708155671,60.332412515993425,0.8,0.4,25.0,42.28474902373194,55.027265968790445,7309.902180069134,0.7684326720450618,0.15360983102918588
958.0,10586,9,55.29953917050691,1085.0,49.91659710623979,30.59411708155671,60.332412515993425,0.8,0.4,25.0,42.28474902373194,55.027265968790445,7309.902180069134,0.7684326720450618,0.15360983102918588
958.0,10586,10,55.29953917050691,1085.0,49.91659710623979,30.59411708155671,60.332412515993425,0.8,0.4,25.0,42.28474902373194,55.027265968790445,7309.902180069134,0.7684326720450618,0.15360983102918588
958.0,10586,11,55.29953917050691,1085.0,49.91659710623979,33.823069050575526,63.71812928829596,0.8,0.4,25.0,44.49719092257397,54.14794548272356,7569.452199856219,0.8217706235367922,0.15360983102918588
