patient_id,ecg_id,lead,bpm,ibi,sdnn,sdsd,rmssd,pnn20,pnn50,hr_mad,sd1,sd2,s,sd1/sd2,breathingrate
3127.0,10790,0,81.49405772495756,736.25,12.183492931011205,3.7267799624996494,12.24744871391589,0.0,0.0,10.0,7.905694150420947,12.747548783981934,316.6041214175257,0.6201736729460435,0.16977928692699493
3127.0,10790,1,82.1917808219178,730.0,12.649110640673518,6.666666666666667,12.01850425154663,0.0,0.0,10.0,8.461970117626564,14.907119849998615,396.29181557286387,0.567646212197546,0.273972602739726
3127.0,10790,2,81.81818181818181,733.3333333333334,9.428090415820634,5.0,7.0710678118654755,0.0,0.0,5.0,3.5355339059327373,3.535533905932766,39.26990816987273,0.9999999999999918,0.22727272727272727
3127.0,10790,3,nan,nan,nan,--,nan,nan,nan,nan,nan,nan,nan,nan,nan
3127.0,10790,4,82.08955223880598,730.9090909090909,11.642044068059723,6.849348892187752,8.819171036881968,0.0,0.0,10.0,6.186404847588913,16.139821162593286,313.6800715697337,0.3833007060776444,0.12437810945273631
3127.0,10790,5,153.84615384615384,390.0,286.6737137963964,4.714045207910317,576.6859341675213,1.0,1.0,10.0,405.3119511904106,5.555555555555575,7074.02804595524,72.95615121427365,0.2331002331002331
3127.0,10790,6,83.33333333333333,720.0,10.0,--,nan,nan,nan,10.0,nan,nan,nan,nan,nan
3127.0,10790,7,82.1917808219178,730.0,11.832159566199232,6.849348892187752,8.819171036881968,0.0,0.0,5.0,6.186404847588913,16.139821162593286,313.6800715697337,0.3833007060776444,0.136986301369863
3127.0,10790,8,81.63265306122449,735.0,11.180339887498949,5.773502691896258,11.547005383792516,0.0,0.0,10.0,7.817359599705715,13.5400640077266,332.5298834429399,0.5773502691896257,0.17006802721088435
3127.0,10790,9,82.08955223880598,730.9090909090909,12.398346997259868,5.385164807134504,12.24744871391589,0.0,0.0,10.0,8.631338250816034,14.645818515876805,397.13819475153497,0.5893380586041831,0.24875621890547261
3127.0,10790,10,82.3045267489712,729.0,11.357816691600547,4.714045207910317,11.055415967851333,0.0,0.0,10.0,7.777777777777777,14.52966314513556,355.0266455236063,0.5353033790313114,0.27434842249657065
3127.0,10790,11,82.1917808219178,730.0,11.281521496355325,7.745966692414834,12.649110640673518,0.0,0.0,10.0,8.944271909999157,13.341664064126322,374.890873017085,0.6704015231539914,0.24906600249066005
