patient_id,ecg_id,lead,bpm,ibi,sdnn,sdsd,rmssd,pnn20,pnn50,hr_mad,sd1,sd2,s,sd1/sd2,breathingrate
12924.0,10899,0,78.94736842105263,760.0,18.090680674665816,11.832159566199232,15.491933384829668,0.2,0.0,10.0,10.862780491200214,23.62202362203537,806.1353683999506,0.4598581673192075,0.23923444976076558
12924.0,10899,1,78.94736842105263,760.0,17.88854381999832,7.856742013183861,11.055415967851333,0.0,0.0,20.0,7.453559924999298,24.368569110512503,570.6156108730407,0.30586777135732035,0.13157894736842105
12924.0,10899,2,83.91608391608392,715.0,5.0,--,nan,nan,nan,5.0,nan,nan,nan,nan,nan
12924.0,10899,3,78.94736842105263,760.0,17.056057308448835,7.483314773547883,10.954451150103322,0.0,0.0,20.0,7.615773105863909,23.19482700948634,554.9514715104291,0.3283392931858975,0.11961722488038279
12924.0,10899,4,78.81773399014779,761.25,16.909686573085853,10.671873729054749,13.5400640077266,0.16666666666666666,0.0,10.0,7.546154281781179,21.114765765533175,500.56654538962505,0.35738754412796725,0.16420361247947454
12924.0,10899,5,78.94736842105263,760.0,18.439088914585774,5.665577237325317,12.47219128924647,0.0,0.0,15.0,8.240220541217402,23.75284258492437,614.8997246902485,0.34691513286276593,0.2631578947368421
12924.0,10899,6,78.55973813420621,763.75,17.984368212422698,10.671873729054747,13.5400640077266,0.16666666666666666,0.0,10.0,7.546154281781179,22.882550362909914,542.4753138186987,0.32977767609386155,0.1636661211129296
12924.0,10899,7,82.00455580865604,731.6666666666666,24.776781245530845,0.0,0.0,0.0,0.0,25.0,0.0,0.0,0.0,nan,0.22779043280182235
12924.0,10899,8,nan,nan,nan,--,nan,nan,nan,nan,nan,nan,nan,nan,nan
12924.0,10899,9,78.94736842105263,760.0,18.090680674665816,11.832159566199232,15.491933384829668,0.2,0.0,10.0,10.862780491200214,23.62202362203537,806.1353683999506,0.4598581673192075,0.23923444976076558
12924.0,10899,10,78.94736842105263,760.0,18.973665961010276,12.47219128924647,15.986105077709064,0.2222222222222222,0.0,15.0,11.055415967851332,24.82034211520958,862.0505314421306,0.4454175497072104,0.13157894736842105
12924.0,10899,11,79.04191616766467,759.0909090909091,16.211413181933644,5.665577237325317,10.540925533894598,0.0,0.0,10.0,7.453559924999299,22.635054208292576,530.0235408010635,0.32929277996907175,0.23952095808383234
