patient_id,ecg_id,lead,bpm,ibi,sdnn,sdsd,rmssd,pnn20,pnn50,hr_mad,sd1,sd2,s,sd1/sd2,breathingrate
18878.0,11018,0,157.89473684210526,380.0,0.0,--,nan,nan,nan,0.0,nan,nan,nan,nan,nan
18878.0,11018,1,62.30529595015577,963.0,11.0,6.666666666666667,12.01850425154663,0.0,0.0,10.0,8.461970117626564,13.240416986458882,351.9840813855176,0.6391014819458263,0.20768431983385252
18878.0,11018,2,62.06896551724138,966.6666666666666,7.453559924999299,8.0,8.94427190999916,0.0,0.0,0.0,5.65685424949238,5.656854249492426,100.53096491487419,0.9999999999999918,0.1724137931034483
18878.0,11018,3,65.57377049180327,915.0,5.0,--,nan,nan,nan,5.0,nan,nan,nan,nan,nan
18878.0,11018,4,62.140391254315304,965.5555555555555,8.31479419283098,6.614378277661476,7.0710678118654755,0.0,0.0,0.0,4.677071733467426,9.842509842514778,144.62046756606517,0.47519096331149074,0.11507479861910243
18878.0,11018,5,61.94690265486726,968.5714285714286,6.388765649999399,6.871842709362768,10.801234497346433,0.0,0.0,0.0,7.54615428178118,4.85912657903779,115.19503613202569,1.5529857391110562,0.14749262536873156
18878.0,11018,6,62.095730918499356,966.25,8.569568250501305,6.3887656499993986,10.690449676496975,0.0,0.0,5.0,7.284313590846835,8.32993127835043,190.62503005851687,0.8744746321952062,0.129366106080207
18878.0,11018,7,62.140391254315304,965.5555555555555,8.31479419283098,3.307189138830738,9.354143466934854,0.0,0.0,10.0,6.5550553010634465,8.615030470056402,177.41202395127513,0.7608859102526809,0.23014959723820486
18878.0,11018,8,62.140391254315304,965.5555555555555,8.31479419283098,5.994789404140899,10.606601717798213,0.0,0.0,10.0,7.447734554883115,7.856128181235337,183.81570872477974,0.9480159161191278,0.3452243958573073
18878.0,11018,9,62.01550387596899,967.5,6.614378277661476,6.388765649999399,10.690449676496975,0.0,0.0,5.0,7.5592894601845435,4.948716593053975,117.52315214524508,1.527525231651934,0.25839793281653745
18878.0,11018,10,62.01550387596899,967.5,6.614378277661476,6.388765649999399,10.690449676496975,0.0,0.0,5.0,7.5592894601845435,4.948716593053975,117.52315214524508,1.527525231651934,0.25839793281653745
18878.0,11018,11,62.140391254315304,965.5555555555555,9.558139185602919,5.994789404140899,12.747548783981962,0.0,0.0,10.0,8.970437559004576,9.312290266094612,262.4339424855153,0.9632901577032347,0.23014959723820486
