patient_id,ecg_id,lead,bpm,ibi,sdnn,sdsd,rmssd,pnn20,pnn50,hr_mad,sd1,sd2,s,sd1/sd2,breathingrate
10133.0,11047,0,60.2258469259724,996.25,9.921567416492215,8.32993127835043,11.952286093343936,0.0,0.0,5.0,8.206518066482898,10.594569267279502,273.1442781778143,0.7745966692414846,0.12547051442910917
10133.0,11047,1,60.36217303822938,994.0,4.898979485566356,5.0,7.0710678118654755,0.0,0.0,0.0,5.0,3.535533905932766,55.53603672698002,1.4142135623730836,0.2012072434607646
10133.0,11047,2,nan,nan,nan,--,nan,nan,nan,nan,nan,nan,nan,nan,nan
10133.0,11047,3,nan,nan,nan,--,nan,nan,nan,nan,nan,nan,nan,nan,nan
10133.0,11047,4,60.08583690987125,998.5714285714286,8.32993127835043,7.453559924999298,10.0,0.0,0.0,10.0,7.071067811865475,10.54092553389458,234.16049103469044,0.670820393249938,0.14306151645207438
10133.0,11047,5,nan,nan,nan,--,nan,nan,nan,nan,nan,nan,nan,nan,nan
10133.0,11047,6,60.20066889632107,996.6666666666666,9.428090415820632,6.324555320336759,11.832159566199232,0.0,0.0,5.0,8.246211251235321,11.489125293076043,297.6399991670774,0.7177405625652743,0.16722408026755853
10133.0,11047,7,nan,nan,nan,--,nan,nan,nan,nan,nan,nan,nan,nan,nan
10133.0,11047,8,60.2258469259724,996.25,9.921567416492215,8.32993127835043,11.952286093343936,0.0,0.0,5.0,8.206518066482898,10.594569267279502,273.1442781778143,0.7745966692414846,0.12547051442910917
10133.0,11047,9,60.2258469259724,996.25,9.921567416492215,10.690449676496975,14.638501094227998,0.14285714285714285,0.0,0.0,10.301575072754254,10.497813183356465,339.74442925613084,0.9813067629253174,0.12547051442910917
10133.0,11047,10,60.2258469259724,996.25,6.959705453537527,4.517539514526256,8.451542547285166,0.0,0.0,5.0,5.890150893739515,8.206518066482868,151.85714243218197,0.717740562565276,0.12547051442910917
10133.0,11047,11,60.33519553072625,994.4444444444445,9.558139185602919,5.0,11.180339887498949,0.0,0.0,10.0,7.70551750371122,10.606601717798204,256.76034185189394,0.7264831572567795,0.11173184357541899
