patient_id,ecg_id,lead,bpm,ibi,sdnn,sdsd,rmssd,pnn20,pnn50,hr_mad,sd1,sd2,s,sd1/sd2,breathingrate
21778.0,11182,0,146.34146341463415,410.0,115.18101695447331,--,nan,nan,nan,110.0,nan,nan,nan,nan,nan
21778.0,11182,1,54.40414507772021,1102.857142857143,90.50876606546946,48.102898965539374,83.56634091147782,0.6666666666666666,0.5,110.0,57.06964556087976,117.52659273543158,21071.29336069769,0.48558921204625866,0.1295336787564767
21778.0,11182,2,54.054054054054056,1110.0,108.8577052853862,50.0,86.02325267042627,0.5,0.5,75.0,35.35533905932737,141.4213562373095,15707.963267948964,0.24999999999999994,0.2252252252252252
21778.0,11182,3,nan,nan,nan,--,nan,nan,nan,nan,nan,nan,nan,nan,nan
21778.0,11182,4,nan,nan,nan,--,nan,nan,nan,nan,nan,nan,nan,nan,nan
21778.0,11182,5,54.40414507772021,1102.857142857143,88.91637896911678,41.63331998932265,81.44527815247078,0.8333333333333334,0.6666666666666666,100.0,55.82711408148075,116.80943645290152,20486.745833851786,0.4779332541681312,0.1295336787564767
21778.0,11182,6,55.1301684532925,1088.3333333333333,88.01830617673929,43.174066289845804,87.40709353364863,0.8,0.8,55.0,57.515215378193616,101.92153844992723,18416.13939769276,0.5643087442842135,0.30627871362940273
21778.0,11182,7,56.78233438485804,1056.6666666666667,89.93825042154694,0.0,120.0,1.0,1.0,100.0,0.0,0.0,0.0,nan,nan
21778.0,11182,8,55.1301684532925,1088.3333333333333,89.33395522171597,51.76871642217914,95.28903399657277,0.8,0.6,65.0,64.40496875241845,104.0576763146285,21054.424265111622,0.618935296591515,0.30627871362940273
21778.0,11182,9,51.39186295503212,1167.5,58.0409338312195,10.0,31.622776601683793,0.5,0.0,20.0,21.213203435596423,7.071067811865532,471.2388980384727,2.9999999999999756,0.21413276231263384
21778.0,11182,10,54.40414507772021,1102.857142857143,90.98104758908947,44.22166387140533,85.63488385776752,0.8333333333333334,0.5,110.0,58.87840577551897,119.00046685249227,22011.750432318273,0.49477457805692515,0.1295336787564767
21778.0,11182,11,54.40414507772021,1102.857142857143,88.91637896911678,41.63331998932265,81.44527815247078,0.8333333333333334,0.6666666666666666,100.0,55.82711408148075,116.80943645290152,20486.745833851786,0.4779332541681312,0.1295336787564767
