patient_id,ecg_id,lead,bpm,ibi,sdnn,sdsd,rmssd,pnn20,pnn50,hr_mad,sd1,sd2,s,sd1/sd2,breathingrate
21680.0,11260,0,53.097345132743364,1130.0,16.32993161855452,10.954451150103322,22.80350850198276,0.2,0.0,10.0,15.874507866387543,17.088007490635068,852.2000764197101,0.9289853059279981,0.14749262536873156
21680.0,11260,1,53.097345132743364,1130.0,17.88854381999832,10.897247358851684,25.0,0.25,0.0,10.0,17.58905909933786,18.285923547909736,1010.4373251682456,0.9618906615929971,0.17699115044247787
21680.0,11260,2,53.9568345323741,1112.0,21.354156504062622,10.0,22.360679774997898,0.5,0.0,20.0,7.071067811865475,14.142135623730951,314.15926535897927,0.49999999999999994,0.17985611510791366
21680.0,11260,3,nan,nan,nan,--,nan,nan,nan,nan,nan,nan,nan,nan,nan
21680.0,11260,4,53.491827637444274,1121.6666666666667,24.094720491334936,14.79019945774904,31.22498999199199,0.5,0.0,15.0,10.458250331675941,21.4330352493528,704.1944273007647,0.48795003647426666,0.1485884101040119
21680.0,11260,5,53.097345132743364,1130.0,17.88854381999832,10.897247358851684,25.0,0.25,0.0,10.0,17.58905909933786,18.285923547909736,1010.4373251682456,0.9618906615929971,0.17699115044247787
21680.0,11260,6,nan,nan,nan,--,nan,nan,nan,nan,nan,nan,nan,nan,nan
21680.0,11260,7,53.191489361702125,1128.0,17.204650534085253,12.47219128924647,26.457513110645905,0.3333333333333333,0.0,10.0,18.559214542766735,14.52966314513561,847.1591592006122,1.277332747317007,0.1773049645390071
21680.0,11260,8,53.097345132743364,1130.0,17.88854381999832,10.897247358851684,25.0,0.25,0.0,10.0,17.58905909933786,18.285923547909736,1010.4373251682456,0.9618906615929971,0.17699115044247787
21680.0,11260,9,53.097345132743364,1130.0,17.88854381999832,10.897247358851684,25.0,0.25,0.0,10.0,17.58905909933786,18.285923547909736,1010.4373251682456,0.9618906615929971,0.17699115044247787
21680.0,11260,10,53.097345132743364,1130.0,17.88854381999832,10.897247358851684,25.0,0.25,0.0,10.0,17.58905909933786,18.285923547909736,1010.4373251682456,0.9618906615929971,0.17699115044247787
21680.0,11260,11,53.097345132743364,1130.0,17.88854381999832,10.897247358851684,25.0,0.25,0.0,10.0,17.58905909933786,18.285923547909736,1010.4373251682456,0.9618906615929971,0.17699115044247787
