patient_id,ecg_id,lead,bpm,ibi,sdnn,sdsd,rmssd,pnn20,pnn50,hr_mad,sd1,sd2,s,sd1/sd2,breathingrate
21553.0,11359,0,53.17577548005909,1128.3333333333333,12.1335164821342,13.564659966250536,20.97617696340303,0.2,0.0,5.0,14.832396974191324,11.489125293076011,535.3627852285146,1.2909944487358107,0.14771048744460855
21553.0,11359,1,53.191489361702125,1128.0,14.696938456699069,8.2915619758885,23.979157616563597,0.5,0.0,10.0,16.105123408406406,11.592023119369628,586.5069575085504,1.3893280959296603,0.1773049645390071
21553.0,11359,2,nan,nan,nan,--,nan,nan,nan,nan,nan,nan,nan,nan,nan
21553.0,11359,3,53.17577548005909,1128.3333333333333,6.871842709362768,7.483314773547883,10.954451150103322,0.0,0.0,5.0,7.745966692414833,7.211102550928037,175.47981573787706,1.0741723110591406,0.14771048744460855
21553.0,11359,4,53.17577548005909,1128.3333333333333,12.1335164821342,13.564659966250536,20.97617696340303,0.2,0.0,5.0,14.832396974191324,11.489125293076011,535.3627852285146,1.2909944487358107,0.14771048744460855
21553.0,11359,5,nan,nan,nan,--,nan,nan,nan,nan,nan,nan,nan,nan,nan
21553.0,11359,6,53.17577548005909,1128.3333333333333,12.133516482134198,10.198039027185569,18.973665961010276,0.2,0.0,5.0,13.416407864998737,13.114877048603985,552.7774889209271,1.0229915092057114,0.14771048744460855
21553.0,11359,7,53.191489361702125,1128.0,13.2664991614216,11.180339887498949,18.708286933869708,0.25,0.0,10.0,12.74754878398196,13.228756555322908,529.7800252519688,0.9636241116594346,0.1773049645390071
21553.0,11359,8,260.8695652173913,230.0,0.0,--,nan,nan,nan,0.0,nan,nan,nan,nan,1.0869565217391304
21553.0,11359,9,53.191489361702125,1128.0,7.483314773547883,8.2915619758885,11.180339887498949,0.0,0.0,10.0,7.70551750371122,7.705517503711283,186.53206380689545,0.9999999999999918,0.1773049645390071
21553.0,11359,10,620.6896551724137,96.66666666666667,94.28090415820634,0.0,200.0,1.0,1.0,0.0,0.0,0.0,0.0,nan,nan
21553.0,11359,11,53.17577548005909,1128.3333333333333,12.1335164821342,13.564659966250536,20.97617696340303,0.2,0.0,5.0,14.832396974191324,11.489125293076011,535.3627852285146,1.2909944487358107,0.14771048744460855
