patient_id,ecg_id,lead,bpm,ibi,sdnn,sdsd,rmssd,pnn20,pnn50,hr_mad,sd1,sd2,s,sd1/sd2,breathingrate
21629.0,11386,0,191.48936170212767,313.3333333333333,202.7039439401436,175.0,351.63901945034485,1.0,1.0,130.0,215.66756826189697,123.74368670764581,83841.25394267759,1.7428571428571429,nan
21629.0,11386,1,61.224489795918366,980.0,5.3452248382484875,5.0,7.0710678118654755,0.0,0.0,0.0,4.85912657903775,4.8591265790376985,74.1764932097582,1.0000000000000107,0.14577259475218657
21629.0,11386,2,61.32879045996592,978.3333333333334,3.7267799624996503,4.898979485566356,6.324555320336759,0.0,0.0,0.0,4.472135954999579,3.464101615137671,48.66934411168216,1.2909944487358367,0.17035775127768313
21629.0,11386,3,nan,nan,nan,--,nan,nan,nan,nan,nan,nan,nan,nan,nan
21629.0,11386,4,61.31386861313869,978.5714285714286,6.388765649999399,3.72677996249965,9.128709291752768,0.0,0.0,0.0,6.346477588219923,6.346477588219869,126.5363707695878,1.0000000000000084,0.291970802919708
21629.0,11386,5,61.40350877192983,977.1428571428571,4.5175395145262565,4.898979485566356,6.324555320336759,0.0,0.0,0.0,4.472135954999579,3.464101615137671,48.66934411168216,1.2909944487358367,0.14619883040935672
21629.0,11386,6,61.224489795918366,980.0,5.3452248382484875,5.0,7.0710678118654755,0.0,0.0,0.0,4.85912657903775,4.8591265790376985,74.1764932097582,1.0000000000000107,0.14577259475218657
21629.0,11386,7,61.38107416879795,977.5,6.614378277661476,3.499271061118826,9.258200997725515,0.0,0.0,5.0,6.54653670707977,6.226998490772336,128.0678859318675,1.0513149660757029,0.2557544757033248
21629.0,11386,8,61.38107416879795,977.5,6.614378277661476,3.499271061118826,9.258200997725515,0.0,0.0,5.0,6.54653670707977,6.226998490772336,128.0678859318675,1.0513149660757029,0.2557544757033248
21629.0,11386,9,61.38107416879795,977.5,6.614378277661476,4.517539514526256,8.451542547285166,0.0,0.0,5.0,5.890150893739515,7.42307488958086,137.35995359539217,0.7934920476158767,0.1278772378516624
21629.0,11386,10,61.31386861313869,978.5714285714286,6.388765649999399,7.453559924999299,10.0,0.0,0.0,0.0,7.071067811865475,6.666666666666627,148.0960979386113,1.0606601717798274,0.145985401459854
21629.0,11386,11,61.224489795918366,980.0,5.3452248382484875,5.0,7.0710678118654755,0.0,0.0,0.0,4.85912657903775,4.8591265790376985,74.1764932097582,1.0000000000000107,0.14577259475218657
