patient_id,ecg_id,lead,bpm,ibi,sdnn,sdsd,rmssd,pnn20,pnn50,hr_mad,sd1,sd2,s,sd1/sd2,breathingrate
13943.0,11399,0,62.90956749672346,953.75,12.183492931011205,8.806305718527108,15.583874449479593,0.14285714285714285,0.0,15.0,10.97306535409801,13.627702877384948,469.78645901507485,0.8052028616141693,0.3931847968545216
13943.0,11399,1,142.85714285714286,420.0,0.0,--,nan,nan,nan,0.0,nan,nan,nan,nan,nan
13943.0,11399,2,62.90956749672346,953.75,12.183492931011205,8.806305718527108,15.583874449479593,0.14285714285714285,0.0,15.0,10.97306535409801,13.627702877384948,469.78645901507485,0.8052028616141693,0.3931847968545216
13943.0,11399,3,nan,nan,nan,--,nan,nan,nan,nan,nan,nan,nan,nan,nan
13943.0,11399,4,nan,nan,nan,--,nan,nan,nan,nan,nan,nan,nan,nan,nan
13943.0,11399,5,266.6666666666667,225.0,25.0,--,nan,nan,nan,25.0,nan,nan,nan,nan,nan
13943.0,11399,6,346.15384615384613,173.33333333333334,160.27753706895078,0.0,340.0,1.0,1.0,0.0,0.0,0.0,0.0,nan,nan
13943.0,11399,7,62.93706293706293,953.3333333333334,12.47219128924647,11.110243021644486,17.67766952966369,0.125,0.0,10.0,12.4687108395375,12.96027584582983,507.6748757623838,0.9620714086536593,0.11655011655011654
13943.0,11399,8,62.93706293706293,953.3333333333334,9.428090415820634,5.994789404140899,10.606601717798213,0.0,0.0,10.0,7.447734554883115,10.861341998114218,254.1309447896054,0.685710343728815,0.11655011655011654
13943.0,11399,9,nan,nan,nan,--,nan,nan,nan,nan,nan,nan,nan,nan,nan
13943.0,11399,10,62.90956749672346,953.75,12.183492931011205,8.806305718527108,15.583874449479593,0.14285714285714285,0.0,15.0,10.97306535409801,13.627702877384948,469.78645901507485,0.8052028616141693,0.3931847968545216
13943.0,11399,11,62.82722513089005,955.0,12.24744871391589,9.035079029052513,16.903085094570333,0.14285714285714285,0.0,10.0,11.78030178747903,12.7775312999988,472.8825001873605,0.9219544457292885,0.13089005235602094
