patient_id,ecg_id,lead,bpm,ibi,sdnn,sdsd,rmssd,pnn20,pnn50,hr_mad,sd1,sd2,s,sd1/sd2,breathingrate
16832.0,11518,0,61.31386861313869,978.5714285714286,22.94625486315573,15.0,21.213203435596427,0.3333333333333333,0.0,10.0,12.527746981977423,24.295632895188735,956.2051161118837,0.5156378117837915,0.145985401459854
16832.0,11518,1,61.31386861313869,978.5714285714286,25.872528966106902,17.320508075688775,26.457513110645905,0.3333333333333333,0.0,20.0,16.158932858054428,25.49509756796392,1294.2531403891242,0.6338054920158089,0.145985401459854
16832.0,11518,2,61.31386861313869,978.5714285714286,22.94625486315573,15.0,21.213203435596427,0.3333333333333333,0.0,10.0,12.527746981977423,24.295632895188735,956.2051161118837,0.5156378117837915,0.145985401459854
16832.0,11518,3,64.51612903225806,930.0,0.0,--,nan,nan,nan,0.0,nan,nan,nan,nan,nan
16832.0,11518,4,61.085972850678736,982.2222222222222,21.487866228681906,13.169567191065923,19.03943276465977,0.25,0.0,10.0,12.716868718359876,24.858977251689154,993.1465025245698,0.5115604149601839,0.22624434389140272
16832.0,11518,5,nan,nan,nan,--,nan,nan,nan,nan,nan,nan,nan,nan,nan
16832.0,11518,6,60.69364161849711,988.5714285714286,16.413036132965797,5.773502691896258,11.547005383792516,0.0,0.0,10.0,6.666666666666666,20.682789409984725,433.1793284410185,0.32232918561015267,0.14450867052023122
16832.0,11518,7,61.04651162790697,982.8571428571429,26.572964625340386,13.564659966250536,27.568097504180443,0.2,0.0,20.0,17.54992877478424,29.866369046136132,1646.6741130951445,0.587615077938465,0.14534883720930233
16832.0,11518,8,61.31386861313869,978.5714285714286,25.314350209527642,17.950549357115012,24.49489742783178,0.3333333333333333,0.0,10.0,14.529663145135578,25.166114784235823,1148.7395973483374,0.577350269189626,0.145985401459854
16832.0,11518,9,61.31386861313869,978.5714285714286,25.314350209527642,17.950549357115012,24.49489742783178,0.3333333333333333,0.0,10.0,14.529663145135578,25.166114784235823,1148.7395973483374,0.577350269189626,0.145985401459854
16832.0,11518,10,61.31386861313869,978.5714285714286,25.314350209527642,17.950549357115012,24.49489742783178,0.3333333333333333,0.0,10.0,14.529663145135578,25.166114784235823,1148.7395973483374,0.577350269189626,0.145985401459854
16832.0,11518,11,61.31386861313869,978.5714285714286,22.94625486315573,15.0,21.213203435596427,0.3333333333333333,0.0,10.0,12.527746981977423,24.295632895188735,956.2051161118837,0.5156378117837915,0.145985401459854
