patient_id,ecg_id,lead,bpm,ibi,sdnn,sdsd,rmssd,pnn20,pnn50,hr_mad,sd1,sd2,s,sd1/sd2,breathingrate
8604.0,11683,0,64.37768240343348,932.0,4.0,4.714045207910316,5.773502691896258,0.0,0.0,0.0,3.333333333333333,3.33333333333336,34.90658503988686,0.9999999999999919,0.2145922746781116
8604.0,11683,1,64.42953020134229,931.25,5.994789404140899,3.499271061118826,9.258200997725515,0.0,0.0,0.0,6.54653670707977,6.226998490772441,128.06788593186965,1.0513149660756849,0.2684563758389262
8604.0,11683,2,nan,nan,nan,--,nan,nan,nan,nan,nan,nan,nan,nan,nan
8604.0,11683,3,64.41717791411043,931.4285714285714,6.388765649999399,3.726779962499649,9.128709291752768,0.0,0.0,0.0,6.346477588219923,6.346477588219974,126.5363707695899,0.9999999999999919,0.15337423312883436
8604.0,11683,4,64.37768240343348,932.0,4.0,4.714045207910316,5.773502691896258,0.0,0.0,0.0,3.333333333333333,3.33333333333336,34.90658503988686,0.9999999999999919,0.2145922746781116
8604.0,11683,5,64.43914081145584,931.1111111111111,5.665577237325317,4.841229182759271,7.905694150420948,0.0,0.0,0.0,5.519850541454904,4.921254921257422,85.3400815394583,1.1216347516589398,0.35799522673031026
8604.0,11683,6,64.42953020134229,931.25,5.994789404140899,3.499271061118826,9.258200997725515,0.0,0.0,0.0,6.54653670707977,6.226998490772441,128.06788593186965,1.0513149660756849,0.2684563758389262
8604.0,11683,7,64.343163538874,932.5,6.614378277661476,5.3452248382484875,11.338934190276817,0.0,0.0,5.0,7.953949089757174,3.1943828249997255,79.82145533667804,2.4899799195977264,0.2680965147453083
8604.0,11683,8,64.43914081145584,931.1111111111111,5.665577237325317,4.841229182759271,7.905694150420948,0.0,0.0,0.0,5.519850541454904,4.921254921257422,85.3400815394583,1.1216347516589398,0.2386634844868735
8604.0,11683,9,64.36233611442194,932.2222222222222,6.285393610547089,6.614378277661476,10.0,0.0,0.0,0.0,7.071067811865475,6.123724356957945,136.0349523175663,1.1547005383792515,0.23837902264600713
8604.0,11683,10,64.42953020134229,931.25,5.994789404140899,3.726779962499649,9.128709291752768,0.0,0.0,0.0,6.346477588219923,6.346477588219974,126.5363707695899,0.9999999999999919,0.2684563758389262
8604.0,11683,11,64.36233611442194,932.2222222222222,6.285393610547089,4.330127018922194,8.660254037844387,0.0,0.0,0.0,6.123724356957944,7.07106781186549,136.03495231756656,0.8660254037844367,0.23837902264600713
