patient_id,ecg_id,lead,bpm,ibi,sdnn,sdsd,rmssd,pnn20,pnn50,hr_mad,sd1,sd2,s,sd1/sd2,breathingrate
8525.0,11714,0,99.17355371900827,605.0,6.267831705280087,6.249260311258432,8.770580193070291,0.0,0.0,0.0,6.201736729460423,6.481653671674129,126.28420098788133,0.9568139619311985,0.23612750885478156
8525.0,11714,1,99.17355371900827,605.0,6.454972243679028,6.4031242374328485,9.486832980505138,0.0,0.0,0.0,6.670832032063166,6.670832032063177,139.80087308474597,0.9999999999999984,0.27548209366391185
8525.0,11714,2,169.4480102695764,354.09090909090907,256.13666612872356,149.71305888265059,489.45888489228594,0.95,0.9,35.0,346.09897428336876,119.42570912496187,129851.81178867849,2.8980273746687644,0.3851091142490372
8525.0,11714,3,103.8961038961039,577.5,20.463381929681123,0.0,30.0,1.0,0.0,10.0,0.0,0.0,0.0,nan,0.4329004329004329
8525.0,11714,4,99.5475113122172,602.7272727272727,4.453617714151233,4.714045207910316,5.773502691896258,0.0,0.0,0.0,4.006168083848877,4.843221048378538,60.95556069482596,0.827170191868509,0.30165912518853694
8525.0,11714,5,99.23664122137404,604.6153846153846,6.34323942402717,6.236095644623235,9.128709291752768,0.0,0.0,0.0,6.454972243679028,6.454972243679039,130.89969389957494,0.9999999999999982,0.2544529262086514
8525.0,11714,6,99.11054637865311,605.3846153846154,6.34323942402717,6.236095644623235,9.128709291752768,0.0,0.0,0.0,6.454972243679028,6.346477588219908,128.6995423492337,1.017095255431218,0.12706480304955528
8525.0,11714,7,99.11054637865311,605.3846153846154,4.9851851526214315,4.930066485916347,6.454972243679028,0.0,0.0,0.0,4.5261585380000895,5.368374469468801,76.33477625051925,0.8431152788877545,0.12706480304955528
8525.0,11714,8,99.23664122137404,604.6153846153846,6.34323942402717,4.714045207910317,8.16496580927726,0.0,0.0,0.0,5.773502691896257,7.071067811865495,128.25498301618677,0.8164965809277237,0.2544529262086514
8525.0,11714,9,99.17355371900827,605.0,7.0710678118654755,5.0,7.0710678118654755,0.0,0.0,0.0,4.85912657903775,9.501461875826173,145.0435815678159,0.5114083119567575,0.2066115702479339
8525.0,11714,10,99.17355371900827,605.0,6.454972243679028,6.1657545301138805,9.534625892455923,0.0,0.0,0.0,6.74199862463242,6.363636363636372,134.78572131600373,1.0594569267279503,0.27548209366391185
8525.0,11714,11,99.11054637865311,605.3846153846154,6.34323942402717,5.951190357119041,9.574271077563381,0.0,0.0,0.0,6.744339190099435,6.095307849303255,129.1471782313434,1.106480485783892,0.25412960609911056
