patient_id,ecg_id,lead,bpm,ibi,sdnn,sdsd,rmssd,pnn20,pnn50,hr_mad,sd1,sd2,s,sd1/sd2,breathingrate
13452.0,11817,0,66.75938803894297,898.75,11.659223816361019,11.24858267715973,14.142135623730951,0.14285714285714285,0.0,10.0,10.0,14.498416521560335,455.4811883281883,0.6897304947150041,0.13908205841446453
13452.0,11817,1,66.75938803894297,898.75,12.686114456365274,11.952286093343936,15.583874449479593,0.14285714285714285,0.0,5.0,10.973065354098008,15.319721849662322,528.1152623889452,0.7162705342682104,0.13908205841446453
13452.0,11817,2,nan,nan,nan,--,nan,nan,nan,nan,nan,nan,nan,nan,nan
13452.0,11817,3,nan,nan,nan,--,nan,nan,nan,nan,nan,nan,nan,nan,nan
13452.0,11817,4,66.83168316831683,897.7777777777778,11.331154474650633,10.532687216470448,13.693063937629153,0.125,0.0,10.0,9.642030387838444,13.664506943172169,413.91611413797415,0.7056259276633716,0.12376237623762376
13452.0,11817,5,66.77265500794913,898.5714285714286,15.518257844571735,16.996731711975947,23.804761428476166,0.16666666666666666,0.0,10.0,16.666666666666664,10.54092553389459,551.9215703220051,1.5811388300841906,0.3179650238473768
13452.0,11817,6,66.79035250463822,898.3333333333334,13.437096247164249,12.649110640673518,16.1245154965971,0.2,0.0,5.0,11.31370849898476,16.492422502470674,586.1912203610085,0.685994340570034,0.1855287569573284
13452.0,11817,7,66.75938803894297,898.75,11.659223816361019,11.24858267715973,14.142135623730951,0.14285714285714285,0.0,10.0,10.0,14.498416521560335,455.4811883281883,0.6897304947150041,0.13908205841446453
13452.0,11817,8,66.75938803894297,898.75,12.686114456365274,11.952286093343936,15.583874449479593,0.14285714285714285,0.0,5.0,10.973065354098008,15.319721849662322,528.1152623889452,0.7162705342682104,0.13908205841446453
13452.0,11817,9,66.75938803894297,898.75,12.686114456365274,11.952286093343936,15.583874449479593,0.14285714285714285,0.0,5.0,10.973065354098008,15.319721849662322,528.1152623889452,0.7162705342682104,0.13908205841446453
13452.0,11817,10,66.88963210702342,897.0,11.874342087037917,10.999438818457406,15.634719199411432,0.1111111111111111,0.0,10.0,11.055415967851332,13.743685418725548,477.34037122420136,0.8043996665398429,0.11148272017837234
13452.0,11817,11,66.88963210702342,897.0,11.874342087037917,11.331154474650633,13.743685418725535,0.1111111111111111,0.0,15.0,9.686442096757052,14.572085609560018,443.44102904956424,0.6647258571142528,0.11148272017837234
