patient_id,ecg_id,lead,bpm,ibi,sdnn,sdsd,rmssd,pnn20,pnn50,hr_mad,sd1,sd2,s,sd1/sd2,breathingrate
5748.0,11848,0,95.40636042402826,628.8888888888889,5.665577237325317,4.841229182759271,6.123724356957945,0.0,0.0,0.0,4.238956239453292,6.059599821770412,80.6961379083669,0.6995439243733443,0.35335689045936397
5748.0,11848,1,94.6601941747573,633.8461538461538,9.23076923076923,4.930066485916347,7.637626158259733,0.0,0.0,10.0,5.368374469468802,11.34986539323019,191.41826959701635,0.4729901442417859,0.12135922330097088
5748.0,11848,2,94.48818897637796,635.0,9.574271077563381,0.0,10.0,0.0,0.0,5.0,0.0,0.0,0.0,nan,0.26246719160104987
5748.0,11848,3,101.69491525423729,590.0,0.0,--,nan,nan,nan,0.0,nan,nan,nan,nan,nan
5748.0,11848,4,95.40636042402826,628.8888888888889,5.665577237325317,4.841229182759271,6.123724356957945,0.0,0.0,0.0,4.238956239453292,6.059599821770412,80.6961379083669,0.6995439243733443,0.35335689045936397
5748.0,11848,5,94.73684210526315,633.3333333333334,4.714045207910316,--,nan,nan,nan,0.0,nan,nan,nan,nan,nan
5748.0,11848,6,94.33962264150944,636.0,4.898979485566356,0.0,10.0,0.0,0.0,0.0,7.071067811865475,0.0,0.0,inf,0.31446540880503143
5748.0,11848,7,94.9868073878628,631.6666666666666,8.975274678557506,6.1657545301138805,9.534625892455923,0.0,0.0,10.0,6.74199862463242,10.79485644276174,228.64168047919773,0.6245565802918225,0.13192612137203166
5748.0,11848,8,94.86166007905139,632.5,8.2915619758885,4.810456929208347,7.977240352174657,0.0,0.0,5.0,5.604012729971796,9.090909090909088,160.050229300937,0.6164414002968978,0.13175230566534915
5748.0,11848,9,94.86166007905139,632.5,8.2915619758885,4.810456929208347,7.977240352174657,0.0,0.0,5.0,5.604012729971796,9.090909090909088,160.050229300937,0.6164414002968978,0.13175230566534915
5748.0,11848,10,94.6601941747573,633.8461538461538,9.23076923076923,4.930066485916347,7.637626158259733,0.0,0.0,10.0,5.368374469468802,11.34986539323019,191.41826959701635,0.4729901442417859,0.12135922330097088
5748.0,11848,11,95.08716323296355,631.0,9.433981132056603,5.994789404140899,10.606601717798213,0.0,0.0,10.0,7.447734554883114,7.015607600201147,164.14941984349662,1.0615950861718062,0.15847860538827258
