patient_id,ecg_id,lead,bpm,ibi,sdnn,sdsd,rmssd,pnn20,pnn50,hr_mad,sd1,sd2,s,sd1/sd2,breathingrate
10051.0,11854,0,54.628224582701066,1098.3333333333333,25.440562537456245,20.591260281974,33.166247903554,0.6,0.2,10.0,23.409399821439244,29.32575659723038,2156.6982084068686,0.7982539084311333,0.15174506828528073
10051.0,11854,1,119.60132890365448,501.6666666666667,147.58236871508586,77.88880963698615,126.75435561221029,0.6666666666666666,0.6666666666666666,145.0,60.644684662200824,139.56280943638882,26589.63147614491,0.4345332750688284,0.3322259136212624
10051.0,11854,2,283.7837837837838,211.42857142857142,130.97748677088106,74.4043009509531,178.26945896591485,1.0,1.0,90.0,96.91233151668573,104.84273937664923,31920.322794249165,0.9243590170658038,0.6756756756756757
10051.0,11854,3,157.89473684210526,380.0,40.824829046386306,--,nan,nan,nan,50.0,nan,nan,nan,nan,nan
10051.0,11854,4,54.628224582701066,1098.3333333333333,25.440562537456245,20.591260281974,33.166247903554,0.6,0.2,10.0,23.409399821439244,29.32575659723038,2156.6982084068686,0.7982539084311333,0.15174506828528073
