patient_id,ecg_id,lead,bpm,ibi,sdnn,sdsd,rmssd,pnn20,pnn50,hr_mad,sd1,sd2,s,sd1/sd2,breathingrate
15395.0,11912,0,nan,nan,nan,--,nan,nan,nan,nan,nan,nan,nan,nan,nan
15395.0,11912,1,1714.2857142857142,35.0,15.0,0.0,30.0,1.0,0.0,10.0,0.0,6.666666666666667,0.0,0.0,3.571428571428571
15395.0,11912,2,71.53502235469449,838.75,35.85997071945263,36.87817782917155,47.53945729601885,0.4,0.2,0.0,26.07680962081059,31.112698372208126,2548.8366760098756,0.8381404052084432,0.14903129657228018
15395.0,11912,3,nan,nan,nan,--,nan,nan,nan,nan,nan,nan,nan,nan,nan
15395.0,11912,4,81.08108108108108,740.0,0.0,--,nan,nan,nan,0.0,nan,nan,nan,nan,nan
15395.0,11912,5,71.67235494880546,837.1428571428571,38.06546455564065,37.66629793329841,53.150729063673246,0.5,0.25,0.0,26.634094690828142,34.04959617969062,2849.0480760962337,0.7822147008813702,0.1706484641638225
15395.0,11912,6,nan,nan,nan,--,nan,nan,nan,nan,nan,nan,nan,nan,nan
15395.0,11912,7,70.35175879396985,852.8571428571429,4.5175395145262565,5.0,7.0710678118654755,0.0,0.0,0.0,5.0,3.535533905932766,55.53603672698002,1.4142135623730836,0.16750418760469013
15395.0,11912,8,nan,nan,nan,--,nan,nan,nan,nan,nan,nan,nan,nan,nan
15395.0,11912,9,70.40417209908736,852.2222222222222,4.15739709641549,4.841229182759271,6.123724356957945,0.0,0.0,0.0,4.238956239453292,3.423265984407316,45.587885685501384,1.2382783747337704,0.2607561929595828
15395.0,11912,10,69.93006993006993,858.0,14.696938456699069,17.638342073763937,22.110831935702667,0.2222222222222222,0.0,0.0,15.63471919941143,15.31560972454467,752.2708775459478,1.020835571068082,0.2331002331002331
15395.0,11912,11,70.40417209908736,852.2222222222222,4.15739709641549,4.841229182759271,6.123724356957945,0.0,0.0,0.0,4.238956239453292,3.423265984407316,45.587885685501384,1.2382783747337704,0.1303780964797914
