patient_id,ecg_id,lead,bpm,ibi,sdnn,sdsd,rmssd,pnn20,pnn50,hr_mad,sd1,sd2,s,sd1/sd2,breathingrate
20694.0,12112,0,55.40897097625329,1082.857142857143,13.85051387833237,14.696938456699069,23.2379000772445,0.4,0.0,10.0,15.874507866387543,13.114877048603946,654.0551453515319,1.2104198771788985,0.2638522427440633
20694.0,12112,1,55.38461538461539,1083.3333333333333,14.907119849998598,14.696938456699069,23.2379000772445,0.4,0.0,15.0,15.874507866387543,13.114877048603946,654.0551453515319,1.2104198771788985,0.15384615384615385
20694.0,12112,2,346.15384615384613,173.33333333333334,188.56180831641268,200.0,282.842712474619,0.5,0.5,0.0,141.42135623730948,141.42135623730948,62831.85307179584,1.0,0.9615384615384615
20694.0,12112,3,55.46995377503852,1081.6666666666667,16.749792701868152,11.180339887498949,27.386127875258307,0.5,0.0,15.0,18.027756377319946,7.905694150420911,447.74584241188177,2.2803508501982868,0.15408320493066255
20694.0,12112,4,55.11811023622047,1088.5714285714287,15.518257844571737,10.671873729054749,21.213203435596427,0.16666666666666666,0.0,10.0,14.953632037438632,17.989194287435748,845.1003368113602,0.8312563530364863,0.13123359580052493
20694.0,12112,5,55.263157894736835,1085.7142857142858,18.405855323893036,11.547005383792516,23.094010767585033,0.3333333333333333,0.0,10.0,15.63471919941143,19.43650631615098,954.6807424484008,0.8043996665398445,0.2631578947368421
20694.0,12112,6,nan,nan,nan,--,nan,nan,nan,nan,nan,nan,nan,nan,nan
20694.0,12112,7,55.263157894736835,1085.7142857142858,18.405855323893036,11.547005383792516,23.094010767585033,0.3333333333333333,0.0,10.0,15.63471919941143,19.43650631615098,954.6807424484008,0.8043996665398445,0.2631578947368421
20694.0,12112,8,255.31914893617022,235.0,5.0,--,nan,nan,nan,5.0,nan,nan,nan,nan,nan
20694.0,12112,9,55.38461538461539,1083.3333333333333,14.907119849998598,14.696938456699069,23.2379000772445,0.4,0.0,15.0,15.874507866387543,13.114877048603946,654.0551453515319,1.2104198771788985,0.15384615384615385
20694.0,12112,10,55.38461538461539,1083.3333333333333,18.856180831641268,11.661903789690601,24.899799195977465,0.4,0.0,20.0,16.1245154965971,17.08800749063504,865.6213757357785,0.9436158958517559,0.15384615384615385
20694.0,12112,11,55.263157894736835,1085.7142857142858,18.405855323893036,11.547005383792516,23.094010767585033,0.3333333333333333,0.0,10.0,15.63471919941143,19.43650631615098,954.6807424484008,0.8043996665398445,0.2631578947368421
