patient_id,ecg_id,lead,bpm,ibi,sdnn,sdsd,rmssd,pnn20,pnn50,hr_mad,sd1,sd2,s,sd1/sd2,breathingrate
12920.0,12184,0,65.53398058252428,915.5555555555555,14.229164972072999,8.2915619758885,15.0,0.125,0.0,10.0,9.999999999999998,15.309310892394892,480.9561863106998,0.6531972647421794,0.12135922330097088
12920.0,12184,1,65.93406593406593,910.0,10.690449676496975,8.975274678557506,14.719601443879744,0.16666666666666666,0.0,10.0,9.789450103725608,8.579691784155846,263.8638266416975,1.1410025383200626,0.15698587127158556
12920.0,12184,2,65.53398058252428,915.5555555555555,14.229164972072999,8.2915619758885,15.0,0.125,0.0,10.0,9.999999999999998,15.309310892394892,480.9561863106998,0.6531972647421794,0.12135922330097088
12920.0,12184,3,nan,nan,nan,--,nan,nan,nan,nan,nan,nan,nan,nan,nan
12920.0,12184,4,65.53398058252428,915.5555555555555,14.229164972072999,8.2915619758885,15.0,0.125,0.0,10.0,9.999999999999998,15.309310892394892,480.9561863106998,0.6531972647421794,0.12135922330097088
12920.0,12184,5,65.77344701583435,912.2222222222222,24.393887111222387,18.070158058105026,25.911938781738648,0.14285714285714285,0.14285714285714285,10.0,17.612611437054216,23.819045715047274,1317.94711754046,0.7394339659009828,0.24360535931790497
12920.0,12184,6,65.2962515114873,918.8888888888889,10.999438818457406,9.682458365518542,12.24744871391589,0.125,0.0,10.0,8.477912478906584,13.110110602126896,349.1766203247665,0.646669790682863,0.2418379685610641
12920.0,12184,7,65.57377049180327,915.0,13.228756555322953,8.329931278350427,14.142135623730951,0.14285714285714285,0.0,10.0,9.147320339189783,13.324827218698344,382.91761683899534,0.6864869757075434,0.13661202185792348
12920.0,12184,8,nan,nan,nan,--,nan,nan,nan,nan,nan,nan,nan,nan,nan
12920.0,12184,9,65.5226209048362,915.7142857142857,10.49781318335648,4.898979485566356,7.745966692414834,0.0,0.0,10.0,5.2915026221291805,11.832159566199245,196.69481246914052,0.44721359549995743,0.15600624024961
12920.0,12184,10,65.57377049180327,915.0,11.180339887498949,8.32993127835043,11.952286093343936,0.0,0.0,5.0,7.423074889580902,9.583148474999101,223.48168214548477,0.7745966692414831,0.13661202185792348
12920.0,12184,11,nan,nan,nan,--,nan,nan,nan,nan,nan,nan,nan,nan,nan
