patient_id,ecg_id,lead,bpm,ibi,sdnn,sdsd,rmssd,pnn20,pnn50,hr_mad,sd1,sd2,s,sd1/sd2,breathingrate
5873.0,12340,0,52.5657071339174,1141.4285714285713,11.24858267715973,11.547005383792516,15.275252316519467,0.16666666666666666,0.0,10.0,10.540925533894596,12.018504251546624,397.99630436611875,0.8770580193070295,0.2503128911138924
5873.0,12340,1,52.63157894736842,1140.0,10.690449676496975,4.714045207910317,8.16496580927726,0.0,0.0,10.0,5.270462766947298,12.692955176439852,210.16547259022536,0.4152273992686996,0.12531328320802004
5873.0,12340,2,nan,nan,nan,--,nan,nan,nan,nan,nan,nan,nan,nan,nan
5873.0,12340,3,nan,nan,nan,--,nan,nan,nan,nan,nan,nan,nan,nan,nan
5873.0,12340,4,2000.0,30.0,0.0,--,nan,nan,nan,0.0,nan,nan,nan,nan,nan
5873.0,12340,5,52.63157894736842,1140.0,11.547005383792516,4.898979485566356,7.745966692414834,0.0,0.0,5.0,3.464101615137754,13.711309200802095,149.2173834674017,0.2526455763199555,0.14619883040935672
5873.0,12340,6,nan,nan,nan,--,nan,nan,nan,nan,nan,nan,nan,nan,nan
5873.0,12340,7,nan,nan,nan,--,nan,nan,nan,nan,nan,nan,nan,nan,nan
5873.0,12340,8,52.63157894736842,1140.0,11.547005383792516,8.94427190999916,13.416407864998739,0.0,0.0,5.0,8.485281374238568,11.313708498984756,301.5928947446199,0.7500000000000001,0.29239766081871343
5873.0,12340,9,52.55474452554744,1141.6666666666667,13.43709624716425,12.0,18.439088914585774,0.2,0.0,5.0,12.328828005937952,12.961481396815715,502.0261128529248,0.9511897312113422,0.145985401459854
5873.0,12340,10,52.5657071339174,1141.4285714285713,12.453996981544782,11.180339887498949,18.708286933869708,0.16666666666666666,0.0,10.0,13.176156917368246,12.74754878398196,527.6735356958771,1.033622788243404,0.2503128911138924
5873.0,12340,11,52.63157894736842,1140.0,13.093073414159543,10.0,14.142135623730951,0.16666666666666666,0.0,10.0,9.7182531580755,15.092308563562336,460.7801445280983,0.6439209162167857,0.2506265664160401
