patient_id,ecg_id,lead,bpm,ibi,sdnn,sdsd,rmssd,pnn20,pnn50,hr_mad,sd1,sd2,s,sd1/sd2,breathingrate
6636.0,12351,0,62.40713224368499,961.4285714285714,6.388765649999399,4.714045207910316,5.773502691896258,0.0,0.0,0.0,3.3333333333333335,6.666666666666667,69.81317007977319,0.5,0.1485884101040119
6636.0,12351,1,62.40713224368499,961.4285714285714,6.388765649999399,4.714045207910316,5.773502691896258,0.0,0.0,0.0,3.3333333333333335,6.666666666666667,69.81317007977319,0.5,0.1485884101040119
6636.0,12351,2,62.76150627615063,956.0,10.198039027185569,4.714045207910317,8.16496580927726,0.0,0.0,10.0,3.333333333333333,8.819171036881958,92.35414313406744,0.37796447300922764,0.20920502092050208
6636.0,12351,3,62.40713224368499,961.4285714285714,6.388765649999399,4.714045207910316,5.773502691896258,0.0,0.0,0.0,3.3333333333333335,6.666666666666667,69.81317007977319,0.5,0.1485884101040119
6636.0,12351,4,62.40713224368499,961.4285714285714,6.388765649999399,4.714045207910316,5.773502691896258,0.0,0.0,0.0,3.3333333333333335,6.666666666666667,69.81317007977319,0.5,0.1485884101040119
6636.0,12351,5,300.0,200.0,130.0,0.0,260.0,1.0,1.0,130.0,0.0,0.0,0.0,nan,nan
6636.0,12351,6,62.40713224368499,961.4285714285714,6.388765649999399,4.714045207910316,5.773502691896258,0.0,0.0,0.0,3.3333333333333335,6.666666666666667,69.81317007977319,0.5,0.1485884101040119
6636.0,12351,7,62.40713224368499,961.4285714285714,6.388765649999399,4.714045207910316,5.773502691896258,0.0,0.0,0.0,3.3333333333333335,6.666666666666667,69.81317007977319,0.5,0.1485884101040119
6636.0,12351,8,62.40713224368499,961.4285714285714,6.388765649999399,4.714045207910316,5.773502691896258,0.0,0.0,0.0,3.3333333333333335,6.666666666666667,69.81317007977319,0.5,0.1485884101040119
6636.0,12351,9,62.5,960.0,8.660254037844387,4.517539514526256,5.3452248382484875,0.0,0.0,10.0,3.1943828249996993,11.338934190276808,113.79130276308267,0.28171808490950573,0.13020833333333334
6636.0,12351,10,62.24066390041494,964.0,4.898979485566356,0.0,0.0,0.0,0.0,0.0,0.0,7.071067811865532,0.0,0.0,0.20746887966804978
6636.0,12351,11,62.40713224368499,961.4285714285714,6.388765649999399,4.714045207910316,5.773502691896258,0.0,0.0,0.0,3.3333333333333335,6.666666666666667,69.81317007977319,0.5,0.1485884101040119
