patient_id,ecg_id,lead,bpm,ibi,sdnn,sdsd,rmssd,pnn20,pnn50,hr_mad,sd1,sd2,s,sd1/sd2,breathingrate
5457.0,12492,0,57.361376673040155,1046.0,14.966629547095765,8.2915619758885,15.0,0.0,0.0,10.0,9.185586535436919,16.105123408406385,464.75152407421814,0.5703518254720309,0.19120458891013384
5457.0,12492,1,57.361376673040155,1046.0,14.966629547095765,8.2915619758885,15.0,0.0,0.0,10.0,9.185586535436919,16.105123408406385,464.75152407421814,0.5703518254720309,0.19120458891013384
5457.0,12492,2,58.8235294117647,1020.0,0.0,--,nan,nan,nan,0.0,nan,nan,nan,nan,nan
5457.0,12492,3,nan,nan,nan,--,nan,nan,nan,nan,nan,nan,nan,nan,nan
5457.0,12492,4,57.00712589073634,1052.5,10.897247358851684,4.714045207910316,17.320508075688775,0.0,0.0,5.0,12.018504251546629,9.999999999999973,377.57244663796484,1.201850425154666,0.23752969121140144
5457.0,12492,5,166.66666666666666,360.0,210.11901389450694,10.0,420.11903075200007,1.0,1.0,205.0,7.0710678118654755,7.0710678118654755,157.07963267948966,1.0,0.6944444444444444
5457.0,12492,6,nan,nan,nan,--,nan,nan,nan,nan,nan,nan,nan,nan,nan
5457.0,12492,7,56.9620253164557,1053.3333333333333,12.472191289246473,0.0,20.0,0.0,0.0,10.0,0.0,0.0,0.0,nan,nan
5457.0,12492,8,57.45554035567716,1044.2857142857142,12.936264483053453,7.453559924999298,15.275252316519467,0.0,0.0,10.0,10.801234497346433,16.329931618554504,554.1248588044048,0.6614378277661483,0.13679890560875513
5457.0,12492,9,57.45554035567716,1044.2857142857142,12.936264483053453,7.453559924999298,15.275252316519467,0.0,0.0,10.0,10.801234497346433,16.329931618554504,554.1248588044048,0.6614378277661483,0.13679890560875513
5457.0,12492,10,nan,nan,nan,--,nan,nan,nan,nan,nan,nan,nan,nan,nan
5457.0,12492,11,nan,nan,nan,--,nan,nan,nan,nan,nan,nan,nan,nan,nan
