patient_id,ecg_id,lead,bpm,ibi,sdnn,sdsd,rmssd,pnn20,pnn50,hr_mad,sd1,sd2,s,sd1/sd2,breathingrate
20745.0,12580,0,71.61803713527851,837.7777777777778,14.740554623801778,12.99038105676658,18.027756377319946,0.125,0.0,10.0,12.247448713915889,15.000000000000021,577.1474235728394,0.8164965809277247,0.13262599469496023
20745.0,12580,1,71.61803713527851,837.7777777777778,15.47598697464902,11.180339887498949,18.708286933869708,0.25,0.0,10.0,12.74754878398196,16.201851746019674,648.8453688930584,0.7867957924694419,0.13262599469496023
20745.0,12580,2,71.8562874251497,835.0,5.0,0.0,10.0,0.0,0.0,5.0,0.0,0.0,0.0,nan,0.29940119760479045
20745.0,12580,3,nan,nan,nan,--,nan,nan,nan,nan,nan,nan,nan,nan,nan
20745.0,12580,4,71.61803713527851,837.7777777777778,14.740554623801778,12.99038105676658,18.027756377319946,0.125,0.0,10.0,12.247448713915889,15.000000000000021,577.1474235728394,0.8164965809277247,0.13262599469496023
20745.0,12580,5,71.52317880794702,838.8888888888889,12.86204100310025,10.497813183356477,17.728105208558365,0.14285714285714285,0.0,10.0,12.371791482634837,15.452362609131413,600.5889744934104,0.800640769025434,0.13245033112582782
20745.0,12580,6,71.42857142857143,840.0,11.180339887498949,8.32993127835043,14.142135623730951,0.0,0.0,5.0,9.793792286287205,12.535663410560183,385.6986193100809,0.7812743502698712,0.1488095238095238
20745.0,12580,7,71.42857142857143,840.0,11.952286093343936,7.483314773547883,10.954451150103322,0.0,0.0,0.0,7.211102550927977,15.874507866387567,359.6266064571353,0.45425676257949715,0.17006802721088435
20745.0,12580,8,71.68458781362007,837.0,11.874342087037917,7.370277311900889,13.333333333333334,0.0,0.0,15.0,9.296222517045283,14.14213562373096,413.0202841030414,0.6573421981221791,0.1194743130227001
20745.0,12580,9,71.68458781362007,837.0,11.874342087037917,7.370277311900889,13.333333333333334,0.0,0.0,15.0,9.296222517045283,14.14213562373096,413.0202841030414,0.6573421981221791,0.1194743130227001
20745.0,12580,10,71.68458781362007,837.0,11.874342087037917,7.370277311900889,13.333333333333334,0.0,0.0,15.0,9.296222517045283,14.14213562373096,413.0202841030414,0.6573421981221791,0.1194743130227001
20745.0,12580,11,71.68458781362007,837.0,11.874342087037917,7.370277311900889,13.333333333333334,0.0,0.0,15.0,9.296222517045283,14.14213562373096,413.0202841030414,0.6573421981221791,0.1194743130227001
