patient_id,ecg_id,lead,bpm,ibi,sdnn,sdsd,rmssd,pnn20,pnn50,hr_mad,sd1,sd2,s,sd1/sd2,breathingrate
5932.0,12617,0,133.33333333333334,450.0,200.0,--,nan,nan,nan,200.0,nan,nan,nan,nan,nan
5932.0,12617,1,58.608058608058606,1023.75,6.959705453537527,4.517539514526256,8.451542547285166,0.0,0.0,5.0,5.890150893739515,8.20651806648287,151.857142432182,0.7177405625652759,0.12210012210012211
5932.0,12617,2,58.65921787709497,1022.8571428571429,8.80630571852711,6.871842709362768,10.801234497346433,0.0,0.0,0.0,7.546154281781179,9.501461875826173,225.25061372441115,0.7942098153317091,0.13966480446927373
5932.0,12617,3,109.0909090909091,550.0,0.0,--,nan,nan,nan,0.0,nan,nan,nan,nan,nan
5932.0,12617,4,58.608058608058606,1023.75,8.569568250501305,8.32993127835043,11.952286093343936,0.0,0.0,5.0,8.451542547285165,9.583148474999131,254.44508822651352,0.8819171036881938,0.12210012210012211
5932.0,12617,5,58.57740585774059,1024.2857142857142,7.2843135908468355,7.453559924999299,10.0,0.0,0.0,0.0,7.071067811865475,8.164965809277327,181.37993642342323,0.8660254037844316,0.1394700139470014
5932.0,12617,6,58.96805896805897,1017.5,4.330127018922194,5.0,7.0710678118654755,0.0,0.0,0.0,3.5355339059327373,3.5355339059326525,39.269908169871464,1.000000000000024,0.24570024570024568
5932.0,12617,7,58.608058608058606,1023.75,8.569568250501305,8.32993127835043,11.952286093343936,0.0,0.0,5.0,8.451542547285165,9.583148474999131,254.44508822651352,0.8819171036881938,0.12210012210012211
5932.0,12617,8,58.57740585774059,1024.2857142857142,7.2843135908468355,7.453559924999299,10.0,0.0,0.0,0.0,7.071067811865475,8.164965809277327,181.37993642342323,0.8660254037844316,0.1394700139470014
5932.0,12617,9,58.57740585774059,1024.2857142857142,7.2843135908468355,7.453559924999299,10.0,0.0,0.0,0.0,7.071067811865475,8.164965809277327,181.37993642342323,0.8660254037844316,0.1394700139470014
5932.0,12617,10,58.608058608058606,1023.75,8.569568250501305,8.32993127835043,11.952286093343936,0.0,0.0,5.0,8.451542547285165,9.583148474999131,254.44508822651352,0.8819171036881938,0.12210012210012211
5932.0,12617,11,58.608058608058606,1023.75,6.959705453537527,7.2843135908468355,9.258200997725515,0.0,0.0,5.0,6.54653670707977,7.953949089757185,163.58530458043546,0.8230548917531002,0.24420024420024422
