patient_id,ecg_id,lead,bpm,ibi,sdnn,sdsd,rmssd,pnn20,pnn50,hr_mad,sd1,sd2,s,sd1/sd2,breathingrate
15750.0,12791,0,62.780269058295964,955.7142857142857,13.997084244475301,11.055415967851333,17.320508075688775,0.16666666666666666,0.0,10.0,12.01850425154663,13.333333333333353,503.429928850622,0.901387818865996,0.14947683109118085
15750.0,12791,1,62.780269058295964,955.7142857142857,13.997084244475301,11.055415967851333,17.320508075688775,0.16666666666666666,0.0,10.0,12.01850425154663,13.333333333333353,503.429928850622,0.901387818865996,0.14947683109118085
15750.0,12791,2,62.780269058295964,955.7142857142857,12.936264483053451,8.16496580927726,12.909944487358056,0.0,0.0,10.0,8.819171036881967,13.333333333333353,369.41657253627073,0.6614378277661465,0.14947683109118085
15750.0,12791,3,nan,nan,nan,--,nan,nan,nan,nan,nan,nan,nan,nan,nan
15750.0,12791,4,62.780269058295964,955.7142857142857,13.997084244475301,11.055415967851333,17.320508075688775,0.16666666666666666,0.0,10.0,12.01850425154663,13.333333333333353,503.429928850622,0.901387818865996,0.14947683109118085
15750.0,12791,5,461.53846153846155,130.0,0.0,--,nan,nan,nan,0.0,nan,nan,nan,nan,nan
15750.0,12791,6,62.717770034843205,956.6666666666666,13.743685418725534,8.0,17.88854381999832,0.2,0.0,10.0,12.328828005937952,10.954451150103322,424.289505262468,1.1254628677422753,0.17421602787456444
15750.0,12791,7,62.90956749672346,953.75,13.169567191065923,7.559289460184544,12.535663410560174,0.0,0.0,10.0,8.806305718527108,13.997084244475321,387.2408881251569,0.6291528696058949,0.1310615989515072
15750.0,12791,8,62.717770034843205,956.6666666666666,13.743685418725534,8.0,17.88854381999832,0.2,0.0,10.0,12.328828005937952,10.954451150103322,424.289505262468,1.1254628677422753,0.17421602787456444
15750.0,12791,9,62.90956749672346,953.75,13.169567191065923,6.9985421222376525,14.638501094227998,0.0,0.0,10.0,10.301575072754254,12.936264483053467,418.6608883904844,0.7963330593811945,0.1310615989515072
15750.0,12791,10,62.90956749672346,953.75,13.169567191065923,7.559289460184544,12.535663410560174,0.0,0.0,10.0,8.806305718527108,13.997084244475321,387.2408881251569,0.6291528696058949,0.1310615989515072
15750.0,12791,11,62.780269058295964,955.7142857142857,13.997084244475301,11.055415967851333,17.320508075688775,0.16666666666666666,0.0,10.0,12.01850425154663,13.333333333333353,503.429928850622,0.901387818865996,0.14947683109118085
