patient_id,ecg_id,lead,bpm,ibi,sdnn,sdsd,rmssd,pnn20,pnn50,hr_mad,sd1,sd2,s,sd1/sd2,breathingrate
11347.0,12959,0,141.50943396226415,424.0,90.6311204829776,100.57728110107277,128.51377153318708,0.5789473684210527,0.3684210526315789,25.0,90.87295932697528,94.71490974193989,27039.76380949658,0.9594366882106272,0.4716981132075471
11347.0,12959,1,148.4814398200225,404.09090909090907,60.57745537057128,57.993666086241255,74.73763634016188,0.5714285714285714,0.2857142857142857,25.0,52.837834311162645,69.81673450709049,11589.225500530283,0.7568075860923645,0.22497187851518557
11347.0,12959,2,142.85714285714286,420.0,99.78548420057326,86.26309937655606,108.8368253187061,0.6363636363636364,0.2727272727272727,15.0,76.50419963625181,88.89589044968825,21365.68559444147,0.8606044581954024,0.17006802721088435
