patient_id,ecg_id,lead,bpm,ibi,sdnn,sdsd,rmssd,pnn20,pnn50,hr_mad,sd1,sd2,s,sd1/sd2,breathingrate
11927.0,13001,0,232.5581395348837,258.0,156.6397139936102,55.0,319.7655391063896,1.0,1.0,10.0,38.89087296526013,38.890872965260115,4751.658888554564,1.0000000000000004,0.7751937984496123
11927.0,13001,1,67.2,892.8571428571429,22.49716535431946,21.908902300206645,37.14835124201342,0.6,0.2,20.0,26.229754097207998,24.331050121192913,2004.9564569202246,1.0780362527123837,0.16
11927.0,13001,2,66.4819944598338,902.5,29.895651857753496,21.38089935299395,36.83941988065036,0.5714285714285714,0.14285714285714285,20.0,25.071326821120348,29.137254363387374,2294.963676977368,0.8604560508152719,0.2770083102493075
11927.0,13001,3,nan,nan,nan,--,nan,nan,nan,nan,nan,nan,nan,nan,nan
11927.0,13001,4,66.66666666666667,900.0,31.622776601683793,27.58509561339239,49.62358310319802,0.625,0.375,20.0,35.078038001005694,30.809393859665576,3395.2231316286866,1.1385500851066226,0.3703703703703704
11927.0,13001,5,66.4819944598338,902.5,29.895651857753496,21.38089935299395,36.83941988065036,0.5714285714285714,0.14285714285714285,20.0,25.071326821120348,29.137254363387374,2294.963676977368,0.8604560508152719,0.2770083102493075
11927.0,13001,6,nan,nan,nan,--,nan,nan,nan,nan,nan,nan,nan,nan,nan
11927.0,13001,7,65.625,914.2857142857143,27.70102775666474,28.0,52.15361924162119,0.8,0.4,20.0,35.09985754956848,18.761663039293694,2068.8383511028605,1.8708286933869729,0.3125
11927.0,13001,8,66.57420249653259,901.25,35.50968177835448,29.7609523657138,58.186891012618005,0.7142857142857143,0.42857142857142855,15.0,41.131942996822765,33.104657789304184,4277.777587884182,1.2424820476504705,0.27739251040221913
11927.0,13001,9,66.4819944598338,902.5,33.071891388307385,28.64276807966203,51.547481579053475,0.7142857142857143,0.42857142857142855,25.0,36.393540579591416,33.04295287491536,3777.9223911016447,1.101400977005892,0.2770083102493075
11927.0,13001,10,66.4819944598338,902.5,33.071891388307385,28.64276807966203,51.547481579053475,0.7142857142857143,0.42857142857142855,25.0,36.393540579591416,33.04295287491536,3777.9223911016447,1.101400977005892,0.2770083102493075
11927.0,13001,11,66.4819944598338,902.5,33.071891388307385,28.64276807966203,51.547481579053475,0.7142857142857143,0.42857142857142855,25.0,36.393540579591416,33.04295287491536,3777.9223911016447,1.101400977005892,0.2770083102493075
