patient_id,ecg_id,lead,bpm,ibi,sdnn,sdsd,rmssd,pnn20,pnn50,hr_mad,sd1,sd2,s,sd1/sd2,breathingrate
10005.0,13116,0,71.80851063829788,835.5555555555555,4.969039949999533,4.330127018922194,8.660254037844387,0.0,0.0,0.0,6.123724356957944,3.5355339059327093,68.0174761587826,1.732050807568891,0.13297872340425532
10005.0,13116,1,71.8562874251497,835.0,5.0,4.948716593053935,7.559289460184544,0.0,0.0,5.0,5.3452248382484875,4.517539514526234,75.86086850872147,1.183215956619929,0.14970059880239522
10005.0,13116,2,72.28915662650603,830.0,22.110831935702667,24.26703296426839,29.43920288775949,0.16666666666666666,0.16666666666666666,10.0,19.578900207451216,16.32993161855454,1004.4366054329068,1.1989578808281784,0.2677376171352075
10005.0,13116,3,71.80851063829788,835.5555555555555,4.969039949999533,4.330127018922194,8.660254037844387,0.0,0.0,0.0,6.123724356957944,3.5355339059327093,68.0174761587826,1.732050807568891,0.13297872340425532
10005.0,13116,4,71.42857142857143,840.0,7.0710678118654755,5.0,7.0710678118654755,0.0,0.0,5.0,3.5355339059327373,3.5355339059326525,39.269908169871464,1.000000000000024,0.2976190476190476
10005.0,13116,5,nan,nan,nan,--,nan,nan,nan,nan,nan,nan,nan,nan,nan
10005.0,13116,6,71.94244604316546,834.0,4.898979485566356,4.714045207910316,5.773502691896258,0.0,0.0,0.0,3.333333333333333,3.33333333333336,34.90658503988686,0.9999999999999919,0.23980815347721823
10005.0,13116,7,71.68458781362007,837.0,7.810249675906654,6.666666666666667,12.01850425154663,0.0,0.0,0.0,8.461970117626564,6.4788354387169615,172.23377048298133,1.306094312422038,0.1194743130227001
10005.0,13116,8,71.68458781362007,837.0,7.810249675906654,6.666666666666667,12.01850425154663,0.0,0.0,0.0,8.461970117626564,6.4788354387169615,172.23377048298133,1.306094312422038,0.1194743130227001
10005.0,13116,9,71.68458781362007,837.0,6.4031242374328485,4.969039949999533,7.453559924999299,0.0,0.0,5.0,5.211573066470477,6.4788354387169615,106.0756380498218,0.8043996665398485,0.2389486260454002
10005.0,13116,10,71.68458781362007,837.0,6.4031242374328485,4.969039949999533,7.453559924999299,0.0,0.0,5.0,5.211573066470477,6.4788354387169615,106.0756380498218,0.8043996665398485,0.2389486260454002
10005.0,13116,11,71.74887892376681,836.25,6.959705453537527,3.726779962499649,9.128709291752768,0.0,0.0,5.0,6.346477588219923,2.635231383473671,52.54136814755675,2.408318915758439,0.14947683109118085
