patient_id,ecg_id,lead,bpm,ibi,sdnn,sdsd,rmssd,pnn20,pnn50,hr_mad,sd1,sd2,s,sd1/sd2,breathingrate
8639.0,13126,0,70.48458149779735,851.25,14.523687548277813,10.49781318335648,17.728105208558365,0.14285714285714285,0.0,5.0,12.371791482634837,12.205719636167919,474.4012824879102,1.0136060675992273,0.14684287812041114
8639.0,13126,1,70.7732634338139,847.7777777777778,16.850834320114554,10.0,18.027756377319946,0.125,0.0,10.0,12.74754878398196,16.105123408406417,644.9716305769117,0.7915213352123773,0.2621231979030144
8639.0,13126,2,183.6734693877551,326.6666666666667,236.267268622258,0.0,520.0,1.0,1.0,40.0,0.0,0.0,0.0,nan,nan
8639.0,13126,3,70.48458149779735,851.25,14.523687548277813,10.49781318335648,17.728105208558365,0.14285714285714285,0.0,5.0,12.371791482634837,12.205719636167919,474.4012824879102,1.0136060675992273,0.14684287812041114
8639.0,13126,4,nan,nan,nan,--,nan,nan,nan,nan,nan,nan,nan,nan,nan
8639.0,13126,5,70.7732634338139,847.7777777777778,14.740554623801778,4.841229182759271,14.577379737113251,0.0,0.0,10.0,10.269797953221863,15.181197251863903,489.79888854167984,0.6764814252025456,0.2621231979030144
8639.0,13126,6,70.48458149779735,851.25,13.635890143294644,8.80630571852711,15.583874449479593,0.14285714285714285,0.0,5.0,10.594569267279518,12.371791482634803,411.78049288557685,0.8563488385776776,0.14684287812041114
8639.0,13126,7,70.48458149779735,851.25,16.153559979150106,10.301575072754256,20.0,0.2857142857142857,0.0,10.0,13.997084244475301,14.846149779161784,652.8317786681671,0.9428090415820646,0.14684287812041114
8639.0,13126,8,70.11686143572622,855.7142857142857,7.284313590846836,5.773502691896258,11.547005383792516,0.0,0.0,0.0,8.164965809277259,6.666666666666627,171.00664402158083,1.224744871391596,0.333889816360601
8639.0,13126,9,70.7732634338139,847.7777777777778,16.850834320114554,10.0,18.027756377319946,0.125,0.0,10.0,12.74754878398196,16.105123408406417,644.9716305769117,0.7915213352123773,0.2621231979030144
8639.0,13126,10,70.7732634338139,847.7777777777778,16.850834320114554,10.0,18.027756377319946,0.125,0.0,10.0,12.74754878398196,16.105123408406417,644.9716305769117,0.7915213352123773,0.2621231979030144
8639.0,13126,11,71.14624505928853,843.3333333333334,19.436506316151,11.24858267715973,21.712405933672375,0.42857142857142855,0.0,10.0,15.319721849662296,23.51725376164905,1131.8460466803253,0.6514247796502947,0.13175230566534915
