patient_id,ecg_id,lead,bpm,ibi,sdnn,sdsd,rmssd,pnn20,pnn50,hr_mad,sd1,sd2,s,sd1/sd2,breathingrate
13228.0,13218,0,69.6774193548387,861.1111111111111,11.967032904743343,9.270248108869579,14.577379737113251,0.0,0.0,0.0,10.269797953221865,14.114487238295244,455.3830667606894,0.7276068751090002,0.12903225806451613
13228.0,13218,1,69.46454413892909,863.75,11.110243021644486,10.301575072754256,12.535663410560174,0.14285714285714285,0.0,10.0,8.806305718527108,13.997084244475289,387.240888125156,0.6291528696058963,0.1447178002894356
13228.0,13218,2,69.46454413892909,863.75,11.110243021644486,10.301575072754256,12.535663410560174,0.14285714285714285,0.0,10.0,8.806305718527108,13.997084244475289,387.240888125156,0.6291528696058963,0.1447178002894356
13228.0,13218,3,nan,nan,nan,--,nan,nan,nan,nan,nan,nan,nan,nan,nan
13228.0,13218,4,69.65174129353234,861.4285714285714,13.552618543578768,8.0,17.88854381999832,0.0,0.0,10.0,12.649110640673516,16.97056274847711,674.3822141799084,0.7453559924999311,0.16583747927031509
13228.0,13218,5,69.46454413892909,863.75,11.110243021644486,10.301575072754256,12.535663410560174,0.14285714285714285,0.0,10.0,8.806305718527108,13.997084244475289,387.240888125156,0.6291528696058963,0.1447178002894356
13228.0,13218,6,69.66618287373004,861.25,12.686114456365274,8.80630571852711,15.583874449479593,0.0,0.0,5.0,10.97306535409801,15.05093393264674,518.8493630002569,0.7290620903129811,0.14513788098693758
13228.0,13218,7,69.56521739130434,862.5,11.989578808281799,9.89743318610787,15.118578920369089,0.0,0.0,0.0,10.690449676496975,14.568627181693653,489.2878999416794,0.7337993857053436,0.14492753623188406
13228.0,13218,8,69.56521739130434,862.5,11.989578808281799,9.89743318610787,15.118578920369089,0.0,0.0,0.0,10.690449676496975,14.568627181693653,489.2878999416794,0.7337993857053436,0.14492753623188406
13228.0,13218,9,69.6774193548387,861.1111111111111,11.967032904743343,9.270248108869579,14.577379737113251,0.0,0.0,0.0,10.269797953221865,14.114487238295244,455.3830667606894,0.7276068751090002,0.12903225806451613
13228.0,13218,10,69.56521739130434,862.5,11.989578808281799,9.89743318610787,15.118578920369089,0.0,0.0,0.0,10.690449676496975,14.568627181693653,489.2878999416794,0.7337993857053436,0.14492753623188406
13228.0,13218,11,69.56521739130434,862.5,11.989578808281799,9.89743318610787,15.118578920369089,0.0,0.0,0.0,10.690449676496975,14.568627181693653,489.2878999416794,0.7337993857053436,0.14492753623188406
