patient_id,ecg_id,lead,bpm,ibi,sdnn,sdsd,rmssd,pnn20,pnn50,hr_mad,sd1,sd2,s,sd1/sd2,breathingrate
9860.0,13259,0,127.65957446808511,470.0,0.0,--,nan,nan,nan,0.0,nan,nan,nan,nan,nan
9860.0,13259,1,64.08544726301736,936.25,8.569568250501305,6.998542122237652,10.0,0.0,0.0,5.0,6.998542122237651,9.25820099772549,203.55607058120958,0.7559289460184564,0.40053404539385845
9860.0,13259,2,64.08544726301736,936.25,8.569568250501305,6.998542122237652,10.0,0.0,0.0,5.0,6.998542122237651,9.25820099772549,203.55607058120958,0.7559289460184564,0.40053404539385845
9860.0,13259,3,64.1711229946524,935.0,8.660254037844387,4.517539514526256,8.451542547285166,0.0,0.0,5.0,5.890150893739515,9.793792286287202,181.2287864501499,0.6014167670256415,0.1336898395721925
9860.0,13259,4,64.08544726301736,936.25,8.569568250501305,6.998542122237652,10.0,0.0,0.0,5.0,6.998542122237651,9.25820099772549,203.55607058120958,0.7559289460184564,0.40053404539385845
9860.0,13259,5,64.08544726301736,936.25,8.569568250501305,6.998542122237652,10.0,0.0,0.0,5.0,6.998542122237651,9.25820099772549,203.55607058120958,0.7559289460184564,0.40053404539385845
9860.0,13259,6,64.08544726301736,936.25,8.569568250501305,6.998542122237652,10.0,0.0,0.0,5.0,6.998542122237651,9.25820099772549,203.55607058120958,0.7559289460184564,0.40053404539385845
9860.0,13259,7,64.08544726301736,936.25,8.569568250501305,6.998542122237652,10.0,0.0,0.0,5.0,6.998542122237651,9.25820099772549,203.55607058120958,0.7559289460184564,0.40053404539385845
9860.0,13259,8,64.08544726301736,936.25,8.569568250501305,6.998542122237652,10.0,0.0,0.0,5.0,6.998542122237652,9.25820099772549,203.5560705812096,0.7559289460184564,0.13351134846461948
9860.0,13259,9,136.36363636363637,440.0,0.0,--,nan,nan,nan,0.0,nan,nan,nan,nan,nan
9860.0,13259,10,64.08544726301736,936.25,8.569568250501305,6.998542122237652,10.0,0.0,0.0,5.0,6.998542122237651,9.25820099772549,203.55607058120958,0.7559289460184564,0.40053404539385845
9860.0,13259,11,64.08544726301736,936.25,8.569568250501305,6.998542122237652,10.0,0.0,0.0,5.0,6.998542122237651,9.25820099772549,203.55607058120958,0.7559289460184564,0.40053404539385845
