patient_id,ecg_id,lead,bpm,ibi,sdnn,sdsd,rmssd,pnn20,pnn50,hr_mad,sd1,sd2,s,sd1/sd2,breathingrate
13223.0,13323,0,72.8744939271255,823.3333333333334,63.245553203367585,25.21780125229002,54.886246000250374,0.75,0.5,40.0,38.71974625433384,81.77235932758698,9946.926379641958,0.4735065317024701,0.1349527665317139
13223.0,13323,1,72.90400972053463,823.0,61.0,29.481109247603555,54.262735320332354,0.6666666666666666,0.3333333333333333,45.0,37.973349979189024,79.19346524980206,9447.526773513751,0.4795010530150268,0.12150668286755771
13223.0,13323,2,74.20494699646643,808.5714285714286,65.3405521487387,30.230595245361755,51.478150704935004,0.5,0.3333333333333333,70.0,34.820970692960294,89.13940393189387,9751.254066008607,0.39063499593922496,0.17667844522968199
13223.0,13323,3,nan,nan,nan,--,nan,nan,nan,nan,nan,nan,nan,nan,nan
13223.0,13323,4,nan,nan,nan,--,nan,nan,nan,nan,nan,nan,nan,nan,nan
13223.0,13323,5,72.90400972053463,823.0,61.0,29.481109247603555,54.262735320332354,0.6666666666666666,0.3333333333333333,45.0,37.973349979189024,79.19346524980206,9447.526773513751,0.4795010530150268,0.12150668286755771
13223.0,13323,6,72.8744939271255,823.3333333333334,63.245553203367585,22.603926650031404,53.73546315051169,0.875,0.5,40.0,37.90407300014076,82.15362895210413,9782.784902976742,0.46138038554862837,0.1349527665317139
13223.0,13323,7,72.8744939271255,823.3333333333334,64.63573143221771,28.034576865007256,56.236109396009965,0.75,0.5,30.0,39.67642562025969,83.73600629358913,10437.455981266254,0.4738275369994251,0.1349527665317139
13223.0,13323,8,72.67833109017496,825.5555555555555,62.73597428219157,23.733211036908788,52.77986629117476,0.7142857142857143,0.42857142857142855,50.0,36.64501525251617,73.81720390150751,8498.110427229914,0.49642919693098525,0.13458950201884254
13223.0,13323,9,72.8744939271255,823.3333333333334,63.245553203367585,22.603926650031404,53.73546315051169,0.875,0.5,40.0,37.90407300014076,82.15362895210413,9782.784902976742,0.46138038554862837,0.1349527665317139
13223.0,13323,10,72.97297297297298,822.2222222222222,62.49938271300103,30.388114452858044,53.26818938165629,0.625,0.375,30.0,37.57284591297284,80.81131572991495,9538.852689581689,0.46494535540725046,0.13513513513513511
13223.0,13323,11,73.27001356852102,818.8888888888889,62.97167695691002,27.994168488950606,50.0,0.5714285714285714,0.2857142857142857,60.0,34.99271061118825,84.07965125464094,9243.115066003584,0.41618524921339706,0.13568521031207598
