patient_id,ecg_id,lead,bpm,ibi,sdnn,sdsd,rmssd,pnn20,pnn50,hr_mad,sd1,sd2,s,sd1/sd2,breathingrate
20181.0,13542,0,68.44106463878327,876.6666666666666,4.714045207910317,4.841229182759271,6.123724356957945,0.0,0.0,0.0,4.238956239453292,4.92125492125732,65.53671488028775,0.8613567692141197,0.12674271229404308
20181.0,13542,1,68.37606837606837,877.5,4.330127018922194,4.517539514526256,5.3452248382484875,0.0,0.0,0.0,3.7796447300922718,5.1507875363770665,61.160987492709275,0.7337993857053514,0.14245014245014245
20181.0,13542,2,69.23076923076924,866.6666666666666,12.47219128924647,8.2915619758885,11.180339887498949,0.0,0.0,10.0,5.863019699779287,10.458250331675963,192.63280966534393,0.5606119105813872,0.3846153846153846
20181.0,13542,3,nan,nan,nan,--,nan,nan,nan,nan,nan,nan,nan,nan,nan
20181.0,13542,4,68.85245901639344,871.4285714285714,22.31499907401901,10.897247358851684,29.58039891549808,0.75,0.0,20.0,18.957188610128874,22.00852107707375,1310.7342976057707,0.8613567692141093,0.16393442622950818
20181.0,13542,5,68.40390879478828,877.1428571428571,4.5175395145262565,4.714045207910316,5.773502691896258,0.0,0.0,0.0,4.0824829046386295,5.27046276694724,67.5963112662261,0.7745966692414918,0.16286644951140064
20181.0,13542,6,68.44106463878327,876.6666666666666,4.714045207910317,4.841229182759271,6.123724356957945,0.0,0.0,0.0,4.238956239453292,4.92125492125732,65.53671488028775,0.8613567692141197,0.12674271229404308
20181.0,13542,7,68.47360912981455,876.25,6.959705453537527,5.3452248382484875,11.338934190276817,0.0,0.0,5.0,7.953949089757174,6.226998490772351,155.6006618939887,1.2773327473170184,0.28530670470756064
20181.0,13542,8,68.57142857142857,875.0,5.0,4.948716593053935,7.559289460184544,0.0,0.0,5.0,5.3452248382484875,4.517539514526205,75.86086850872097,1.1832159566199365,0.14285714285714285
20181.0,13542,9,68.40390879478828,877.1428571428571,4.5175395145262565,4.714045207910316,5.773502691896258,0.0,0.0,0.0,4.0824829046386295,5.27046276694724,67.5963112662261,0.7745966692414918,0.16286644951140064
20181.0,13542,10,68.37606837606837,877.5,4.330127018922194,4.517539514526256,5.3452248382484875,0.0,0.0,0.0,3.7796447300922718,5.1507875363770665,61.160987492709275,0.7337993857053514,0.14245014245014245
20181.0,13542,11,68.37606837606837,877.5,4.330127018922194,4.517539514526256,5.3452248382484875,0.0,0.0,0.0,3.7796447300922718,5.1507875363770665,61.160987492709275,0.7337993857053514,0.14245014245014245
