patient_id,ecg_id,lead,bpm,ibi,sdnn,sdsd,rmssd,pnn20,pnn50,hr_mad,sd1,sd2,s,sd1/sd2,breathingrate
12787.0,13629,0,72.77628032345014,824.4444444444445,10.657403385139377,8.660254037844387,13.228756555322953,0.125,0.0,0.0,9.185586535436917,8.660254037844387,249.91216527140807,1.060660171779821,0.2695417789757412
12787.0,13629,1,72.81553398058253,824.0,9.16515138991168,5.665577237325317,12.47219128924647,0.0,0.0,5.0,8.678055195451837,8.819171036881972,240.4363054938294,0.9839989676081815,0.24271844660194175
12787.0,13629,2,72.83763277693475,823.75,8.569568250501305,5.773502691896258,11.547005383792516,0.0,0.0,5.0,8.164965809277259,5.270462766947274,135.19262253245307,1.549193338482974,0.30349013657056145
12787.0,13629,3,272.72727272727275,220.0,0.0,--,nan,nan,nan,0.0,nan,nan,nan,nan,nan
12787.0,13629,4,72.8744939271255,823.3333333333334,8.16496580927726,5.994789404140899,10.606601717798213,0.0,0.0,0.0,7.447734554883114,7.015607600201117,164.14941984349593,1.0615950861718106,0.2699055330634278
12787.0,13629,5,237.15415019762847,253.0,190.10786411929413,135.69172744850434,283.1960451701259,0.8571428571428571,0.8571428571428571,170.0,181.38357147217053,143.7614236809566,81920.0458389773,1.2616984920426715,0.39525691699604737
12787.0,13629,6,1500.0,40.0,0.0,--,nan,nan,nan,0.0,nan,nan,nan,nan,nan
12787.0,13629,7,72.83763277693475,823.75,8.569568250501305,5.773502691896258,11.547005383792516,0.0,0.0,5.0,8.164965809277259,5.270462766947274,135.19262253245307,1.549193338482974,0.30349013657056145
12787.0,13629,8,72.83763277693475,823.75,8.569568250501305,8.16496580927726,12.909944487358056,0.0,0.0,5.0,8.819171036881967,7.81735959970578,216.58966422051137,1.128152149635523,0.30349013657056145
12787.0,13629,9,72.81553398058253,824.0,9.16515138991168,7.370277311900889,13.333333333333334,0.0,0.0,5.0,9.296222517045283,8.164965809277291,238.4573722076674,1.1385500851066177,0.24271844660194175
12787.0,13629,10,72.81553398058253,824.0,9.16515138991168,7.370277311900889,13.333333333333334,0.0,0.0,5.0,9.296222517045283,8.164965809277291,238.4573722076674,1.1385500851066177,0.24271844660194175
12787.0,13629,11,72.81553398058253,824.0,8.0,3.1426968052735447,9.428090415820634,0.0,0.0,5.0,6.478835438717,8.164965809277254,166.18858583146294,0.7934920476158728,0.24271844660194175
