patient_id,ecg_id,lead,bpm,ibi,sdnn,sdsd,rmssd,pnn20,pnn50,hr_mad,sd1,sd2,s,sd1/sd2,breathingrate
18024.0,13768,0,67.0391061452514,895.0,57.37304826019502,4.330127018922194,13.228756555322953,0.0,0.0,20.0,7.70551750371122,75.22881761665533,1821.108913324589,0.10242773644238763,0.186219739292365
18024.0,13768,1,68.37606837606837,877.5,56.06915373001451,14.98298354528788,28.535691936340257,0.42857142857142855,0.0,60.0,15.319721849662297,74.62833078062268,3591.7366041330015,0.20528024262925199,0.14245014245014245
18024.0,13768,2,122.44897959183673,490.0,113.43133018115704,--,nan,nan,nan,20.0,nan,nan,nan,nan,nan
18024.0,13768,3,69.44444444444444,864.0,45.86937976471886,14.79019945774904,35.70714214271425,0.75,0.0,40.0,16.105123408406406,55.08516134132674,2787.074357036484,0.29236772692038576,0.23148148148148145
18024.0,13768,4,68.83365200764818,871.6666666666666,45.24623986832743,15.811388300841896,33.91164991562634,0.5,0.0,40.0,21.505813167606565,57.554322166106616,3888.514159368124,0.373661131922273,0.19120458891013384
18024.0,13768,5,68.37606837606837,877.5,56.06915373001451,14.98298354528788,28.535691936340257,0.42857142857142855,0.0,60.0,15.319721849662297,74.62833078062268,3591.7366041330015,0.20528024262925199,0.14245014245014245
18024.0,13768,6,68.37606837606837,877.5,56.06915373001451,15.779087167410372,27.774602993176543,0.42857142857142855,0.0,60.0,13.627702877384936,73.47080497499307,3145.4828889084206,0.18548460006696993,0.14245014245014245
18024.0,13768,7,66.2251655629139,906.0,50.83306010855534,9.428090415820632,19.148542155126762,0.3333333333333333,0.0,20.0,6.666666666666665,17.638342073763898,369.41657253626937,0.377964473009228,0.22075055187637968
18024.0,13768,8,nan,nan,nan,--,nan,nan,nan,nan,nan,nan,nan,nan,nan
18024.0,13768,9,68.37606837606837,877.5,56.06915373001451,14.98298354528788,28.535691936340257,0.42857142857142855,0.0,60.0,15.319721849662297,74.62833078062268,3591.7366041330015,0.20528024262925199,0.14245014245014245
18024.0,13768,10,68.37606837606837,877.5,56.06915373001451,14.98298354528788,28.535691936340257,0.42857142857142855,0.0,60.0,15.319721849662297,74.62833078062268,3591.7366041330015,0.20528024262925199,0.14245014245014245
18024.0,13768,11,67.56756756756756,888.0,52.306787322488084,12.47219128924647,23.570226039551585,0.3333333333333333,0.0,35.0,14.69861839480328,71.87952884282606,3319.186147579848,0.20448963190818514,0.1126126126126126
