patient_id,ecg_id,lead,bpm,ibi,sdnn,sdsd,rmssd,pnn20,pnn50,hr_mad,sd1,sd2,s,sd1/sd2,breathingrate
15063.0,13796,0,nan,nan,nan,--,nan,nan,nan,nan,nan,nan,nan,nan,nan
15063.0,13796,1,56.52759084791387,1061.4285714285713,11.24858267715973,10.671873729054747,13.5400640077266,0.16666666666666666,0.0,10.0,9.501461875826148,11.118053386771926,331.87081197603294,0.8545976121261325,0.13458950201884254
15063.0,13796,2,56.45161290322581,1062.857142857143,12.777531299998799,10.0,14.142135623730951,0.16666666666666666,0.0,10.0,10.0,12.909944487358057,405.5778675973612,0.7745966692414833,0.13440860215053763
15063.0,13796,3,56.52759084791387,1061.4285714285713,11.24858267715973,10.671873729054747,13.5400640077266,0.16666666666666666,0.0,10.0,9.501461875826148,11.118053386771926,331.87081197603294,0.8545976121261325,0.13458950201884254
15063.0,13796,4,56.470588235294116,1062.5,11.989578808281799,6.998542122237652,14.638501094227998,0.0,0.0,5.0,10.301575072754254,12.777531299998808,413.52375042289185,0.8062257748298542,0.23529411764705882
15063.0,13796,5,56.45161290322581,1062.857142857143,12.777531299998799,10.0,14.142135623730951,0.16666666666666666,0.0,10.0,10.0,12.909944487358057,405.5778675973612,0.7745966692414833,0.13440860215053763
15063.0,13796,6,56.470588235294116,1062.5,11.989578808281799,6.998542122237652,14.638501094227998,0.0,0.0,5.0,10.301575072754254,12.777531299998808,413.52375042289185,0.8062257748298542,0.23529411764705882
15063.0,13796,7,nan,nan,nan,--,nan,nan,nan,nan,nan,nan,nan,nan,nan
15063.0,13796,8,56.470588235294116,1062.5,11.989578808281799,10.497813183356477,17.728105208558365,0.14285714285714285,0.0,10.0,12.371791482634837,11.157499537009501,433.6599764286731,1.1088319064318597,0.23529411764705882
15063.0,13796,9,56.45161290322581,1062.857142857143,12.777531299998799,10.0,14.142135623730951,0.16666666666666666,0.0,10.0,10.0,12.909944487358057,405.5778675973612,0.7745966692414833,0.13440860215053763
15063.0,13796,10,56.52759084791387,1061.4285714285713,11.24858267715973,10.671873729054747,13.5400640077266,0.16666666666666666,0.0,10.0,9.501461875826148,11.118053386771926,331.87081197603294,0.8545976121261325,0.13458950201884254
15063.0,13796,11,56.52759084791387,1061.4285714285713,13.552618543578768,11.055415967851333,17.320508075688775,0.16666666666666666,0.0,10.0,12.247448713915889,12.01850425154663,462.42991759862304,1.019049330730136,0.13458950201884254
