patient_id,ecg_id,lead,bpm,ibi,sdnn,sdsd,rmssd,pnn20,pnn50,hr_mad,sd1,sd2,s,sd1/sd2,breathingrate
15920.0,13915,0,78.38479809976246,765.4545454545455,14.373989364401723,4.47213595499958,10.954451150103322,0.0,0.0,10.0,7.211102550927977,17.549928774784238,397.58217274903933,0.41089070180665915,0.35629453681710216
15920.0,13915,1,78.38479809976246,765.4545454545455,14.373989364401723,4.47213595499958,10.954451150103322,0.0,0.0,10.0,7.211102550927977,17.549928774784238,397.58217274903933,0.41089070180665915,0.35629453681710216
15920.0,13915,2,78.71720116618076,762.2222222222222,16.850834320114558,15.77908716741037,20.354009783964297,0.14285714285714285,0.0,10.0,12.535663410560172,15.452362609131352,608.5441419628144,0.811245744592636,0.14577259475218657
15920.0,13915,3,nan,nan,nan,--,nan,nan,nan,nan,nan,nan,nan,nan,nan
15920.0,13915,4,78.125,768.0,12.489995996796797,4.15739709641549,8.819171036881968,0.0,0.0,10.0,5.773502691896257,15.98610507770905,289.95587226530074,0.3611575592573079,0.2604166666666667
15920.0,13915,5,78.38479809976246,765.4545454545455,13.047909176733931,6.6332495807108,8.94427190999916,0.0,0.0,10.0,5.65685424949238,15.748015748023603,279.8663619069733,0.3592106040535502,0.11876484560570072
15920.0,13915,6,79.57559681697613,754.0,10.198039027185569,4.714045207910317,8.16496580927726,0.0,0.0,10.0,3.333333333333333,5.773502691896304,60.459978807807744,0.5773502691896211,0.26525198938992045
15920.0,13915,7,78.53403141361257,764.0,12.806248474865697,6.666666666666667,9.428090415820634,0.0,0.0,10.0,5.879447357921312,15.071844406945033,278.38945513067944,0.39009474880274714,0.13089005235602094
15920.0,13915,8,78.53403141361257,764.0,12.806248474865697,6.666666666666667,9.428090415820634,0.0,0.0,10.0,5.879447357921312,15.071844406945033,278.38945513067944,0.39009474880274714,0.13089005235602094
15920.0,13915,9,78.29181494661921,766.3636363636364,13.6666330712481,6.6332495807108,8.94427190999916,0.0,0.0,10.0,5.65685424949238,16.97056274847712,301.5928947446198,0.3333333333333337,0.11862396204033215
15920.0,13915,10,78.125,768.0,12.489995996796797,4.714045207910317,11.055415967851333,0.0,0.0,10.0,7.453559924999298,15.27525231651945,357.6860583114993,0.48795003647426705,0.390625
15920.0,13915,11,78.38479809976246,765.4545454545455,14.373989364401723,4.0,8.94427190999916,0.0,0.0,10.0,5.65685424949238,18.110770276274827,321.85612902946843,0.3123475237772122,0.23752969121140144
