patient_id,ecg_id,lead,bpm,ibi,sdnn,sdsd,rmssd,pnn20,pnn50,hr_mad,sd1,sd2,s,sd1/sd2,breathingrate
17355.0,13941,0,nan,nan,nan,--,nan,nan,nan,nan,nan,nan,nan,nan,nan
17355.0,13941,1,62.21198156682028,964.4444444444445,30.225490019412096,17.853571071357123,37.080992435478315,0.625,0.125,20.0,26.220221204253786,36.8697030093816,3037.0774223548324,0.7111590022187587,0.2304147465437788
17355.0,13941,2,61.94690265486726,968.5714285714286,30.438965360946455,20.548046676563256,39.15780041490243,0.5,0.16666666666666666,10.0,27.28450923957483,30.73181485764297,2634.2332513923716,0.887826162104748,0.14749262536873156
17355.0,13941,3,62.0384047267356,967.1428571428571,31.49343955006943,21.40872096444188,41.02844541697057,0.6666666666666666,0.3333333333333333,20.0,28.406767581765514,29.36835031117685,2620.9047778923646,0.9672578568689512,0.14771048744460855
17355.0,13941,4,nan,nan,nan,--,nan,nan,nan,nan,nan,nan,nan,nan,nan
17355.0,13941,5,61.94690265486726,968.5714285714286,28.996833043120624,19.72026594366539,38.72983346207417,0.6666666666666666,0.16666666666666666,20.0,26.977356760397736,27.588242262078094,2338.1550061773196,0.9778570343163885,0.14749262536873156
17355.0,13941,6,nan,nan,nan,--,nan,nan,nan,nan,nan,nan,nan,nan,nan
17355.0,13941,7,62.2568093385214,963.75,31.99120973017432,18.84415136896131,36.645015252516174,0.5714285714285714,0.14285714285714285,20.0,25.594961238812736,38.6243023845594,3105.739297830587,0.6626646867036925,0.2594033722438392
17355.0,13941,8,61.96213425129088,968.3333333333334,33.870669054835965,20.0,36.05551275463989,0.6,0.2,20.0,20.199009876724155,29.7993288515027,1890.9778298362685,0.6778343894045645,0.1721170395869191
17355.0,13941,9,61.96213425129088,968.3333333333334,33.870669054835965,20.0,36.05551275463989,0.6,0.2,20.0,20.199009876724155,29.7993288515027,1890.9778298362685,0.6778343894045645,0.1721170395869191
17355.0,13941,10,62.21198156682028,964.4444444444445,29.481109247603555,19.364916731037084,35.70714214271425,0.5,0.125,20.0,25.24876234590519,36.185287065325355,2870.2649625001877,0.6977632179709826,0.2304147465437788
17355.0,13941,11,62.2568093385214,963.75,31.99120973017432,18.84415136896131,36.645015252516174,0.5714285714285714,0.14285714285714285,20.0,25.594961238812736,38.6243023845594,3105.739297830587,0.6626646867036925,0.2594033722438392
