patient_id,ecg_id,lead,bpm,ibi,sdnn,sdsd,rmssd,pnn20,pnn50,hr_mad,sd1,sd2,s,sd1/sd2,breathingrate
15466.0,14058,0,56.60377358490566,1060.0,20.97617696340303,15.0,29.154759474226502,0.5,0.0,10.0,20.6155281280883,20.615528128088293,1335.1768777756615,1.0000000000000004,0.18867924528301888
15466.0,14058,1,56.68016194331983,1058.5714285714287,28.499910490371434,27.938424357067017,50.16638981097471,0.6666666666666666,0.5,20.0,35.45341231030441,18.892973414591065,2104.302773204994,1.8765395754446834,0.2699055330634278
15466.0,14058,2,56.68016194331983,1058.5714285714287,25.314350209527642,22.173557826083453,41.432676315520176,0.6666666666666666,0.16666666666666666,20.0,29.273613450417155,18.892973414591065,1737.5068280110195,1.5494444843610011,0.2699055330634278
15466.0,14058,3,nan,nan,nan,--,nan,nan,nan,nan,nan,nan,nan,nan,nan
15466.0,14058,4,56.60377358490566,1060.0,20.97617696340303,15.0,29.154759474226502,0.5,0.0,10.0,20.6155281280883,20.615528128088293,1335.1768777756615,1.0000000000000004,0.18867924528301888
15466.0,14058,5,56.68016194331983,1058.5714285714287,25.314350209527642,22.173557826083453,41.432676315520176,0.6666666666666666,0.16666666666666666,20.0,29.273613450417155,18.892973414591065,1737.5068280110195,1.5494444843610011,0.2699055330634278
15466.0,14058,6,56.60377358490566,1060.0,20.97617696340303,15.0,29.154759474226502,0.5,0.0,10.0,20.6155281280883,20.615528128088293,1335.1768777756615,1.0000000000000004,0.18867924528301888
15466.0,14058,7,nan,nan,nan,--,nan,nan,nan,nan,nan,nan,nan,nan,nan
15466.0,14058,8,56.872037914691944,1055.0,22.173557826083453,16.73320053068151,34.351128074635334,0.6,0.0,25.0,23.2379000772445,18.439088914585767,1346.1275452348505,1.2602520756252094,0.1579778830963665
15466.0,14058,9,56.17977528089887,1068.0,31.874754901018456,14.142135623730951,24.49489742783178,0.3333333333333333,0.0,30.0,14.529663145135578,23.33333333333334,1065.0799365708206,0.6226998490772389,0.18726591760299627
15466.0,14058,10,56.60377358490566,1060.0,20.97617696340303,15.0,29.154759474226502,0.5,0.0,10.0,20.6155281280883,20.615528128088293,1335.1768777756615,1.0000000000000004,0.18867924528301888
15466.0,14058,11,56.60377358490566,1060.0,20.97617696340303,15.0,29.154759474226502,0.5,0.0,10.0,20.6155281280883,20.615528128088293,1335.1768777756615,1.0000000000000004,0.18867924528301888
