patient_id,ecg_id,lead,bpm,ibi,sdnn,sdsd,rmssd,pnn20,pnn50,hr_mad,sd1,sd2,s,sd1/sd2,breathingrate
6495.0,14094,0,82.64462809917356,726.0,8.0,7.856742013183861,11.055415967851333,0.0,0.0,5.0,7.777777777777777,7.453559924999311,182.1248263603154,1.0434983894999,0.27548209366391185
6495.0,14094,1,82.3327615780446,728.75,7.806247497997997,5.0,7.0710678118654755,0.0,0.0,10.0,4.85912657903775,8.89756521002612,135.82485960174097,0.5461186812727485,0.17152658662092624
6495.0,14094,2,nan,nan,nan,--,nan,nan,nan,nan,nan,nan,nan,nan,nan
6495.0,14094,3,82.94930875576037,723.3333333333334,6.666666666666667,7.284313590846835,8.451542547285166,0.0,0.0,0.0,5.890150893739515,8.206518066482912,151.8571424321828,0.7177405625652721,0.15360983102918588
6495.0,14094,4,82.64462809917356,726.0,6.6332495807108,4.969039949999533,6.666666666666667,0.0,0.0,5.0,4.444444444444444,7.02728368926308,98.11939027946786,0.6324555320336744,0.27548209366391185
6495.0,14094,5,85.71428571428571,700.0,17.88854381999832,--,nan,nan,nan,10.0,nan,nan,nan,nan,0.2857142857142857
6495.0,14094,6,82.75862068965517,725.0,8.06225774829855,9.162456945817024,12.01850425154663,0.0,0.0,0.0,8.461970117626565,8.164965809277271,217.05796674393468,1.0363754503432003,0.13793103448275862
6495.0,14094,7,82.60325406758447,726.3636363636364,6.428243465332251,4.898979485566356,6.324555320336759,0.0,0.0,10.0,4.472135954999579,8.24621125123534,115.85621254590357,0.5423261445466391,0.1251564455569462
6495.0,14094,8,82.60325406758447,726.3636363636364,6.428243465332251,4.898979485566356,6.324555320336759,0.0,0.0,10.0,4.472135954999579,8.24621125123534,115.85621254590357,0.5423261445466391,0.1251564455569462
6495.0,14094,9,82.60325406758447,726.3636363636364,6.428243465332251,4.898979485566356,6.324555320336759,0.0,0.0,10.0,4.472135954999579,8.24621125123534,115.85621254590357,0.5423261445466391,0.1251564455569462
6495.0,14094,10,82.60325406758447,726.3636363636364,7.713892158398701,7.810249675906654,10.488088481701515,0.0,0.0,0.0,7.382411530116699,7.382411530116712,171.21679962064397,0.9999999999999983,0.3754693366708386
6495.0,14094,11,82.60325406758447,726.3636363636364,7.713892158398701,7.810249675906654,10.488088481701515,0.0,0.0,0.0,7.382411530116699,7.382411530116712,171.21679962064397,0.9999999999999983,0.3754693366708386
