patient_id,ecg_id,lead,bpm,ibi,sdnn,sdsd,rmssd,pnn20,pnn50,hr_mad,sd1,sd2,s,sd1/sd2,breathingrate
2048.0,14093,0,71.17437722419929,843.0,9.0,6.285393610547089,13.743685418725535,0.0,0.0,10.0,9.686442096757052,8.012336167697779,243.822242779304,1.2089410496539739,0.35587188612099646
2048.0,14093,1,71.17437722419929,843.0,7.810249675906654,5.665577237325317,10.540925533894598,0.0,0.0,0.0,7.453559924999298,8.819171036881972,206.51014205152063,0.8451542547285161,0.35587188612099646
2048.0,14093,2,nan,nan,nan,--,nan,nan,nan,nan,nan,nan,nan,nan,nan
2048.0,14093,3,71.00591715976331,845.0,11.180339887498949,5.0,15.811388300841896,0.0,0.0,10.0,10.606601717798211,3.535533905932766,117.80972450961818,2.9999999999999756,0.2958579881656805
2048.0,14093,4,71.17437722419929,843.0,7.810249675906654,7.370277311900889,11.547005383792516,0.0,0.0,0.0,8.164965809277259,8.16496580927729,209.43951023932027,0.9999999999999963,0.2372479240806643
2048.0,14093,5,71.09004739336493,844.0,8.0,6.666666666666667,12.01850425154663,0.0,0.0,5.0,8.461970117626564,8.012336167697779,213.00045071264185,1.0561177090573797,0.35545023696682465
2048.0,14093,6,71.05263157894737,844.4444444444445,6.849348892187752,7.0710678118654755,8.660254037844387,0.0,0.0,0.0,6.123724356957944,7.905694150421013,152.09170034901166,0.774596669241477,0.13157894736842105
2048.0,14093,7,71.17437722419929,843.0,9.0,6.285393610547089,13.743685418725535,0.0,0.0,10.0,9.686442096757052,8.012336167697779,243.822242779304,1.2089410496539739,0.35587188612099646
2048.0,14093,8,71.11111111111111,843.75,8.569568250501305,5.3452248382484875,11.338934190276817,0.0,0.0,5.0,7.953949089757174,8.451542547285179,211.18772010809818,0.9411239481143188,0.2962962962962963
2048.0,14093,9,71.17437722419929,843.0,7.810249675906654,7.370277311900889,11.547005383792516,0.0,0.0,0.0,8.164965809277259,8.164965809277291,209.4395102393203,0.9999999999999961,0.2372479240806643
2048.0,14093,10,71.17437722419929,843.0,9.0,6.285393610547089,13.743685418725535,0.0,0.0,10.0,9.686442096757052,8.012336167697779,243.822242779304,1.2089410496539739,0.35587188612099646
2048.0,14093,11,71.17437722419929,843.0,9.0,6.285393610547089,13.743685418725535,0.0,0.0,10.0,9.686442096757052,8.012336167697779,243.822242779304,1.2089410496539739,0.35587188612099646
