patient_id,ecg_id,lead,bpm,ibi,sdnn,sdsd,rmssd,pnn20,pnn50,hr_mad,sd1,sd2,s,sd1/sd2,breathingrate
20672.0,14112,0,86.83068017366136,691.0,13.74772708486752,10.532687216470448,15.411035007422441,0.125,0.0,10.0,9.960860906568266,13.891319231808039,434.70060052386395,0.7170565113614339,0.1447178002894356
20672.0,14112,1,87.16707021791767,688.3333333333334,13.437096247164249,9.958591954639383,13.483997249264842,0.09090909090909091,0.0,5.0,9.181368125783706,14.258533764871016,411.2748397440883,0.6439209162167847,0.24213075060532688
20672.0,14112,2,176.47058823529412,340.0,290.0,0.0,580.0,1.0,1.0,290.0,0.0,0.0,0.0,nan,nan
20672.0,14112,3,87.16707021791767,688.3333333333334,13.437096247164249,7.925270806437589,12.060453783110546,0.0,0.0,5.0,8.131156281817416,14.882459585222628,380.1691684668733,0.5463583647081532,0.24213075060532688
20672.0,14112,4,87.0712401055409,689.0909090909091,13.787046261911911,10.0,14.142135623730951,0.1,0.0,10.0,9.591663046625438,14.56021977856103,438.74453186204687,0.6587581226451357,0.13192612137203166
20672.0,14112,5,87.23747980613892,687.7777777777778,12.27262335243029,10.301575072754254,12.535663410560174,0.14285714285714285,0.0,0.0,8.32993127835043,11.780301787479045,308.2816732599686,0.7071067811865466,0.16155088852988692
20672.0,14112,6,87.80487804878048,683.3333333333334,4.714045207910317,0.0,0.0,0.0,0.0,0.0,0.0,0.0,0.0,nan,0.24390243902439027
20672.0,14112,7,145.63106796116506,412.0,213.39165869358624,10.0,370.1351104664349,1.0,1.0,160.0,7.07106781186549,21.213203435596427,471.23889803847,0.333333333333334,0.4854368932038835
20672.0,14112,8,87.0712401055409,689.0909090909091,13.787046261911911,7.745966692414834,12.649110640673518,0.0,0.0,10.0,8.485281374238568,15.231546211727805,406.0318607151369,0.5570860145311558,0.13192612137203166
20672.0,14112,9,87.0712401055409,689.0909090909091,13.787046261911911,8.306623862918075,13.784048752090222,0.0,0.0,10.0,9.082951062292475,13.80217374184226,393.84409373332056,0.6580812002646271,0.13192612137203166
20672.0,14112,10,86.64259927797833,692.5,14.79019945774904,6.871842709362768,13.5400640077266,0.0,0.0,10.0,7.54615428178118,16.02948671805945,380.01012561198473,0.4707670566443894,0.18050541516245489
20672.0,14112,11,87.0712401055409,689.0909090909091,11.642044068059725,8.717797887081348,11.832159566199232,0.1,0.0,10.0,7.874007874011811,11.045361017187277,273.2282702976398,0.7128791772183235,0.13192612137203166
