patient_id,ecg_id,lead,bpm,ibi,sdnn,sdsd,rmssd,pnn20,pnn50,hr_mad,sd1,sd2,s,sd1/sd2,breathingrate
4498.0,14125,0,75.31380753138076,796.6666666666666,8.16496580927726,6.614378277661476,10.0,0.0,0.0,0.0,6.846531968814576,7.905694150420911,170.0436903969571,0.8660254037844427,0.1394700139470014
4498.0,14125,1,75.15657620041753,798.3333333333334,8.975274678557506,8.2915619758885,11.180339887498949,0.0,0.0,0.0,7.70551750371122,7.705517503711192,186.53206380689326,1.0000000000000036,0.20876826722338204
4498.0,14125,2,75.31380753138076,796.6666666666666,9.428090415820634,8.660254037844387,13.228756555322953,0.0,0.0,0.0,9.185586535436917,8.660254037844352,249.91216527140705,1.0606601717798254,0.1394700139470014
4498.0,14125,3,nan,nan,nan,--,nan,nan,nan,nan,nan,nan,nan,nan,nan
4498.0,14125,4,nan,nan,nan,--,nan,nan,nan,nan,nan,nan,nan,nan,nan
4498.0,14125,5,75.31380753138076,796.6666666666666,9.428090415820634,8.660254037844387,13.228756555322953,0.0,0.0,0.0,9.185586535436917,8.660254037844352,249.91216527140705,1.0606601717798254,0.1394700139470014
4498.0,14125,6,75.31380753138076,796.6666666666666,8.16496580927726,8.2915619758885,11.180339887498949,0.0,0.0,0.0,7.70551750371122,7.071067811865433,171.1735612345951,1.0897247358851747,0.1394700139470014
4498.0,14125,7,75.31380753138076,796.6666666666666,11.547005383792516,8.2915619758885,15.0,0.125,0.0,10.0,10.458250331675943,12.24744871391589,402.39681560043715,0.8539125638299665,0.2789400278940028
4498.0,14125,8,75.31380753138076,796.6666666666666,9.428090415820634,8.660254037844387,13.228756555322953,0.0,0.0,0.0,9.185586535436917,8.660254037844352,249.91216527140705,1.0606601717798254,0.1394700139470014
4498.0,14125,9,75.31380753138076,796.6666666666666,8.16496580927726,8.2915619758885,11.180339887498949,0.0,0.0,0.0,7.70551750371122,7.071067811865433,171.1735612345951,1.0897247358851747,0.1394700139470014
4498.0,14125,10,75.31380753138076,796.6666666666666,8.16496580927726,8.2915619758885,11.180339887498949,0.0,0.0,0.0,7.70551750371122,7.071067811865433,171.1735612345951,1.0897247358851747,0.1394700139470014
4498.0,14125,11,75.31380753138076,796.6666666666666,8.16496580927726,8.2915619758885,11.180339887498949,0.0,0.0,0.0,7.70551750371122,7.071067811865433,171.1735612345951,1.0897247358851747,0.1394700139470014
