patient_id,ecg_id,lead,bpm,ibi,sdnn,sdsd,rmssd,pnn20,pnn50,hr_mad,sd1,sd2,s,sd1/sd2,breathingrate
3458.0,14329,0,63.6604774535809,942.5,6.614378277661476,5.773502691896258,11.547005383792516,0.0,0.0,5.0,8.164965809277259,5.270462766947274,135.19262253245307,1.549193338482974,0.26525198938992045
3458.0,14329,1,63.60424028268551,943.3333333333334,6.666666666666667,6.614378277661476,10.0,0.0,0.0,10.0,7.071067811865475,6.84653196881458,152.0917003490105,1.0327955589886437,0.23557126030624262
3458.0,14329,2,63.57615894039735,943.75,6.959705453537527,6.3887656499993986,10.690449676496975,0.0,0.0,5.0,7.5592894601845435,6.998542122237647,166.20283565664084,1.080123449734644,0.26490066225165565
3458.0,14329,3,nan,nan,nan,--,nan,nan,nan,nan,nan,nan,nan,nan,nan
3458.0,14329,4,63.829787234042556,940.0,7.0710678118654755,0.0,10.0,0.0,0.0,5.0,7.071067811865475,0.0,0.0,inf,0.26595744680851063
3458.0,14329,5,63.60424028268551,943.3333333333334,6.666666666666667,6.614378277661476,10.0,0.0,0.0,10.0,7.071067811865475,6.84653196881458,152.0917003490105,1.0327955589886437,0.23557126030624262
3458.0,14329,6,nan,nan,nan,--,nan,nan,nan,nan,nan,nan,nan,nan,nan
3458.0,14329,7,63.529411764705884,944.4444444444445,10.657403385139377,8.660254037844387,17.320508075688775,0.125,0.0,10.0,12.247448713915889,10.00000000000004,384.7649490485607,1.2247448713915838,0.23529411764705882
3458.0,14329,8,63.529411764705884,944.4444444444445,10.657403385139377,8.660254037844387,17.320508075688775,0.125,0.0,10.0,12.247448713915889,10.00000000000004,384.7649490485607,1.2247448713915838,0.23529411764705882
3458.0,14329,9,63.60424028268551,943.3333333333334,6.666666666666667,6.614378277661476,10.0,0.0,0.0,10.0,7.071067811865475,6.84653196881458,152.0917003490105,1.0327955589886437,0.23557126030624262
3458.0,14329,10,63.492063492063494,945.0,8.660254037844387,4.5175395145262565,13.627702877384937,0.0,0.0,5.0,9.5831484749991,8.45154254728518,254.44508822651315,1.1338934190276797,0.26455026455026454
3458.0,14329,11,63.492063492063494,945.0,8.660254037844387,3.499271061118826,11.952286093343936,0.0,0.0,5.0,8.451542547285165,9.583148474999126,254.44508822651338,0.8819171036881942,0.26455026455026454
