patient_id,ecg_id,lead,bpm,ibi,sdnn,sdsd,rmssd,pnn20,pnn50,hr_mad,sd1,sd2,s,sd1/sd2,breathingrate
5919.0,14434,0,102.56410256410257,585.0,120.5197079319395,5.0,255.04901489713697,1.0,1.0,115.0,180.3122292025696,3.535533905932766,2002.7653166635089,50.99999999999958,0.4273504273504274
5919.0,14434,1,48.582995951417004,1235.0,16.583123951777,10.0,14.142135623730951,0.0,0.0,10.0,7.071067811865475,21.213203435596483,471.23889803847015,0.33333333333333237,0.20242914979757085
5919.0,14434,2,203.38983050847457,295.0,212.81838892977896,65.0,263.1539473388153,1.0,1.0,175.0,45.96194077712558,180.31222920256963,26035.949116625405,0.25490196078431365,0.5649717514124294
5919.0,14434,3,94.73684210526315,633.3333333333334,12.472191289246473,0.0,10.0,0.0,0.0,10.0,0.0,0.0,0.0,nan,nan
5919.0,14434,4,103.96039603960396,577.1428571428571,124.17893606914704,39.607448794387146,240.77998255669013,1.0,1.0,100.0,169.51216770485829,25.18680209951236,13412.933769127245,6.730198102765106,0.49504950495049505
5919.0,14434,5,110.59907834101382,542.5,114.42792491345809,31.12474899497183,244.48926356795303,1.0,1.0,45.0,172.14637666822964,30.567548151593723,16531.351636656964,5.631671072030496,0.2304147465437788
5919.0,14434,6,101.40845070422536,591.6666666666666,129.53978367882027,78.48566748139433,233.58082113050293,1.0,1.0,105.0,165.01515081955353,41.20679555607304,21362.03077132753,4.004561592153061,0.1408450704225352
5919.0,14434,7,107.56972111553785,557.7777777777778,139.5849226001288,69.68181653455625,282.07563997386706,1.0,1.0,60.0,198.95560643855535,51.80090089306685,32377.504119658213,3.84077502530818,0.199203187250996
5919.0,14434,8,97.90209790209789,612.8571428571429,121.73909874508398,37.416573867739416,242.8991560298224,1.0,1.0,120.0,164.0365812860046,39.84971769034253,20535.998845357517,4.116380009531621,0.2331002331002331
5919.0,14434,9,nan,nan,nan,--,nan,nan,nan,nan,nan,nan,nan,nan,nan
5919.0,14434,10,95.23809523809524,630.0,0.0,--,nan,nan,nan,0.0,nan,nan,nan,nan,nan
5919.0,14434,11,48.582995951417004,1235.0,16.583123951777,10.0,14.142135623730951,0.0,0.0,10.0,7.071067811865475,21.213203435596483,471.23889803847015,0.33333333333333237,0.20242914979757085
