patient_id,ecg_id,lead,bpm,ibi,sdnn,sdsd,rmssd,pnn20,pnn50,hr_mad,sd1,sd2,s,sd1/sd2,breathingrate
16507.0,14471,0,200.0,300.0,135.64659966250537,64.9519052838329,134.25721582097552,0.75,0.75,150.0,84.02008688403029,153.2461255627691,40450.37035698751,0.5482689143068479,0.5555555555555556
16507.0,14471,1,44.11764705882353,1360.0,19.148542155126762,13.2664991614216,30.983866769659336,0.6,0.0,15.0,21.166010488516722,15.491933384829625,1030.1358479371163,1.36626010212795,0.12254901960784313
16507.0,14471,2,44.052863436123346,1362.0,19.390719429665317,18.856180831641268,32.65986323710904,0.6666666666666666,0.0,10.0,13.333333333333332,11.547005383792516,483.6798304624581,1.1547005383792512,0.14684287812041114
16507.0,14471,3,nan,nan,nan,--,nan,nan,nan,nan,nan,nan,nan,nan,nan
16507.0,14471,4,44.19889502762431,1357.5,19.20286436967152,14.142135623730951,33.166247903554,0.6666666666666666,0.0,5.0,23.333333333333332,16.666666666666693,1221.7304763960326,1.3999999999999977,0.1841620626151013
16507.0,14471,5,nan,nan,nan,--,nan,nan,nan,nan,nan,nan,nan,nan,nan
16507.0,14471,6,43.956043956043956,1365.0,20.615528128088304,16.32993161855452,34.15650255319866,0.6666666666666666,0.0,20.0,24.037008503093258,13.333333333333334,1006.8598577012423,1.8027756377319943,0.18315018315018314
16507.0,14471,7,nan,nan,nan,--,nan,nan,nan,nan,nan,nan,nan,nan,nan
16507.0,14471,8,43.956043956043956,1365.0,20.615528128088304,16.32993161855452,34.15650255319866,0.6666666666666666,0.0,20.0,24.037008503093258,13.333333333333334,1006.8598577012423,1.8027756377319943,0.18315018315018314
16507.0,14471,9,43.956043956043956,1365.0,20.615528128088304,16.32993161855452,34.15650255319866,0.6666666666666666,0.0,20.0,24.037008503093258,13.333333333333334,1006.8598577012423,1.8027756377319943,0.18315018315018314
16507.0,14471,10,nan,nan,nan,--,nan,nan,nan,nan,nan,nan,nan,nan,nan
16507.0,14471,11,44.11764705882353,1360.0,20.97617696340303,16.32993161855452,34.15650255319866,0.6666666666666666,0.0,10.0,24.037008503093258,13.333333333333334,1006.8598577012423,1.8027756377319943,0.14705882352941177
