patient_id,ecg_id,lead,bpm,ibi,sdnn,sdsd,rmssd,pnn20,pnn50,hr_mad,sd1,sd2,s,sd1/sd2,breathingrate
7669.0,14725,0,89.55223880597015,670.0,0.0,--,nan,nan,nan,0.0,nan,nan,nan,nan,nan
7669.0,14725,1,56.60377358490566,1060.0,18.257418583505537,15.491933384829668,33.76388603226827,0.8,0.0,5.0,23.832750575625965,10.58300524425835,792.3791728583602,2.2519832529192088,0.15723270440251572
7669.0,14725,2,56.68016194331983,1058.5714285714287,14.568627181693673,14.966629547095765,28.284271247461902,0.4,0.0,10.0,19.999999999999996,12.649110640673518,794.767061263688,1.5811388300841893,0.2699055330634278
7669.0,14725,3,130.43478260869566,460.0,140.0,--,nan,nan,nan,140.0,nan,nan,nan,nan,nan
7669.0,14725,4,56.52759084791387,1061.4285714285713,14.568627181693671,13.43709624716425,25.495097567963924,0.5,0.0,10.0,17.98919428743575,9.501461875826127,536.9724633692633,1.8933080532801314,0.2691790040376851
7669.0,14725,5,56.390977443609025,1064.0,13.564659966250536,12.472191289246473,29.43920288775949,0.6666666666666666,0.0,10.0,20.275875100994064,5.773502691896212,367.7636936747515,3.5118845842842736,0.18796992481203006
7669.0,14725,6,nan,nan,nan,--,nan,nan,nan,nan,nan,nan,nan,nan,nan
7669.0,14725,7,nan,nan,nan,--,nan,nan,nan,nan,nan,nan,nan,nan,nan
7669.0,14725,8,56.52759084791387,1061.4285714285713,14.568627181693671,13.43709624716425,25.495097567963924,0.5,0.0,10.0,17.98919428743575,9.501461875826127,536.9724633692633,1.8933080532801314,0.2691790040376851
7669.0,14725,9,56.60377358490566,1060.0,19.148542155126762,12.0,36.05551275463989,0.6,0.0,15.0,25.45584412271571,10.58300524425835,846.3429618148068,2.405351177211822,0.15723270440251572
7669.0,14725,10,56.52759084791387,1061.4285714285713,14.568627181693671,13.43709624716425,25.495097567963924,0.5,0.0,10.0,17.98919428743575,9.501461875826127,536.9724633692633,1.8933080532801314,0.2691790040376851
7669.0,14725,11,56.33802816901409,1065.0,15.0,16.996731711975947,28.867513459481287,0.6666666666666666,0.0,5.0,20.275875100994064,8.819171036881958,561.7683213737041,2.299068134204443,0.2347417840375587
