patient_id,ecg_id,lead,bpm,ibi,sdnn,sdsd,rmssd,pnn20,pnn50,hr_mad,sd1,sd2,s,sd1/sd2,breathingrate
11202.0,14768,0,67.6328502415459,887.1428571428571,19.05952009160905,18.85618083164127,30.0,0.3333333333333333,0.16666666666666666,10.0,21.08185106778919,17.320508075688757,1147.1474419090941,1.21716123890037,0.1610305958132045
11202.0,14768,1,67.8391959798995,884.4444444444445,18.324913891634047,18.666480653835098,32.21024681681281,0.5,0.125,10.0,22.758926820041403,14.114487238295283,1009.1756370183663,1.612451549659708,0.12562814070351758
11202.0,14768,2,100.0,600.0,0.0,--,nan,nan,nan,0.0,nan,nan,nan,nan,nan
11202.0,14768,3,67.8391959798995,884.4444444444445,14.989708403591157,15.360257159305634,26.22022120425379,0.375,0.0,10.0,18.519415487536314,11.145346562579423,648.4413859072398,1.6616276024754024,0.12562814070351758
11202.0,14768,4,67.8391959798995,884.4444444444445,18.324913891634047,18.666480653835098,30.20761493398643,0.5,0.0,10.0,21.34171384870484,16.17772388193094,1084.6673911101109,1.3192037399365932,0.12562814070351758
11202.0,14768,5,69.76744186046511,860.0,0.0,--,nan,nan,nan,0.0,nan,nan,nan,nan,nan
11202.0,14768,6,nan,nan,nan,--,nan,nan,nan,nan,nan,nan,nan,nan,nan
11202.0,14768,7,nan,nan,nan,--,nan,nan,nan,nan,nan,nan,nan,nan,nan
11202.0,14768,8,67.9245283018868,883.3333333333334,17.950549357115012,20.591260281974,31.622776601683793,0.4,0.2,5.0,22.360679774997894,15.87450786638753,1115.15476707821,1.4085904245475287,0.18867924528301888
11202.0,14768,9,67.8391959798995,884.4444444444445,18.324913891634047,18.666480653835098,32.21024681681281,0.5,0.125,10.0,22.758926820041403,14.114487238295283,1009.1756370183663,1.612451549659708,0.12562814070351758
11202.0,14768,10,67.8391959798995,884.4444444444445,14.989708403591157,15.360257159305634,26.22022120425379,0.375,0.0,10.0,18.519415487536314,11.145346562579423,648.4413859072398,1.6616276024754024,0.12562814070351758
11202.0,14768,11,67.8391959798995,884.4444444444445,18.324913891634047,18.666480653835098,32.21024681681281,0.5,0.125,10.0,22.758926820041403,14.114487238295283,1009.1756370183663,1.612451549659708,0.12562814070351758
