patient_id,ecg_id,lead,bpm,ibi,sdnn,sdsd,rmssd,pnn20,pnn50,hr_mad,sd1,sd2,s,sd1/sd2,breathingrate
10374.0,14779,0,80.53691275167785,745.0,72.74384280931731,27.386127875258307,48.47679857416329,0.5,0.25,65.0,34.278273002005214,95.78622030334002,10315.061994311705,0.35786225715401726,0.2237136465324385
10374.0,14779,1,78.53403141361257,764.0,63.43500610861482,18.856180831641268,41.23105625617661,0.7777777777777778,0.1111111111111111,50.0,28.63133050383361,88.31760866327843,7943.99028337603,0.32418597986494424,0.13089005235602094
10374.0,14779,2,83.04498269896193,722.5,48.153400710645556,0.0,80.0,1.0,1.0,40.0,0.0,0.0,0.0,nan,0.3460207612456747
10374.0,14779,3,nan,nan,nan,--,nan,nan,nan,nan,nan,nan,nan,nan,nan
10374.0,14779,4,79.51807228915663,754.5454545454545,79.35691942834617,58.01234436536272,75.86537784494028,0.6666666666666666,0.1111111111111111,50.0,50.783977253450836,88.74293572997965,14158.276023238488,0.5722593785715239,0.12048192771084336
10374.0,14779,5,85.1063829787234,705.0,65.3834841531101,--,nan,nan,nan,30.0,nan,nan,nan,nan,0.3546099290780142
10374.0,14779,6,78.83211678832117,761.1111111111111,66.23937138128392,19.84313483298443,42.42640687119285,0.75,0.125,60.0,28.668362352949284,91.24143795447326,8217.597751182197,0.3142033159018596,0.145985401459854
10374.0,14779,7,78.53403141361257,764.0,64.21837743200929,22.662308949301266,41.23105625617661,0.5555555555555556,0.1111111111111111,55.0,28.63133050383361,89.566858950296,8056.35782017618,0.31966433611032635,0.13089005235602094
10374.0,14779,8,78.53403141361257,764.0,63.43500610861482,18.856180831641268,41.23105625617661,0.7777777777777778,0.1111111111111111,50.0,28.63133050383361,88.31760866327843,7943.99028337603,0.32418597986494424,0.13089005235602094
10374.0,14779,9,76.36363636363637,785.7142857142857,59.005361223038236,8.0,34.92849839314596,0.8,0.0,30.0,24.331050121192877,74.3505211817644,5683.223600431307,0.32724787579781534,0.18181818181818182
10374.0,14779,10,78.53403141361257,764.0,62.960304954788775,20.06163342807532,39.86086914367133,0.5555555555555556,0.1111111111111111,55.0,27.64412289916606,87.87617550976042,7631.744727833744,0.3145804051986266,0.13089005235602094
10374.0,14779,11,78.53403141361257,764.0,63.43500610861482,18.856180831641268,41.23105625617661,0.7777777777777778,0.1111111111111111,50.0,28.63133050383361,88.31760866327843,7943.99028337603,0.32418597986494424,0.13089005235602094
