patient_id,ecg_id,lead,bpm,ibi,sdnn,sdsd,rmssd,pnn20,pnn50,hr_mad,sd1,sd2,s,sd1/sd2,breathingrate
12942.0,14783,0,80.83832335329342,742.2222222222222,9.162456945817024,6.614378277661476,10.0,0.0,0.0,10.0,6.846531968814576,9.842509842514756,211.7026872713605,0.6956083436402529,0.29940119760479045
12942.0,14783,1,80.8080808080808,742.5,9.242113755341181,8.528028654224418,13.142574813455418,0.0,0.0,10.0,9.2709445701687,9.706434774573905,282.7050703573625,0.9551338658818399,0.1122334455667789
12942.0,14783,2,nan,nan,nan,--,nan,nan,nan,nan,nan,nan,nan,nan,nan
12942.0,14783,3,80.86253369272237,742.0,7.483314773547883,6.959705453537527,7.905694150420948,0.0,0.0,10.0,5.519850541454904,9.960860906568248,172.7325033088388,0.554153962516943,0.2695417789757412
12942.0,14783,4,80.75370121130551,743.0,10.04987562112089,7.856742013183862,14.52966314513558,0.0,0.0,5.0,10.243938285880985,10.599324460188273,341.11044097293455,0.9664708656063752,0.4037685060565276
12942.0,14783,5,80.8080808080808,742.5,9.242113755341181,8.528028654224418,13.142574813455418,0.0,0.0,10.0,9.2709445701687,9.706434774573905,282.7050703573625,0.9551338658818399,0.1122334455667789
12942.0,14783,6,nan,nan,nan,--,nan,nan,nan,nan,nan,nan,nan,nan,nan
12942.0,14783,7,nan,nan,nan,--,nan,nan,nan,nan,nan,nan,nan,nan,nan
12942.0,14783,8,80.8080808080808,742.5,8.2915619758885,9.875254992000196,11.281521496355325,0.09090909090909091,0.0,5.0,7.977240352174656,9.22626505917472,231.2216400574228,0.8646229325746482,0.2244668911335578
12942.0,14783,9,80.8080808080808,742.5,9.242113755341181,7.385489458759964,12.431631210161221,0.0,0.0,10.0,8.766955237266322,10.163945352271766,279.93743771419577,0.8625543461139134,0.1122334455667789
12942.0,14783,10,80.88235294117646,741.8181818181819,9.359663764533636,8.306623862918075,12.24744871391589,0.0,0.0,10.0,8.631338250816034,10.124228365658281,274.53008324738914,0.8525428249024706,0.12254901960784313
12942.0,14783,11,80.8080808080808,742.5,9.242113755341181,8.528028654224418,13.142574813455418,0.0,0.0,10.0,9.2709445701687,9.706434774573905,282.7050703573625,0.9551338658818399,0.1122334455667789
