patient_id,ecg_id,lead,bpm,ibi,sdnn,sdsd,rmssd,pnn20,pnn50,hr_mad,sd1,sd2,s,sd1/sd2,breathingrate
14269.0,14796,0,59.74395448079658,1004.2857142857143,19.1662969499982,20.548046676563256,31.09126351029605,0.5,0.0,10.0,21.473497877875204,15.275252316519449,1030.4835395951084,1.4057704208690975,0.14224751066856328
14269.0,14796,1,59.74395448079658,1004.2857142857143,19.1662969499982,20.548046676563256,31.09126351029605,0.5,0.0,10.0,21.473497877875204,15.275252316519449,1030.4835395951084,1.4057704208690975,0.14224751066856328
14269.0,14796,2,59.74395448079658,1004.2857142857143,19.1662969499982,20.548046676563256,31.09126351029605,0.5,0.0,10.0,21.473497877875204,15.275252316519449,1030.4835395951084,1.4057704208690975,0.14224751066856328
14269.0,14796,3,nan,nan,nan,--,nan,nan,nan,nan,nan,nan,nan,nan,nan
14269.0,14796,4,705.8823529411765,85.0,35.0,0.0,70.0,1.0,1.0,35.0,0.0,0.0,0.0,nan,nan
14269.0,14796,5,59.74395448079658,1004.2857142857143,19.1662969499982,20.548046676563256,31.09126351029605,0.5,0.0,10.0,21.473497877875204,15.275252316519449,1030.4835395951084,1.4057704208690975,0.14224751066856328
14269.0,14796,6,59.74395448079658,1004.2857142857143,19.1662969499982,20.548046676563256,31.09126351029605,0.5,0.0,10.0,21.473497877875204,15.275252316519449,1030.4835395951084,1.4057704208690975,0.14224751066856328
14269.0,14796,7,59.74395448079658,1004.2857142857143,19.897697538834453,18.856180831641264,30.0,0.5,0.0,0.0,20.682789409984757,18.257418583505512,1186.3104481604253,1.1328430311977633,0.14224751066856328
14269.0,14796,8,59.74395448079658,1004.2857142857143,19.1662969499982,20.548046676563256,31.09126351029605,0.5,0.0,10.0,21.473497877875204,15.275252316519449,1030.4835395951084,1.4057704208690975,0.14224751066856328
14269.0,14796,9,59.74395448079658,1004.2857142857143,19.1662969499982,20.548046676563256,31.09126351029605,0.5,0.0,10.0,21.473497877875204,15.275252316519449,1030.4835395951084,1.4057704208690975,0.14224751066856328
14269.0,14796,10,59.74395448079658,1004.2857142857143,19.1662969499982,20.548046676563256,31.09126351029605,0.5,0.0,10.0,21.473497877875204,15.275252316519449,1030.4835395951084,1.4057704208690975,0.14224751066856328
14269.0,14796,11,59.74395448079658,1004.2857142857143,19.1662969499982,20.548046676563256,31.09126351029605,0.5,0.0,10.0,21.473497877875204,15.275252316519449,1030.4835395951084,1.4057704208690975,0.14224751066856328
