patient_id,ecg_id,lead,bpm,ibi,sdnn,sdsd,rmssd,pnn20,pnn50,hr_mad,sd1,sd2,s,sd1/sd2,breathingrate
1328.0,14947,0,54.54545454545455,1100.0,14.142135623730951,5.773502691896258,11.547005383792516,0.0,0.0,10.0,6.666666666666666,16.329931618554554,342.0132880431644,0.4082482904638622,0.12987012987012986
1328.0,14947,1,54.54545454545455,1100.0,14.142135623730951,6.871842709362768,13.5400640077266,0.0,0.0,10.0,8.897565210026093,17.037540250217432,476.24227827854827,0.5222329678670923,0.2597402597402597
1328.0,14947,2,204.54545454545456,293.3333333333333,197.03355608175534,0.0,330.0,1.0,1.0,140.0,0.0,0.0,0.0,nan,nan
1328.0,14947,3,nan,nan,nan,--,nan,nan,nan,nan,nan,nan,nan,nan,nan
1328.0,14947,4,54.33376455368694,1104.2857142857142,17.61261143705422,6.324555320336759,11.832159566199232,0.0,0.0,10.0,4.472135954999579,23.065125189341618,324.056462406771,0.19389168358237008,0.129366106080207
1328.0,14947,5,54.628224582701066,1098.3333333333333,12.1335164821342,8.0,10.0,0.0,0.0,10.0,5.65685424949238,14.42220510185597,256.30467591062575,0.39223227027636764,0.15174506828528073
1328.0,14947,6,54.628224582701066,1098.3333333333333,12.1335164821342,8.0,10.0,0.0,0.0,10.0,5.65685424949238,14.42220510185597,256.30467591062575,0.39223227027636764,0.15174506828528073
1328.0,14947,7,54.711246200607896,1096.6666666666667,12.472191289246473,6.324555320336759,11.832159566199232,0.0,0.0,10.0,7.211102550927977,14.560219778561047,329.8522683226677,0.49526055654364814,0.1519756838905775
1328.0,14947,8,54.54545454545455,1100.0,14.142135623730951,6.871842709362768,13.5400640077266,0.0,0.0,10.0,8.897565210026093,17.037540250217432,476.24227827854827,0.5222329678670923,0.2597402597402597
1328.0,14947,9,54.4464609800363,1102.0,22.271057451320086,8.16496580927726,12.909944487358056,0.0,0.0,20.0,5.773502691896257,14.529663145135599,263.5389377518429,0.3973597071195126,0.18148820326678766
1328.0,14947,10,54.4464609800363,1102.0,22.271057451320086,8.16496580927726,12.909944487358056,0.0,0.0,20.0,5.773502691896257,14.529663145135599,263.5389377518429,0.3973597071195126,0.18148820326678766
1328.0,14947,11,54.4464609800363,1102.0,22.271057451320086,8.16496580927726,12.909944487358056,0.0,0.0,20.0,5.773502691896257,14.529663145135599,263.5389377518429,0.3973597071195126,0.18148820326678766
