patient_id,ecg_id,lead,bpm,ibi,sdnn,sdsd,rmssd,pnn20,pnn50,hr_mad,sd1,sd2,s,sd1/sd2,breathingrate
13574.0,15184,0,71.14624505928853,843.3333333333334,6.666666666666667,5.994789404140899,10.606601717798213,0.0,0.0,10.0,7.447734554883114,6.059599821770407,141.78099060141975,1.2290802650243564,0.2635046113306983
13574.0,15184,1,666.6666666666666,90.0,0.0,--,nan,nan,nan,0.0,nan,nan,nan,nan,nan
13574.0,15184,2,nan,nan,nan,--,nan,nan,nan,nan,nan,nan,nan,nan,nan
13574.0,15184,3,nan,nan,nan,--,nan,nan,nan,nan,nan,nan,nan,nan,nan
13574.0,15184,4,71.2871287128713,841.6666666666666,6.871842709362768,0.0,10.0,0.0,0.0,5.0,6.928203230275508,6.928203230275455,150.79644737230885,1.0000000000000078,0.19801980198019803
13574.0,15184,5,nan,nan,nan,--,nan,nan,nan,nan,nan,nan,nan,nan,nan
13574.0,15184,6,71.2401055408971,842.2222222222222,4.15739709641549,4.841229182759271,6.123724356957945,0.0,0.0,0.0,4.238956239453292,3.423265984407316,45.587885685501384,1.2382783747337704,0.2638522427440633
13574.0,15184,7,71.2401055408971,842.2222222222222,4.15739709641549,5.0,7.0710678118654755,0.0,0.0,0.0,5.0,3.535533905932766,55.53603672698002,1.4142135623730836,0.13192612137203166
13574.0,15184,8,71.11111111111111,843.75,6.959705453537527,6.871842709362768,10.801234497346433,0.0,0.0,5.0,7.54615428178118,6.770032003863295,160.4967618387159,1.1146408580454263,0.14814814814814814
13574.0,15184,9,71.21661721068249,842.5,6.614378277661476,6.3887656499993986,10.690449676496975,0.0,0.0,5.0,7.5592894601845435,6.388765649999395,151.72173701744356,1.1832159566199238,0.14836795252225518
13574.0,15184,10,71.09004739336493,844.0,6.6332495807108,6.285393610547089,10.0,0.0,0.0,5.0,7.027283689263064,6.478835438717004,143.03236116778194,1.0846522890932802,0.23696682464454977
13574.0,15184,11,71.14624505928853,843.3333333333334,6.666666666666667,3.499271061118826,9.258200997725515,0.0,0.0,10.0,6.22699849077239,5.890150893739491,115.22721196463173,1.057188279741853,0.2635046113306983
