patient_id,ecg_id,lead,bpm,ibi,sdnn,sdsd,rmssd,pnn20,pnn50,hr_mad,sd1,sd2,s,sd1/sd2,breathingrate
20875.0,15211,0,66.29834254143647,905.0,12.583057392117917,8.94427190999916,21.908902300206645,0.4,0.0,15.0,15.231546211727816,9.380831519646861,448.88511164065176,1.6236882817719769,0.1841620626151013
20875.0,15211,1,66.07929515418502,908.0,7.483314773547883,4.330127018922194,8.660254037844387,0.0,0.0,10.0,5.863019699779286,7.705517503711283,141.929619161021,0.7608859102526758,0.22026431718061673
20875.0,15211,2,nan,nan,nan,--,nan,nan,nan,nan,nan,nan,nan,nan,nan
20875.0,15211,3,575.3424657534247,104.28571428571429,170.2818791514439,215.0,325.96012026013244,1.0,0.5,10.0,152.0279579551077,180.3122292025696,86118.90861653019,0.8431372549019608,1.36986301369863
20875.0,15211,4,66.29834254143647,905.0,12.583057392117917,8.94427190999916,21.908902300206645,0.4,0.0,15.0,15.231546211727816,9.380831519646861,448.88511164065176,1.6236882817719769,0.1841620626151013
20875.0,15211,5,nan,nan,nan,--,nan,nan,nan,nan,nan,nan,nan,nan,nan
20875.0,15211,6,69.76744186046511,860.0,110.84094137869042,104.66878978738387,124.09673645990857,0.5,0.16666666666666666,10.0,79.23242882669808,87.90777996160392,21881.654392283544,0.9013130448898262,0.1661129568106312
20875.0,15211,7,100.0,600.0,0.0,--,nan,nan,nan,0.0,nan,nan,nan,nan,nan
20875.0,15211,8,66.29834254143647,905.0,12.583057392117917,8.94427190999916,21.908902300206645,0.4,0.0,15.0,15.231546211727816,9.380831519646861,448.88511164065176,1.6236882817719769,0.1841620626151013
20875.0,15211,9,66.29834254143647,905.0,12.583057392117917,8.94427190999916,21.908902300206645,0.4,0.0,15.0,15.231546211727816,9.380831519646861,448.88511164065176,1.6236882817719769,0.1841620626151013
20875.0,15211,10,66.29834254143647,905.0,12.583057392117917,8.94427190999916,21.908902300206645,0.4,0.0,15.0,15.231546211727816,9.380831519646861,448.88511164065176,1.6236882817719769,0.1841620626151013
20875.0,15211,11,66.29834254143647,905.0,9.574271077563381,6.324555320336759,11.832159566199232,0.0,0.0,5.0,7.211102550927977,7.745966692414896,175.47981573787703,0.9309493362512551,0.1841620626151013
