patient_id,ecg_id,lead,bpm,ibi,sdnn,sdsd,rmssd,pnn20,pnn50,hr_mad,sd1,sd2,s,sd1/sd2,breathingrate
19559.0,15230,0,65.21739130434783,920.0,130.63945294843617,80.0,252.98221281347034,1.0,1.0,160.0,169.70562748477138,56.568542494923804,30159.28947446201,2.9999999999999996,nan
19559.0,15230,1,58.608058608058606,1023.75,224.3288601584736,168.75292892393946,385.9866763059501,0.8571428571428571,0.8571428571428571,245.0,271.7629519283604,159.1879905223086,135909.69081905144,1.7071825018751998,0.12210012210012211
19559.0,15230,2,nan,nan,nan,--,nan,nan,nan,nan,nan,nan,nan,nan,nan
19559.0,15230,3,666.6666666666666,90.0,0.0,--,nan,nan,nan,0.0,nan,nan,nan,nan,nan
19559.0,15230,4,nan,nan,nan,--,nan,nan,nan,nan,nan,nan,nan,nan,nan
19559.0,15230,5,80.0,750.0,0.0,--,nan,nan,nan,0.0,nan,nan,nan,nan,nan
19559.0,15230,6,50.42016806722689,1190.0,163.91054470858995,0.0,320.0,1.0,1.0,50.0,0.0,0.0,0.0,nan,nan
19559.0,15230,7,nan,nan,nan,--,nan,nan,nan,nan,nan,nan,nan,nan,nan
19559.0,15230,8,nan,nan,nan,--,nan,nan,nan,nan,nan,nan,nan,nan,nan
19559.0,15230,9,50.70422535211268,1183.3333333333333,165.79773487261184,0.0,330.0,1.0,1.0,40.0,0.0,0.0,0.0,nan,nan
19559.0,15230,10,58.608058608058606,1023.75,222.14508209726364,156.20499351813308,383.275357934736,1.0,0.8571428571428571,235.0,270.0188957862628,157.60969616914636,133698.63134011714,1.7132124631245984,0.12210012210012211
19559.0,15230,11,58.608058608058606,1023.75,224.3288601584736,168.75292892393946,385.9866763059501,0.8571428571428571,0.8571428571428571,245.0,271.7629519283604,159.1879905223086,135909.69081905144,1.7071825018751998,0.12210012210012211
