patient_id,ecg_id,lead,bpm,ibi,sdnn,sdsd,rmssd,pnn20,pnn50,hr_mad,sd1,sd2,s,sd1/sd2,breathingrate
17089.0,15231,0,79.42238267148014,755.4545454545455,13.047909176733931,4.0,8.94427190999916,0.0,0.0,10.0,5.65685424949238,15.811388300841932,280.9925892416297,0.3577708763999655,0.24067388688327315
17089.0,15231,1,79.26023778071334,757.0,12.68857754044952,4.714045207910317,8.16496580927726,0.0,0.0,10.0,4.843221048378526,15.275252316519497,232.41949669116946,0.3170632437371133,0.1321003963011889
17089.0,15231,2,79.24528301886792,757.1428571428571,14.846149779161806,4.898979485566356,7.745966692414834,0.0,0.0,10.0,5.2915026221291805,21.26029162546931,353.4256828531099,0.24889134708717212,0.18867924528301888
17089.0,15231,3,nan,nan,nan,--,nan,nan,nan,nan,nan,nan,nan,nan,nan
17089.0,15231,4,79.42238267148014,755.4545454545455,13.047909176733931,4.898979485566356,7.745966692414834,0.0,0.0,10.0,4.690415759823429,16.12451549659711,237.6007937154907,0.2908872369413696,0.12033694344163658
17089.0,15231,5,79.07742998352553,758.75,13.635890143294644,4.714045207910317,8.16496580927726,0.0,0.0,10.0,3.333333333333333,13.944333775567944,146.02472182842757,0.2390457218668784,0.16474464579901152
17089.0,15231,6,79.42238267148014,755.4545454545455,13.047909176733931,4.0,8.94427190999916,0.0,0.0,10.0,5.65685424949238,15.811388300841932,280.9925892416297,0.3577708763999655,0.24067388688327315
17089.0,15231,7,79.33884297520662,756.25,13.169567191065923,4.0,8.94427190999916,0.0,0.0,10.0,6.324555320336758,12.328828005937986,244.96366007761966,0.5129891760425757,0.1652892561983471
17089.0,15231,8,79.42238267148014,755.4545454545455,13.047909176733931,4.898979485566356,7.745966692414834,0.0,0.0,10.0,4.690415759823429,16.12451549659711,237.6007937154907,0.2908872369413696,0.24067388688327315
17089.0,15231,9,79.42238267148014,755.4545454545455,13.047909176733931,4.0,8.94427190999916,0.0,0.0,10.0,5.65685424949238,15.811388300841932,280.9925892416297,0.3577708763999655,0.24067388688327315
17089.0,15231,10,79.42238267148014,755.4545454545455,13.047909176733931,4.898979485566356,7.745966692414834,0.0,0.0,10.0,4.690415759823429,16.12451549659711,237.6007937154907,0.2908872369413696,0.24067388688327315
17089.0,15231,11,79.42238267148014,755.4545454545455,13.047909176733931,4.898979485566356,7.745966692414834,0.0,0.0,10.0,4.690415759823429,16.12451549659711,237.6007937154907,0.2908872369413696,0.24067388688327315
