patient_id,ecg_id,lead,bpm,ibi,sdnn,sdsd,rmssd,pnn20,pnn50,hr_mad,sd1,sd2,s,sd1/sd2,breathingrate
14145.0,15413,0,nan,nan,nan,--,nan,nan,nan,nan,nan,nan,nan,nan,nan
14145.0,15413,1,64.2570281124498,933.75,12.183492931011205,8.80630571852711,15.583874449479593,0.14285714285714285,0.0,5.0,10.594569267279518,11.338934190276808,377.4030556708769,0.9343531843023142,0.13386880856760375
14145.0,15413,2,nan,nan,nan,--,nan,nan,nan,nan,nan,nan,nan,nan,nan
14145.0,15413,3,nan,nan,nan,--,nan,nan,nan,nan,nan,nan,nan,nan,nan
14145.0,15413,4,64.2570281124498,933.75,14.086784586980807,12.777531299998799,18.126539343499314,0.2857142857142857,0.0,10.0,12.45399698154478,14.142135623730967,553.3165070118116,0.8806305718527098,0.13386880856760375
14145.0,15413,5,nan,nan,nan,--,nan,nan,nan,nan,nan,nan,nan,nan,nan
14145.0,15413,6,64.2570281124498,933.75,12.183492931011205,8.80630571852711,15.583874449479593,0.14285714285714285,0.0,5.0,10.594569267279518,11.338934190276808,377.4030556708769,0.9343531843023142,0.13386880856760375
14145.0,15413,7,64.2570281124498,933.75,13.169567191065923,11.605769149479944,17.320508075688775,0.2857142857142857,0.0,10.0,11.866605518454392,12.535663410560185,467.33004239569664,0.9466276438515276,0.13386880856760375
14145.0,15413,8,64.2570281124498,933.75,14.086784586980807,12.777531299998799,18.126539343499314,0.2857142857142857,0.0,10.0,12.45399698154478,14.142135623730967,553.3165070118116,0.8806305718527098,0.13386880856760375
14145.0,15413,9,64.1711229946524,935.0,14.142135623730951,9.035079029052513,16.903085094570333,0.14285714285714285,0.0,15.0,11.24858267715973,13.850513878332375,489.4558957921041,0.812141901446481,0.1336898395721925
14145.0,15413,10,64.28571428571428,933.3333333333334,13.333333333333332,11.110243021644486,19.685019685029527,0.125,0.0,10.0,13.891319231808042,10.26979795322184,448.18288091750185,1.3526380260918434,0.11904761904761904
14145.0,15413,11,64.28571428571428,933.3333333333334,13.333333333333332,11.110243021644486,19.685019685029527,0.125,0.0,10.0,13.891319231808042,10.26979795322184,448.18288091750185,1.3526380260918434,0.11904761904761904
