patient_id,ecg_id,lead,bpm,ibi,sdnn,sdsd,rmssd,pnn20,pnn50,hr_mad,sd1,sd2,s,sd1/sd2,breathingrate
8198.0,15495,0,73.87140902872777,812.2222222222222,9.162456945817024,8.569568250501305,16.20185174601965,0.125,0.0,10.0,11.422291801560664,7.01560760020115,251.74938213661102,1.6281258092646411,0.27359781121751026
8198.0,15495,1,73.87140902872777,812.2222222222222,7.856742013183861,10.532687216470448,13.693063937629153,0.125,0.0,0.0,9.642030387838444,6.059599821770406,183.55334897111953,1.5911991998543191,0.27359781121751026
8198.0,15495,2,nan,nan,nan,--,nan,nan,nan,nan,nan,nan,nan,nan,nan
8198.0,15495,3,nan,nan,nan,--,nan,nan,nan,nan,nan,nan,nan,nan,nan
8198.0,15495,4,73.84615384615384,812.5,9.682458365518542,9.035079029052513,18.126539343499314,0.14285714285714285,0.0,10.0,12.777531299998795,6.388765649999394,256.4565431501869,2.0000000000000013,0.15384615384615385
8198.0,15495,5,73.87140902872777,812.2222222222222,7.856742013183861,10.532687216470448,13.693063937629153,0.125,0.0,0.0,9.642030387838444,6.059599821770406,183.55334897111953,1.5911991998543191,0.27359781121751026
8198.0,15495,6,73.80073800738008,813.0,7.810249675906654,9.428090415820634,13.743685418725535,0.1111111111111111,0.0,0.0,9.686442096757052,5.879447357921316,178.91661197275178,1.647508942095827,0.24600246002460022
8198.0,15495,7,74.07407407407408,810.0,8.16496580927726,--,nan,nan,nan,10.0,nan,nan,nan,nan,nan
8198.0,15495,8,73.84615384615384,812.5,10.897247358851684,6.3887656499993986,22.360679774997898,0.2857142857142857,0.0,10.0,15.77908716741037,3.4992710611188538,173.4639905714707,4.509249752822858,0.15384615384615385
8198.0,15495,9,73.52941176470588,816.0,10.198039027185569,8.16496580927726,21.602468994692867,0.3333333333333333,0.0,10.0,15.275252316519465,3.33333333333336,159.9620681976947,4.5825756949558025,0.24509803921568626
8198.0,15495,10,73.87140902872777,812.2222222222222,9.162456945817024,8.569568250501305,16.20185174601965,0.125,0.0,10.0,11.422291801560664,7.01560760020115,251.74938213661102,1.6281258092646411,0.27359781121751026
8198.0,15495,11,73.87140902872777,812.2222222222222,7.856742013183861,10.532687216470448,13.693063937629153,0.125,0.0,0.0,9.642030387838444,6.059599821770406,183.55334897111953,1.5911991998543191,0.27359781121751026
