patient_id,ecg_id,lead,bpm,ibi,sdnn,sdsd,rmssd,pnn20,pnn50,hr_mad,sd1,sd2,s,sd1/sd2,breathingrate
10540.0,15568,0,70.28753993610223,853.6363636363636,8.813963377120599,6.4031242374328485,9.486832980505138,0.0,0.0,10.0,6.670832032063166,10.977249200050073,230.05061660369742,0.6076961459554673,0.21299254526091585
10540.0,15568,1,70.48458149779735,851.25,9.270248108869579,4.714045207910317,8.16496580927726,0.0,0.0,5.0,5.773502691896257,7.81735959970578,141.79121871936601,0.7385489458759903,0.14684287812041114
10540.0,15568,2,nan,nan,nan,--,nan,nan,nan,nan,nan,nan,nan,nan,nan
10540.0,15568,3,nan,nan,nan,--,nan,nan,nan,nan,nan,nan,nan,nan,nan
10540.0,15568,4,70.28753993610223,853.6363636363636,8.813963377120599,6.6332495807108,8.94427190999916,0.0,0.0,10.0,6.164414002968976,10.099504938362077,195.5877978265064,0.6103679378930738,0.21299254526091585
10540.0,15568,5,70.3125,853.3333333333334,4.714045207910317,4.330127018922194,5.0,0.0,0.0,0.0,3.061862178478972,5.863019699779249,56.39711190140653,0.5222329678670968,0.1953125
10540.0,15568,6,nan,nan,nan,--,nan,nan,nan,nan,nan,nan,nan,nan,nan
10540.0,15568,7,70.35175879396985,852.8571428571429,6.998542122237652,8.0,10.0,0.0,0.0,10.0,6.928203230275509,5.656854249492347,123.12478369553821,1.2247448713915963,0.16750418760469013
10540.0,15568,8,70.4225352112676,852.0,9.797958971132712,10.304020550550783,12.909944487358056,0.1111111111111111,0.0,5.0,9.09483641319161,11.055415967851287,315.8783439397743,0.8226589066968656,0.2347417840375587
10540.0,15568,9,70.70707070707071,848.5714285714286,6.388765649999399,4.714045207910317,8.16496580927726,0.0,0.0,0.0,5.773502691896257,7.81735959970578,141.79121871936601,0.7385489458759903,0.16835016835016833
10540.0,15568,10,70.49608355091384,851.1111111111111,8.748897637790902,7.0710678118654755,12.24744871391589,0.0,0.0,0.0,8.660254037844386,9.842509842514772,267.78507142233485,0.8798826901281189,0.13054830287206265
10540.0,15568,11,70.48458149779735,851.25,9.270248108869579,6.3887656499993986,10.690449676496975,0.0,0.0,5.0,7.284313590846835,9.258200997725538,211.86787555691728,0.7867957924694411,0.14684287812041114
