patient_id,ecg_id,lead,bpm,ibi,sdnn,sdsd,rmssd,pnn20,pnn50,hr_mad,sd1,sd2,s,sd1/sd2,breathingrate
15126.0,15638,0,67.6328502415459,887.1428571428571,43.33071682315172,30.77697552103231,68.92024376045111,1.0,0.5,30.0,48.03066150329853,32.25333746727266,4866.795539450375,1.4891687271754455,0.1610305958132045
15126.0,15638,1,66.39004149377594,903.75,55.43859215384171,26.572964625340397,59.16079783099616,0.7142857142857143,0.5714285714285714,30.0,39.71839649845098,56.6586629001484,7069.812581443993,0.7010118923640704,0.1383125864453665
15126.0,15638,2,66.24605678233439,905.7142857142857,61.61102472242236,33.54101966249684,64.42049363362563,0.6666666666666666,0.5,50.0,39.66876745137301,60.24256523975943,7507.615738300864,0.6584840352248489,0.15772870662460567
15126.0,15638,3,nan,nan,nan,--,nan,nan,nan,nan,nan,nan,nan,nan,nan
15126.0,15638,4,66.39004149377594,903.75,59.77823600609172,28.499910490371434,67.71790225423618,1.0,0.5714285714285714,40.0,46.047889889389126,61.72685057276656,8929.635370333257,0.7459944815280293,0.1383125864453665
15126.0,15638,5,66.39004149377594,903.75,57.86568499551353,31.102201510110344,63.80774695464942,0.7142857142857143,0.5714285714285714,35.0,43.16555694210893,59.607560128643065,8083.297574450732,0.7241624526981217,0.1383125864453665
15126.0,15638,6,60.91370558375635,985.0,35.0,0.0,70.0,1.0,1.0,35.0,0.0,0.0,0.0,nan,nan
15126.0,15638,7,66.39004149377594,903.75,58.93587617063142,26.41891715558133,64.25396041156863,1.0,0.5714285714285714,35.0,43.49524956468093,61.72685057276656,8434.625775192053,0.7046406735656577,0.1383125864453665
15126.0,15638,8,nan,nan,nan,--,nan,nan,nan,nan,nan,nan,nan,nan,nan
15126.0,15638,9,68.27880512091038,878.75,38.54785986277319,25.314350209527646,54.772255750516614,0.7142857142857143,0.2857142857142857,30.0,36.7839805416678,28.749445424997237,3322.294050541151,1.279467481820872,0.28449502133712656
15126.0,15638,10,66.39004149377594,903.75,57.86568499551353,31.102201510110344,63.80774695464942,0.7142857142857143,0.5714285714285714,35.0,43.16555694210893,59.607560128643065,8083.297574450732,0.7241624526981217,0.1383125864453665
15126.0,15638,11,66.39004149377594,903.75,55.43859215384171,26.572964625340397,59.16079783099616,0.7142857142857143,0.5714285714285714,30.0,39.71839649845098,56.6586629001484,7069.812581443993,0.7010118923640704,0.1383125864453665
