patient_id,ecg_id,lead,bpm,ibi,sdnn,sdsd,rmssd,pnn20,pnn50,hr_mad,sd1,sd2,s,sd1/sd2,breathingrate
20597.0,15681,0,70.86614173228347,846.6666666666666,124.32037465981011,114.12712210513327,162.0185174601965,0.75,0.75,20.0,99.62429422585637,110.34038245356956,34534.217137701045,0.90288153811482,0.19685039370078738
20597.0,15681,1,63.1578947368421,950.0,188.3006714197877,140.31710119899458,266.5833203084294,1.0,0.8333333333333334,70.0,184.69193569593423,196.24248039380032,113865.15198832074,0.9411414660338191,0.15037593984962405
20597.0,15681,2,70.72691552062868,848.3333333333334,128.76550607812464,114.12712210513327,169.26310879810757,1.0,0.75,20.0,103.50120772242224,114.78240283248996,37322.48929140945,0.9017166845119006,0.19646365422396858
20597.0,15681,3,71.42857142857143,840.0,0.0,--,nan,nan,nan,0.0,nan,nan,nan,nan,nan
20597.0,15681,4,75.47169811320755,795.0,25.0,--,nan,nan,nan,25.0,nan,nan,nan,nan,nan
20597.0,15681,5,63.1578947368421,950.0,188.3006714197877,140.31710119899458,266.5833203084294,1.0,0.8333333333333334,70.0,184.69193569593423,196.24248039380032,113865.15198832074,0.9411414660338191,0.15037593984962405
20597.0,15681,6,54.54545454545455,1100.0,30.0,--,nan,nan,nan,30.0,nan,nan,nan,nan,nan
20597.0,15681,7,70.72691552062868,848.3333333333334,128.76550607812464,114.12712210513327,169.26310879810757,1.0,0.75,20.0,103.50120772242224,114.78240283248996,37322.48929140945,0.9017166845119006,0.19646365422396858
20597.0,15681,8,70.86614173228347,846.6666666666666,124.72191289246472,110.22703842524301,162.94170736800322,1.0,0.75,25.0,98.29801625668748,110.34038245356956,34074.47012791655,0.8908616598102745,0.19685039370078738
20597.0,15681,9,63.1578947368421,950.0,188.3006714197877,140.31710119899458,266.5833203084294,1.0,0.8333333333333334,70.0,184.69193569593423,196.24248039380032,113865.15198832074,0.9411414660338191,0.15037593984962405
20597.0,15681,10,63.1578947368421,950.0,188.3006714197877,140.31710119899458,266.5833203084294,1.0,0.8333333333333334,70.0,184.69193569593423,196.24248039380032,113865.15198832074,0.9411414660338191,0.15037593984962405
20597.0,15681,11,63.1578947368421,950.0,188.3006714197877,140.31710119899458,266.5833203084294,1.0,0.8333333333333334,70.0,184.69193569593423,196.24248039380032,113865.15198832074,0.9411414660338191,0.15037593984962405
