patient_id,ecg_id,lead,bpm,ibi,sdnn,sdsd,rmssd,pnn20,pnn50,hr_mad,sd1,sd2,s,sd1/sd2,breathingrate
6200.0,15768,0,78.3744557329463,765.5555555555555,12.570787221094179,11.989578808281799,17.320508075688775,0.25,0.0,10.0,12.11919964354082,10.606601717798176,403.83138990316706,1.1426091000668446,0.29027576197387517
6200.0,15768,1,78.3289817232376,766.0,13.564659966250536,8.16496580927726,18.55921454276674,0.2222222222222222,0.0,10.0,12.909944487358056,12.52158629953847,507.84782703031453,1.031015094935208,0.2610966057441253
6200.0,15768,2,nan,nan,nan,--,nan,nan,nan,nan,nan,nan,nan,nan,nan
6200.0,15768,3,nan,nan,nan,--,nan,nan,nan,nan,nan,nan,nan,nan,nan
6200.0,15768,4,78.3744557329463,765.5555555555555,12.570787221094179,11.989578808281799,17.320508075688775,0.25,0.0,10.0,12.11919964354082,10.606601717798176,403.83138990316706,1.1426091000668446,0.29027576197387517
6200.0,15768,5,nan,nan,nan,--,nan,nan,nan,nan,nan,nan,nan,nan,nan
6200.0,15768,6,78.57142857142857,763.6363636363636,14.937887931959077,9.219544457292887,17.60681686165901,0.2,0.0,10.0,12.267844146385295,16.568041525780853,638.5417483758613,0.7404522814175595,0.3571428571428571
6200.0,15768,7,78.3289817232376,766.0,12.806248474865697,10.657403385139377,17.950549357115012,0.2222222222222222,0.0,5.0,12.47219128924647,11.111111111111075,435.3616058718133,1.122497216032186,0.39164490861618795
6200.0,15768,8,nan,nan,nan,--,nan,nan,nan,nan,nan,nan,nan,nan,nan
6200.0,15768,9,80.0,750.0,0.0,--,nan,nan,nan,0.0,nan,nan,nan,nan,nan
6200.0,15768,10,78.57142857142857,763.6363636363636,14.316377952748747,11.0,17.029386365926403,0.1,0.0,10.0,11.853269591129697,15.636495771111846,582.2740916332444,0.7580515330697307,0.3571428571428571
6200.0,15768,11,78.57142857142857,763.6363636363636,14.316377952748748,11.0,17.029386365926403,0.2,0.0,10.0,11.853269591129697,15.636495771111845,582.2740916332444,0.7580515330697308,0.3571428571428571
