patient_id,ecg_id,lead,bpm,ibi,sdnn,sdsd,rmssd,pnn20,pnn50,hr_mad,sd1,sd2,s,sd1/sd2,breathingrate
9836.0,15868,0,73.29842931937173,818.5714285714286,79.17946548886296,45.48351349665063,149.5827530165159,1.0,1.0,110.0,103.24424923452152,33.68048396326868,10924.311281476283,3.065402781834068,0.5235602094240838
9836.0,15868,1,72.63922518159806,826.0,43.634848458542855,49.6655480858378,70.47458170621992,0.3333333333333333,0.3333333333333333,10.0,42.55715111601234,31.797973380564898,4251.301065648614,1.3383604862699683,0.24213075060532688
9836.0,15868,2,70.35175879396985,852.8571428571429,4.5175395145262565,4.330127018922194,8.660254037844387,0.0,0.0,0.0,5.8630196997792865,3.0618621784789974,56.397111901407364,1.9148542155126607,0.16750418760469013
9836.0,15868,3,nan,nan,nan,--,nan,nan,nan,nan,nan,nan,nan,nan,nan
9836.0,15868,4,2842.1052631578946,21.11111111111111,25.141574442188357,10.0,70.71067811865476,1.0,1.0,0.0,49.49747468305832,7.0710678118654755,1099.5574287564275,6.999999999999999,5.2631578947368425
9836.0,15868,5,70.45009784735812,851.6666666666666,8.975274678557506,8.2915619758885,15.0,0.0,0.0,5.0,10.458250331675943,5.863019699779249,192.63280966534228,1.7837651700317008,0.19569471624266144
9836.0,15868,6,70.48458149779735,851.25,3.307189138830738,4.517539514526256,5.3452248382484875,0.0,0.0,0.0,3.7796447300922718,3.1943828249997255,37.930434254361224,1.1832159566199134,0.29368575624082227
9836.0,15868,7,71.30730050933786,841.4285714285714,29.48538205792899,33.44772040064913,40.311288741492746,0.25,0.25,0.0,23.651109910530625,25.67829823021768,1907.9528475832462,0.9210544132826721,0.16977928692699493
9836.0,15868,8,750.0,80.0,0.0,--,nan,nan,nan,0.0,nan,nan,nan,nan,3.125
9836.0,15868,9,70.46979865771812,851.4285714285714,3.499271061118826,4.0,4.47213595499958,0.0,0.0,0.0,2.82842712474619,2.828427124746213,25.132741228718547,0.9999999999999918,0.16778523489932887
9836.0,15868,10,69.76744186046511,860.0,20.0,12.133516482134196,30.822070014844883,0.5,0.0,10.0,21.762608095334322,20.982797186690263,1434.578100581399,1.0371642971004222,0.1661129568106312
9836.0,15868,11,nan,nan,nan,--,nan,nan,nan,nan,nan,nan,nan,nan,nan
