patient_id,ecg_id,lead,bpm,ibi,sdnn,sdsd,rmssd,pnn20,pnn50,hr_mad,sd1,sd2,s,sd1/sd2,breathingrate
18604.0,15944,0,80.0,750.0,8.94427190999916,6.285393610547089,10.0,0.0,0.0,5.0,7.027283689263065,10.772621905369624,237.82569593987353,0.652328073053442,0.26666666666666666
18604.0,15944,1,80.2919708029197,747.2727272727273,12.128785512842121,7.0,11.40175425099138,0.0,0.0,10.0,7.7781745930520225,13.435028842544407,328.29643230013346,0.5789473684210524,0.24330900243309
18604.0,15944,2,428.57142857142856,140.0,30.0,0.0,60.0,1.0,1.0,30.0,0.0,0.0,0.0,nan,nan
18604.0,15944,3,81.08108108108108,740.0,17.320508075688775,10.954451150103322,14.832396974191326,0.2,0.0,5.0,10.392304845413262,7.211102550927975,235.43087800141626,1.4411533842457849,0.16891891891891891
18604.0,15944,4,80.42895442359249,746.0,4.898979485566356,4.330127018922194,5.0,0.0,0.0,0.0,3.061862178478972,5.863019699779249,56.39711190140653,0.5222329678670968,0.2680965147453083
18604.0,15944,5,80.2919708029197,747.2727272727273,12.128785512842121,7.0,11.40175425099138,0.0,0.0,10.0,7.7781745930520225,13.435028842544407,328.29643230013346,0.5789473684210524,0.24330900243309
18604.0,15944,6,80.2919708029197,747.2727272727273,12.128785512842121,9.433981132056603,13.038404810405298,0.1,0.0,10.0,9.192388155425117,14.159802258506293,408.9172351030904,0.6491890202705991,0.24330900243309
18604.0,15944,7,80.83832335329342,742.2222222222222,10.304020550550781,7.559289460184544,12.535663410560174,0.0,0.0,10.0,8.32993127835043,11.780301787479024,308.2816732599681,0.7071067811865479,0.14970059880239522
18604.0,15944,8,80.2675585284281,747.5,12.99038105676658,8.99954085146515,14.142135623730951,0.09090909090909091,0.0,5.0,9.917011013305194,15.454545454545464,481.48959278587967,0.6416889479197474,0.334448160535117
18604.0,15944,9,80.2675585284281,747.5,12.332207155790618,9.958591954639383,13.483997249264842,0.09090909090909091,0.0,10.0,9.447549859466603,14.545454545454549,431.7142288425246,0.6495190528383288,0.22296544035674468
18604.0,15944,10,80.2919708029197,747.2727272727273,10.52348809344566,6.4031242374328485,9.486832980505138,0.0,0.0,10.0,6.670832032063167,12.668859459319911,265.50175523653377,0.5265534796943173,0.24330900243309
18604.0,15944,11,80.21390374331551,748.0,11.661903789690601,6.614378277661476,10.0,0.0,0.0,5.0,7.071067811865475,14.142135623730965,314.1592653589796,0.49999999999999944,0.267379679144385
