patient_id,ecg_id,lead,bpm,ibi,sdnn,sdsd,rmssd,pnn20,pnn50,hr_mad,sd1,sd2,s,sd1/sd2,breathingrate
16309.0,16055,0,67.41573033707866,890.0,12.24744871391589,11.78030178747903,19.639610121239315,0.2857142857142857,0.0,5.0,13.850513878332368,11.605769149479963,504.9980338366869,1.1934162828797081,0.2808988764044944
16309.0,16055,1,67.3076923076923,891.4285714285714,11.24858267715973,12.47219128924647,18.257418583505537,0.3333333333333333,0.0,10.0,12.692955176439845,9.718253158075534,387.5259835867117,1.306094312422026,0.16025641025641024
16309.0,16055,2,67.41573033707866,890.0,12.24744871391589,11.78030178747903,19.639610121239315,0.2857142857142857,0.0,5.0,13.850513878332368,11.605769149479963,504.9980338366869,1.1934162828797081,0.2808988764044944
16309.0,16055,3,nan,nan,nan,--,nan,nan,nan,nan,nan,nan,nan,nan,nan
16309.0,16055,4,67.16417910447761,893.3333333333334,12.47219128924647,7.483314773547883,23.2379000772445,0.4,0.0,10.0,16.370705543744897,7.745966692414813,398.3757507297802,2.11344899788632,0.18656716417910446
16309.0,16055,5,67.51054852320675,888.75,13.635890143294644,15.491933384829668,25.298221281347036,0.2,0.0,5.0,16.970562748477136,8.94427190999916,476.86023675821275,1.8973665961010269,0.2812939521800281
16309.0,16055,6,67.41573033707866,890.0,11.180339887498949,12.453996981544782,16.903085094570333,0.2857142857142857,0.0,5.0,11.78030178747903,10.690449676497018,395.64188515425855,1.101946330038675,0.2808988764044944
16309.0,16055,7,67.6056338028169,887.5,10.897247358851684,11.547005383792516,15.275252316519467,0.16666666666666666,0.0,0.0,10.801234497346433,11.30388330520881,383.5755645983996,0.9555330859059066,0.2816901408450704
16309.0,16055,8,67.6056338028169,887.5,10.897247358851684,11.547005383792516,15.275252316519467,0.16666666666666666,0.0,0.0,10.801234497346433,11.30388330520881,383.5755645983996,0.9555330859059066,0.2816901408450704
16309.0,16055,9,67.5,888.8888888888889,11.967032904743343,12.183492931011205,18.371173070873837,0.25,0.0,0.0,12.960275845829823,11.956954043568143,486.8382334536638,1.0839111531754515,0.25
16309.0,16055,10,67.5,888.8888888888889,11.967032904743343,12.183492931011205,18.371173070873837,0.25,0.0,0.0,12.960275845829823,11.956954043568143,486.8382334536638,1.0839111531754515,0.25
16309.0,16055,11,67.5,888.8888888888889,11.967032904743343,12.183492931011205,18.371173070873837,0.25,0.0,0.0,12.960275845829823,11.956954043568143,486.8382334536638,1.0839111531754515,0.25
