patient_id,ecg_id,lead,bpm,ibi,sdnn,sdsd,rmssd,pnn20,pnn50,hr_mad,sd1,sd2,s,sd1/sd2,breathingrate
20187.0,16166,0,67.51054852320675,888.75,14.523687548277813,8.329931278350427,14.142135623730951,0.14285714285714285,0.0,5.0,9.147320339189783,15.05093393264676,432.52101194999653,0.6077576567756015,0.2812939521800281
20187.0,16166,1,nan,nan,nan,--,nan,nan,nan,nan,nan,nan,nan,nan,nan
20187.0,16166,2,nan,nan,nan,--,nan,nan,nan,nan,nan,nan,nan,nan,nan
20187.0,16166,3,nan,nan,nan,--,nan,nan,nan,nan,nan,nan,nan,nan,nan
20187.0,16166,4,67.24782067247821,892.2222222222222,16.850834320114558,12.24744871391589,19.364916731037084,0.25,0.0,10.0,13.693063937629152,15.309310892394842,658.5763810350671,0.894427190999917,0.24906600249066005
20187.0,16166,5,67.74193548387098,885.7142857142857,22.58769757263128,17.88854381999832,26.832815729997478,0.4,0.0,10.0,15.231546211727814,19.79898987322336,947.4076750019882,0.7693092581620707,0.16129032258064516
20187.0,16166,6,67.24782067247821,892.2222222222222,16.850834320114558,11.989578808281799,21.213203435596427,0.25,0.0,10.0,14.999999999999998,14.031215200402276,661.2054389178184,1.0690449676496978,0.12453300124533002
20187.0,16166,7,67.51054852320675,888.75,12.686114456365274,7.559289460184544,12.535663410560174,0.0,0.0,10.0,8.32993127835043,14.568627181693655,381.25006011703334,0.5717718748968662,0.42194092827004215
20187.0,16166,8,67.51054852320675,888.75,14.523687548277813,9.035079029052513,16.903085094570333,0.14285714285714285,0.0,5.0,11.248582677159728,13.552618543578777,478.9287320200645,0.8299933065325815,0.14064697609001406
20187.0,16166,9,67.24782067247821,892.2222222222222,16.850834320114558,12.24744871391589,19.364916731037084,0.25,0.0,10.0,13.693063937629152,15.309310892394842,658.5763810350671,0.894427190999917,0.24906600249066005
20187.0,16166,10,67.24782067247821,892.2222222222222,16.850834320114558,12.24744871391589,19.364916731037084,0.25,0.0,10.0,13.693063937629152,15.309310892394842,658.5763810350671,0.894427190999917,0.24906600249066005
20187.0,16166,11,67.51054852320675,888.75,14.523687548277813,12.453996981544782,16.903085094570333,0.14285714285714285,0.0,5.0,11.78030178747903,12.777531299998772,472.8825001873595,0.9219544457292905,0.14064697609001406
