patient_id,ecg_id,lead,bpm,ibi,sdnn,sdsd,rmssd,pnn20,pnn50,hr_mad,sd1,sd2,s,sd1/sd2,breathingrate
19831.0,16264,0,115.56982343499199,519.1666666666666,4.930066485916347,5.0,7.0710678118654755,0.0,0.0,0.0,4.677071733467426,5.0,73.46727099086873,0.9354143466934852,0.16051364365971107
19831.0,16264,1,115.8021712907117,518.125,6.343057228182637,4.898979485566356,7.745966692414834,0.0,0.0,0.0,5.456901847914966,7.1492035298424135,122.56138953407064,0.763288081691423,0.12062726176115801
19831.0,16264,2,115.70247933884298,518.5714285714286,6.3887656499993986,4.930066485916347,7.637626158259733,0.0,0.0,0.0,5.368374469468802,7.705517503711233,129.95544667778165,0.6966922684794647,0.13774104683195593
19831.0,16264,3,121.62162162162163,493.3333333333333,24.2670329642684,0.0,40.0,1.0,0.0,15.0,0.0,0.0,0.0,nan,0.33783783783783783
19831.0,16264,4,115.75562700964629,518.3333333333334,6.871842709362767,4.898979485566356,6.324555320336759,0.0,0.0,5.0,4.472135954999579,7.8740078740118244,110.62689301137785,0.5679618342470638,0.1607717041800643
19831.0,16264,5,115.66265060240964,518.75,6.959705453537527,5.734883511361751,9.309493362512628,0.0,0.0,5.0,6.565905201197403,7.149203529842413,147.46947763321307,0.9184107255849985,0.12048192771084336
19831.0,16264,6,116.34349030470915,515.7142857142857,7.2843135908468355,5.0,15.811388300841896,0.0,0.0,0.0,11.180339887498947,3.535533905932766,124.18235332245224,3.1622776601683533,0.2770083102493075
19831.0,16264,7,115.68123393316196,518.6666666666666,7.180219742846005,6.3887656499993986,10.690449676496975,0.0,0.0,0.0,7.5592894601845435,7.284313590846844,172.98939600064364,1.0377490433255403,0.12853470437017994
19831.0,16264,8,115.8021712907117,518.125,7.261843774138907,6.182412330330469,10.64581294844754,0.0,0.0,0.0,7.512951779723095,7.1492035298424135,168.74003514964454,1.0508795488004101,0.12062726176115801
