patient_id,ecg_id,lead,bpm,ibi,sdnn,sdsd,rmssd,pnn20,pnn50,hr_mad,sd1,sd2,s,sd1/sd2,breathingrate
15258.0,16418,0,79.36507936507937,756.0,12.806248474865697,4.969039949999533,7.453559924999299,0.0,0.0,10.0,4.714045207910317,16.024672335395497,237.3191443616901,0.29417420270727623,0.13227513227513227
15258.0,16418,1,79.05138339920948,759.0,9.433981132056603,4.969039949999533,6.666666666666667,0.0,0.0,10.0,4.444444444444444,11.547005383792516,161.2266101541527,0.3849001794597504,0.13175230566534915
15258.0,16418,2,79.29515418502203,756.6666666666666,14.907119849998598,6.871842709362768,13.5400640077266,0.0,0.0,10.0,9.501461875826148,14.577379737113267,435.130744703447,0.6517949073958683,0.14684287812041114
15258.0,16418,3,83.33333333333333,720.0,0.0,--,nan,nan,nan,0.0,nan,nan,nan,nan,nan
15258.0,16418,4,78.94736842105263,760.0,10.0,5.0,7.0710678118654755,0.0,0.0,10.0,4.85912657903775,12.076147288491208,184.34717490364403,0.4023739080814779,0.16447368421052633
15258.0,16418,5,79.20792079207921,757.5,13.919410907075054,4.0,8.94427190999916,0.0,0.0,10.0,6.324555320336758,16.492422502470603,327.690854135192,0.3834824944236861,0.16501650165016502
15258.0,16418,6,nan,nan,nan,--,nan,nan,nan,nan,nan,nan,nan,nan,nan
15258.0,16418,7,nan,nan,nan,--,nan,nan,nan,nan,nan,nan,nan,nan,nan
15258.0,16418,8,79.734219269103,752.5,10.897247358851684,5.0,7.0710678118654755,0.0,0.0,10.0,3.5355339059327373,13.794121131039013,153.2141635499575,0.25630729731502877,0.1661129568106312
15258.0,16418,9,78.65168539325842,762.8571428571429,6.998542122237652,5.0,7.0710678118654755,0.0,0.0,10.0,4.85912657903775,7.546154281781147,115.19503613202426,0.6439209162167875,0.18726591760299627
15258.0,16418,10,79.32692307692308,756.3636363636364,12.264306875665492,5.0,7.0710678118654755,0.0,0.0,10.0,4.527692569068709,15.247950681976898,216.88937727950648,0.29693777632822804,0.12019230769230768
15258.0,16418,11,79.32692307692308,756.3636363636364,12.264306875665492,5.0,7.0710678118654755,0.0,0.0,10.0,4.527692569068709,15.247950681976898,216.88937727950648,0.29693777632822804,0.12019230769230768
