patient_id,ecg_id,lead,bpm,ibi,sdnn,sdsd,rmssd,pnn20,pnn50,hr_mad,sd1,sd2,s,sd1/sd2,breathingrate
8093.0,16414,0,70.40417209908736,852.2222222222222,19.309052441091964,14.086784586980807,19.685019685029527,0.25,0.0,10.0,13.891319231808042,24.984370114133338,1090.339559421275,0.5560003781704267,0.1303780964797914
8093.0,16414,1,70.4225352112676,852.0,18.33030277982336,13.966450099973928,18.55921454276674,0.2222222222222222,0.0,10.0,13.099806802835106,23.596400646216985,971.0923321095287,0.5551612298520321,0.11737089201877934
8093.0,16414,2,70.4225352112676,852.0,18.33030277982336,13.966450099973928,18.55921454276674,0.2222222222222222,0.0,10.0,13.099806802835106,23.596400646216985,971.0923321095287,0.5551612298520321,0.11737089201877934
8093.0,16414,3,nan,nan,nan,--,nan,nan,nan,nan,nan,nan,nan,nan,nan
8093.0,16414,4,70.36247334754798,852.7272727272727,17.627926754241198,10.198039027185569,17.320508075688775,0.1,0.0,10.0,12.165525060596437,22.62741699796954,864.8000596073916,0.5376453291901636,0.10660980810234541
8093.0,16414,5,nan,nan,nan,--,nan,nan,nan,nan,nan,nan,nan,nan,nan
8093.0,16414,6,nan,nan,nan,--,nan,nan,nan,nan,nan,nan,nan,nan,nan
8093.0,16414,7,70.49608355091384,851.1111111111111,19.116278371205837,7.0710678118654755,16.583123951777,0.0,0.0,20.0,11.726039399558573,25.495097567963953,939.1996025059653,0.4599331055038994,0.13054830287206265
8093.0,16414,8,124.35233160621762,482.5,12.99038105676658,--,nan,nan,nan,0.0,nan,nan,nan,nan,0.5181347150259068
8093.0,16414,9,70.40417209908736,852.2222222222222,19.309052441091964,11.180339887498949,18.708286933869708,0.125,0.0,20.0,13.228756555322953,24.937421679075026,1036.3833950147525,0.5304781194129301,0.1303780964797914
8093.0,16414,10,70.35175879396985,852.8571428571429,21.852940772540506,13.743685418725535,19.148542155126762,0.16666666666666666,0.0,20.0,12.692955176439845,27.888667551135836,1112.091149292195,0.4551294949163999,0.16750418760469013
8093.0,16414,11,70.4225352112676,852.0,18.33030277982336,13.966450099973928,18.55921454276674,0.2222222222222222,0.0,10.0,13.099806802835106,23.596400646216985,971.0923321095287,0.5551612298520321,0.11737089201877934
