patient_id,ecg_id,lead,bpm,ibi,sdnn,sdsd,rmssd,pnn20,pnn50,hr_mad,sd1,sd2,s,sd1/sd2,breathingrate
10953.0,16435,0,66.91449814126395,896.6666666666666,15.986105077709064,8.2915619758885,19.364916731037084,0.25,0.0,10.0,5.863019699779286,14.469796128487802,266.522352699186,0.40519020777606585,0.1858736059479554
10953.0,16435,1,66.79035250463822,898.3333333333334,13.437096247164249,8.660254037844387,17.320508075688775,0.25,0.0,10.0,11.726039399558573,18.371173070873876,676.7653428168843,0.638284738504224,0.1855287569573284
10953.0,16435,2,66.87898089171975,897.1428571428571,16.65986255670086,7.0710678118654755,21.213203435596427,0.25,0.0,10.0,14.577379737113251,19.364916731037138,886.8393883403085,0.7527726527090789,0.1592356687898089
10953.0,16435,3,181.8181818181818,330.0,0.0,--,nan,nan,nan,0.0,nan,nan,nan,nan,nan
10953.0,16435,4,66.98564593301435,895.7142857142857,15.907898179514348,4.0,18.439088914585774,0.0,0.0,10.0,12.961481396815719,18.11077027627488,737.4650370815085,0.7156780854205449,0.15948963317384368
10953.0,16435,5,66.83168316831683,897.7777777777778,13.146843962443592,7.0710678118654755,16.583123951777,0.125,0.0,10.0,11.592023119369628,14.469796128487802,526.9525658312315,0.8011186209146043,0.12376237623762376
10953.0,16435,6,66.83168316831683,897.7777777777778,16.17802197617893,12.183492931011205,20.310096011589902,0.375,0.0,10.0,14.114487238295267,16.747201258717862,742.6038860346675,0.8427967766224748,0.12376237623762376
10953.0,16435,7,nan,nan,nan,--,nan,nan,nan,nan,nan,nan,nan,nan,nan
10953.0,16435,8,66.57420249653259,901.25,13.635890143294644,9.035079029052513,18.126539343499314,0.14285714285714285,0.0,10.0,12.777531299998797,15.518257844571723,622.9307788950614,0.8233869695926189,0.13869625520110956
10953.0,16435,9,66.83168316831683,897.7777777777778,15.475986974649022,10.0,18.027756377319946,0.25,0.0,10.0,12.247448713915889,16.10512340840644,619.668698765626,0.7604691006293719,0.12376237623762376
10953.0,16435,10,66.83168316831683,897.7777777777778,15.475986974649022,10.0,18.027756377319946,0.25,0.0,10.0,12.247448713915889,16.10512340840644,619.668698765626,0.7604691006293719,0.12376237623762376
10953.0,16435,11,66.83168316831683,897.7777777777778,15.475986974649022,10.0,18.027756377319946,0.25,0.0,10.0,12.247448713915889,16.10512340840644,619.668698765626,0.7604691006293719,0.12376237623762376
