patient_id,ecg_id,lead,bpm,ibi,sdnn,sdsd,rmssd,pnn20,pnn50,hr_mad,sd1,sd2,s,sd1/sd2,breathingrate
4298.0,16517,0,87.41721854304636,686.3636363636364,4.810456929208346,4.898979485566356,7.745966692414834,0.0,0.0,0.0,5.47722557505166,4.242640687119274,73.00401616752481,1.2909944487358087,0.13245033112582782
4298.0,16517,1,87.37864077669903,686.6666666666666,4.714045207910317,4.810456929208346,6.030226891555273,0.0,0.0,0.0,4.264014327112209,5.300865358950265,71.00931142178186,0.804399666539845,0.24271844660194175
4298.0,16517,2,87.37864077669903,686.6666666666666,4.714045207910317,4.979295977319691,7.385489458759964,0.0,0.0,0.0,5.222329678670935,4.3598468393751855,71.52953311221457,1.1978241142570396,0.12135922330097088
4298.0,16517,3,90.22556390977444,665.0,25.0,0.0,0.0,0.0,0.0,25.0,0.0,0.0,0.0,nan,0.37593984962406013
4298.0,16517,4,87.46355685131195,686.0,4.898979485566356,4.714045207910316,5.773502691896258,0.0,0.0,0.0,3.333333333333333,5.773502691896258,60.45997880780726,0.5773502691896256,0.29154518950437314
4298.0,16517,5,87.37864077669903,686.6666666666666,4.714045207910317,4.979295977319691,7.385489458759964,0.0,0.0,0.0,5.222329678670935,4.3598468393751855,71.52953311221457,1.1978241142570396,0.12135922330097088
4298.0,16517,6,87.5912408759124,685.0,5.0,0.0,10.0,0.0,0.0,5.0,7.071067811865475,0.0,0.0,inf,0.36496350364963503
4298.0,16517,7,87.37864077669903,686.6666666666666,4.714045207910317,4.979295977319691,7.385489458759964,0.0,0.0,0.0,5.222329678670935,4.3598468393751855,71.52953311221457,1.1978241142570396,0.24271844660194175
4298.0,16517,8,87.37864077669903,686.6666666666666,4.714045207910317,4.979295977319691,7.385489458759964,0.0,0.0,0.0,5.222329678670935,4.3598468393751855,71.52953311221457,1.1978241142570396,0.12135922330097088
4298.0,16517,9,87.37864077669903,686.6666666666666,4.714045207910317,4.979295977319691,7.385489458759964,0.0,0.0,0.0,5.222329678670935,4.3598468393751855,71.52953311221457,1.1978241142570396,0.12135922330097088
4298.0,16517,10,87.37864077669903,686.6666666666666,4.714045207910317,4.979295977319691,7.385489458759964,0.0,0.0,0.0,5.222329678670935,4.3598468393751855,71.52953311221457,1.1978241142570396,0.12135922330097088
4298.0,16517,11,87.37864077669903,686.6666666666666,4.714045207910317,4.979295977319691,7.385489458759964,0.0,0.0,0.0,5.222329678670935,4.3598468393751855,71.52953311221457,1.1978241142570396,0.24271844660194175
