patient_id,ecg_id,lead,bpm,ibi,sdnn,sdsd,rmssd,pnn20,pnn50,hr_mad,sd1,sd2,s,sd1/sd2,breathingrate
3787.0,16572,0,63.829787234042556,940.0,19.364916731037084,6.3887656499993986,22.360679774997898,0.2857142857142857,0.0,10.0,15.77908716741037,24.327694808466305,1205.9594553192812,0.6486059321131846,0.13297872340425532
3787.0,16572,1,63.745019920318725,941.25,20.87911636061258,12.453996981544782,24.784787961282106,0.42857142857142855,0.0,15.0,17.496355305594125,26.029810226126557,1430.7655150570354,0.6721660724223314,0.13280212483399734
3787.0,16572,2,nan,nan,nan,--,nan,nan,nan,nan,nan,nan,nan,nan,nan
3787.0,16572,3,63.63636363636363,942.8571428571429,25.475077857324294,15.0,38.07886552931954,0.75,0.25,20.0,22.9128784747792,17.677669529663717,1272.4904604961594,1.2961481396815697,0.1515151515151515
3787.0,16572,4,63.716814159292035,941.6666666666666,21.92157739660984,4.898979485566356,24.49489742783178,0.4,0.0,10.0,17.08800749063506,24.248711305964306,1301.757119146825,0.7046975517594631,0.17699115044247787
3787.0,16572,5,nan,nan,nan,--,nan,nan,nan,nan,nan,nan,nan,nan,nan
3787.0,16572,6,63.60424028268551,943.3333333333334,20.548046676563253,12.24744871391589,23.45207879911715,0.375,0.0,20.0,16.488632447841148,25.24876234590519,1307.9001946051474,0.6530471562110153,0.11778563015312131
3787.0,16572,7,63.829787234042556,940.0,22.03892660077359,12.909944487358056,23.804761428476166,0.3333333333333333,0.0,20.0,16.666666666666664,27.888667551135843,1460.2472182842732,0.5976143046671969,0.1519756838905775
3787.0,16572,8,63.829787234042556,940.0,22.03892660077359,12.909944487358056,23.804761428476166,0.3333333333333333,0.0,20.0,16.666666666666664,27.888667551135843,1460.2472182842732,0.5976143046671969,0.1519756838905775
3787.0,16572,9,63.745019920318725,941.25,18.99835519196333,8.32993127835043,20.354009783964297,0.2857142857142857,0.0,15.0,14.356965173029842,24.619554199448668,1110.4338808154948,0.5831529302570131,0.13280212483399734
3787.0,16572,10,63.745019920318725,941.25,18.99835519196333,8.32993127835043,20.354009783964297,0.2857142857142857,0.0,15.0,14.356965173029842,24.619554199448668,1110.4338808154948,0.5831529302570131,0.13280212483399734
3787.0,16572,11,63.829787234042556,940.0,20.615528128088304,6.998542122237652,23.904572186687872,0.42857142857142855,0.0,10.0,16.781914463529613,25.63479777846621,1351.5162496703065,0.6546536707079775,0.13297872340425532
