patient_id,ecg_id,lead,bpm,ibi,sdnn,sdsd,rmssd,pnn20,pnn50,hr_mad,sd1,sd2,s,sd1/sd2,breathingrate
7037.0,16602,0,72.72727272727273,825.0,9.219544457292887,9.428090415820634,13.743685418725535,0.1111111111111111,0.0,5.0,9.686442096757052,8.01233616769777,243.8222427793037,1.2089410496539752,0.24242424242424243
7037.0,16602,1,72.6643598615917,825.7142857142857,9.035079029052511,3.726779962499649,12.24744871391589,0.0,0.0,10.0,8.579691784155832,10.341394704992409,278.74088439686733,0.8296455196719165,0.17301038062283736
7037.0,16602,2,222.22222222222223,270.0,256.6450207322688,40.0,541.4794548272354,1.0,1.0,80.0,381.8376618407356,28.28427124746193,33929.2006587698,13.499999999999984,nan
7037.0,16602,3,nan,nan,nan,--,nan,nan,nan,nan,nan,nan,nan,nan,nan
7037.0,16602,4,72.72727272727273,825.0,9.219544457292887,9.428090415820634,13.743685418725535,0.1111111111111111,0.0,5.0,9.686442096757052,8.01233616769777,243.8222427793037,1.2089410496539752,0.24242424242424243
7037.0,16602,5,nan,nan,nan,--,nan,nan,nan,nan,nan,nan,nan,nan,nan
7037.0,16602,6,72.50755287009063,827.5,4.330127018922194,4.948716593053935,6.546536707079771,0.0,0.0,0.0,4.517539514526256,3.4992710611188538,49.66259603233033,1.2909944487357952,0.1510574018126888
7037.0,16602,7,72.58064516129032,826.6666666666666,4.714045207910317,4.841229182759271,6.123724356957945,0.0,0.0,0.0,4.238956239453292,4.921254921257422,65.5367148802891,0.8613567692141019,0.26881720430107525
7037.0,16602,8,72.63922518159806,826.0,4.898979485566356,4.969039949999533,6.666666666666667,0.0,0.0,0.0,4.714045207910316,4.714045207910355,69.81317007977374,0.9999999999999917,0.24213075060532688
7037.0,16602,9,72.58064516129032,826.6666666666666,6.666666666666667,0.0,10.0,0.0,0.0,10.0,6.998542122237652,6.388765649999451,140.46703370315566,1.0954451150103233,0.13440860215053763
7037.0,16602,10,72.6643598615917,825.7142857142857,9.035079029052511,3.726779962499649,12.24744871391589,0.0,0.0,10.0,8.579691784155832,10.341394704992409,278.74088439686733,0.8296455196719165,0.17301038062283736
7037.0,16602,11,72.99270072992701,822.0,7.483314773547883,4.714045207910317,8.16496580927726,0.0,0.0,10.0,5.773502691896257,8.819171036881938,159.96206819769287,0.6546536707079793,0.24330900243309
