patient_id,ecg_id,lead,bpm,ibi,sdnn,sdsd,rmssd,pnn20,pnn50,hr_mad,sd1,sd2,s,sd1/sd2,breathingrate
6005.0,16615,0,65.06024096385542,922.2222222222222,11.331154474650633,5.994789404140899,10.606601717798213,0.0,0.0,10.0,7.447734554883115,11.956954043568135,279.76579951404165,0.6228789144581005,0.24096385542168672
6005.0,16615,1,65.06024096385542,922.2222222222222,11.331154474650633,5.994789404140899,10.606601717798213,0.0,0.0,10.0,7.447734554883115,11.956954043568135,279.76579951404165,0.6228789144581005,0.24096385542168672
6005.0,16615,2,nan,nan,nan,--,nan,nan,nan,nan,nan,nan,nan,nan,nan
6005.0,16615,3,nan,nan,nan,--,nan,nan,nan,nan,nan,nan,nan,nan,nan
6005.0,16615,4,65.0759219088937,922.0,10.770329614269007,5.665577237325317,10.540925533894598,0.0,0.0,10.0,7.28604280478,12.01850425154664,275.10090081097337,0.6062354060275323,0.10845986984815617
6005.0,16615,5,65.0994575045208,921.6666666666666,13.437096247164249,4.330127018922194,8.660254037844387,0.0,0.0,10.0,3.061862178478972,10.458250331675943,100.59920390010927,0.2927700218845599,0.18083182640144665
6005.0,16615,6,65.06024096385542,922.2222222222222,11.331154474650633,5.994789404140899,10.606601717798213,0.0,0.0,10.0,7.447734554883115,11.956954043568135,279.76579951404165,0.6228789144581005,0.24096385542168672
6005.0,16615,7,65.0759219088937,922.0,10.770329614269007,5.665577237325317,10.540925533894598,0.0,0.0,10.0,7.28604280478,12.01850425154664,275.10090081097337,0.6062354060275323,0.10845986984815617
6005.0,16615,8,64.86486486486487,925.0,12.24744871391589,6.998542122237652,14.638501094227998,0.0,0.0,5.0,10.301575072754254,13.997084244475253,452.99257234150673,0.7359800721939898,0.13513513513513511
6005.0,16615,9,65.06024096385542,922.2222222222222,13.146843962443592,9.270248108869579,14.577379737113251,0.125,0.0,10.0,10.269797953221865,13.891319231808014,448.18288091750196,0.7392960871352179,0.24096385542168672
6005.0,16615,10,65.06024096385542,922.2222222222222,11.331154474650633,5.994789404140899,10.606601717798213,0.0,0.0,10.0,7.447734554883115,11.956954043568135,279.76579951404165,0.6228789144581005,0.24096385542168672
6005.0,16615,11,65.06024096385542,922.2222222222222,11.331154474650633,5.994789404140899,10.606601717798213,0.0,0.0,10.0,7.447734554883115,11.956954043568135,279.76579951404165,0.6228789144581005,0.24096385542168672
