patient_id,ecg_id,lead,bpm,ibi,sdnn,sdsd,rmssd,pnn20,pnn50,hr_mad,sd1,sd2,s,sd1/sd2,breathingrate
7722.0,16629,0,81.44796380090499,736.6666666666666,16.996731711975947,7.925270806437589,13.483997249264842,0.09090909090909091,0.0,15.0,9.447549859466603,22.044283005422084,654.2821063674613,0.4285714285714284,0.11312217194570136
7722.0,16629,1,81.44796380090499,736.6666666666666,16.996731711975947,7.925270806437589,13.483997249264842,0.09090909090909091,0.0,15.0,9.447549859466603,22.044283005422084,654.2821063674613,0.4285714285714284,0.11312217194570136
7722.0,16629,2,nan,nan,nan,--,nan,nan,nan,nan,nan,nan,nan,nan,nan
7722.0,16629,3,1200.0,50.0,0.0,--,nan,nan,nan,0.0,nan,nan,nan,nan,nan
7722.0,16629,4,80.71748878923766,743.3333333333334,14.907119849998598,7.483314773547883,14.142135623730951,0.0,0.0,15.0,9.591663046625438,17.549928774784288,528.8337265240081,0.5465357250000197,0.2242152466367713
7722.0,16629,5,81.74386920980926,734.0,16.852299546352718,8.16496580927726,12.909944487358056,0.1111111111111111,0.0,10.0,9.09483641319161,23.280363155285524,665.1728511340126,0.3906655730637405,0.1362397820163488
7722.0,16629,6,81.58220024721878,735.4545454545455,16.16035348602834,8.94427190999916,13.416407864998739,0.1,0.0,20.0,9.486832980505136,21.90890230020667,652.967771124319,0.43301270189221874,0.12360939431396786
7722.0,16629,7,81.74386920980926,734.0,16.852299546352718,8.16496580927726,12.909944487358056,0.1111111111111111,0.0,10.0,9.09483641319161,23.280363155285524,665.1728511340126,0.3906655730637405,0.1362397820163488
7722.0,16629,8,81.74386920980926,734.0,16.852299546352718,7.856742013183861,14.52966314513558,0.1111111111111111,0.0,10.0,10.243938285880985,22.798093920759104,733.6946708124814,0.4493331030868871,0.1362397820163488
7722.0,16629,9,81.58220024721878,735.4545454545455,16.71343300986385,7.810249675906654,15.165750888103101,0.1,0.0,10.0,10.700467279516348,21.783020910791972,732.2691271057967,0.4912297207691248,0.12360939431396786
7722.0,16629,10,81.58220024721878,735.4545454545455,17.76801844153824,7.810249675906654,15.165750888103101,0.1,0.0,20.0,10.700467279516348,23.547823678633247,791.5956359317958,0.4544142773255817,0.12360939431396786
7722.0,16629,11,82.05128205128206,731.25,16.153559979150106,6.871842709362768,13.5400640077266,0.0,0.0,10.0,7.54615428178118,18.596594670351163,440.8684071382941,0.40578151083822517,0.17094017094017092
