patient_id,ecg_id,lead,bpm,ibi,sdnn,sdsd,rmssd,pnn20,pnn50,hr_mad,sd1,sd2,s,sd1/sd2,breathingrate
7826.0,16824,0,63.60424028268551,943.3333333333334,14.14213562373095,12.183492931011205,20.310096011589902,0.125,0.0,10.0,14.334181176474642,14.763764763772116,664.8441916396202,0.9709028425898791,0.11778563015312131
7826.0,16824,1,333.3333333333333,180.0,0.0,--,nan,nan,nan,0.0,nan,nan,nan,nan,nan
7826.0,16824,2,63.492063492063494,945.0,12.24744871391589,4.948716593053935,16.47508942095828,0.0,0.0,5.0,11.60576914947994,14.142135623730903,515.6307373842898,0.8206518066482923,0.13227513227513227
7826.0,16824,3,nan,nan,nan,--,nan,nan,nan,nan,nan,nan,nan,nan,nan
7826.0,16824,4,63.60424028268551,943.3333333333334,13.333333333333332,10.532687216470448,15.411035007422441,0.125,0.0,10.0,10.861341998114227,15.983389815680505,545.3838244189672,0.6795393294768239,0.23557126030624262
7826.0,16824,5,63.60424028268551,943.3333333333334,14.14213562373095,11.180339887498949,18.708286933869708,0.25,0.0,10.0,13.228756555322953,16.488632447841116,685.2570845278271,0.8022955570857555,0.23557126030624262
7826.0,16824,6,63.25301204819277,948.5714285714286,15.518257844571735,10.0,22.360679774997898,0.16666666666666666,0.0,20.0,15.811388300841896,11.547005383792492,573.5737209545464,1.369306393762918,0.1506024096385542
7826.0,16824,7,63.60424028268551,943.3333333333334,14.14213562373095,11.180339887498949,18.708286933869708,0.25,0.0,10.0,13.228756555322953,16.488632447841116,685.2570845278271,0.8022955570857555,0.23557126030624262
7826.0,16824,8,63.60424028268551,943.3333333333334,13.333333333333332,10.532687216470448,15.411035007422441,0.125,0.0,10.0,10.861341998114227,15.983389815680505,545.3838244189672,0.6795393294768239,0.23557126030624262
7826.0,16824,9,63.57615894039735,943.75,14.947825928876748,10.301575072754256,20.0,0.2857142857142857,0.0,10.0,14.14213562373095,17.49635530559409,777.3425846718058,0.8082903768654778,0.13245033112582782
7826.0,16824,10,nan,nan,nan,--,nan,nan,nan,nan,nan,nan,nan,nan,nan
7826.0,16824,11,63.492063492063494,945.0,11.180339887498949,6.998542122237652,14.638501094227998,0.0,0.0,10.0,10.301575072754254,13.093073414159527,423.7357511138329,0.786795792469444,0.13227513227513227
