patient_id,ecg_id,lead,bpm,ibi,sdnn,sdsd,rmssd,pnn20,pnn50,hr_mad,sd1,sd2,s,sd1/sd2,breathingrate
3390.0,16833,0,90.80325960419093,660.7692307692307,9.166442529086911,9.537935951882996,14.433756729740644,0.08333333333333333,0.0,10.0,10.189182717197903,8.395600699837447,268.7453744427072,1.213633554225034,0.11641443538998836
3390.0,16833,1,91.21621621621621,657.7777777777778,6.285393610547089,7.2843135908468355,9.258200997725515,0.0,0.0,0.0,6.226998490772391,5.150787536377118,100.76327380165066,1.20894104965398,0.33783783783783783
3390.0,16833,2,92.3076923076923,650.0,0.0,--,nan,nan,nan,0.0,nan,nan,nan,nan,nan
3390.0,16833,3,90.80325960419093,660.7692307692307,6.153846153846154,6.400954789890507,8.660254037844387,0.0,0.0,0.0,6.095307849303246,6.0953078493032615,116.71889372712104,0.9999999999999976,0.23282887077997672
3390.0,16833,4,90.9090909090909,660.0,9.128709291752768,9.433981132056603,14.491376746189438,0.1,0.0,10.0,10.222524150130434,9.19238815542511,295.2136078549211,1.1120640226769976,0.12626262626262627
3390.0,16833,5,91.06239460370995,658.8888888888889,5.665577237325317,3.72677996249965,4.08248290463863,0.0,0.0,0.0,2.635231383473649,5.4006172486732105,44.710757288937415,0.48795003647426705,0.16863406408094436
3390.0,16833,6,211.50278293135437,283.6842105263158,254.2938732278441,160.9930122707194,475.5785949766873,0.9375,0.875,50.0,336.2836879035318,133.1323354786507,140649.83431938,2.525935466350012,0.1855287569573284
3390.0,16833,7,91.32420091324201,657.0,14.177446878757825,8.660254037844387,13.228756555322953,0.125,0.0,10.0,9.185586535436917,14.469796128487774,417.5602777590478,0.6348110542727388,0.15220700152207
3390.0,16833,8,90.77155824508321,661.0,9.433981132056603,9.938079899999064,14.907119849998598,0.1111111111111111,0.0,10.0,10.540925533894598,9.29622251704528,307.84714378022505,1.1338934190276821,0.151285930408472
3390.0,16833,9,90.73724007561437,661.25,7.806247497997997,6.998542122237652,10.0,0.0,0.0,10.0,6.998542122237651,8.806305718527113,193.6204440625783,0.7947194142390258,0.1890359168241966
3390.0,16833,10,90.9090909090909,660.0,7.0710678118654755,7.4965556829412,10.44465935734187,0.0,0.0,5.0,7.385489458759963,7.385489458759965,171.359599286716,0.9999999999999998,0.25252525252525254
3390.0,16833,11,90.9090909090909,660.0,5.773502691896258,6.55554777357089,8.528028654224418,0.0,0.0,0.0,6.030226891555272,6.030226891555285,114.23973285781088,0.9999999999999979,0.12626262626262627
