patient_id,ecg_id,lead,bpm,ibi,sdnn,sdsd,rmssd,pnn20,pnn50,hr_mad,sd1,sd2,s,sd1/sd2,breathingrate
2137.0,16866,0,51.209103840682786,1171.6666666666667,8.975274678557508,11.661903789690601,16.73320053068151,0.2,0.0,0.0,11.83215956619923,7.211102550927939,268.0498461852379,1.6408253082847428,0.14224751066856328
2137.0,16866,1,51.282051282051285,1170.0,15.118578920369089,13.743685418725535,27.0801280154532,0.5,0.0,10.0,19.002923751652297,9.71825315807547,580.1743262712603,1.955384722187613,0.24420024420024422
2137.0,16866,2,51.282051282051285,1170.0,11.952286093343936,11.055415967851333,20.0,0.3333333333333333,0.0,10.0,13.944333775567923,7.817359599705676,342.4583282939423,1.783765170031698,0.24420024420024422
2137.0,16866,3,51.42857142857142,1166.6666666666667,7.4535599249993,10.0,14.142135623730951,0.0,0.0,0.0,10.0,7.071067811865532,222.1441469079201,1.4142135623730836,0.14285714285714285
2137.0,16866,4,51.209103840682786,1171.6666666666667,10.671873729054749,4.898979485566356,16.73320053068151,0.0,0.0,10.0,11.489125293076055,9.59166304662541,346.2029402631185,1.1978241142570392,0.14224751066856328
2137.0,16866,5,51.282051282051285,1170.0,11.180339887498949,10.301575072754256,20.0,0.2857142857142857,0.0,5.0,14.14213562373095,9.25820099772549,411.33103250835336,1.5275252316519505,0.2136752136752137
2137.0,16866,6,nan,nan,nan,--,nan,nan,nan,nan,nan,nan,nan,nan,nan
2137.0,16866,7,50.991501416430594,1176.6666666666667,9.428090415820632,10.0,14.142135623730951,0.0,0.0,0.0,7.071067811865475,7.071067811865419,157.07963267948838,1.000000000000008,nan
2137.0,16866,8,51.209103840682786,1171.6666666666667,8.975274678557508,11.661903789690601,16.73320053068151,0.2,0.0,0.0,11.83215956619923,7.211102550927939,268.0498461852379,1.6408253082847428,0.14224751066856328
2137.0,16866,9,51.209103840682786,1171.6666666666667,8.975274678557508,11.661903789690601,16.73320053068151,0.2,0.0,0.0,11.83215956619923,7.211102550927939,268.0498461852379,1.6408253082847428,0.14224751066856328
2137.0,16866,10,nan,nan,nan,--,nan,nan,nan,nan,nan,nan,nan,nan,nan
2137.0,16866,11,nan,nan,nan,--,nan,nan,nan,nan,nan,nan,nan,nan,nan
