patient_id,ecg_id,lead,bpm,ibi,sdnn,sdsd,rmssd,pnn20,pnn50,hr_mad,sd1,sd2,s,sd1/sd2,breathingrate
10046.0,16876,0,81.08108108108108,740.0,4.714045207910317,4.948716593053935,6.546536707079771,0.0,0.0,0.0,4.517539514526256,4.517539514526205,64.11413578754606,1.000000000000011,0.15015015015015015
10046.0,16876,1,82.1917808219178,730.0,24.49489742783178,28.0,31.304951684997057,0.2,0.2,0.0,19.798989873223327,19.798989873223356,1231.5043202072002,0.9999999999999986,0.19569471624266144
10046.0,16876,2,81.08108108108108,740.0,4.264014327112209,4.58257569495584,5.477225575051661,0.0,0.0,0.0,3.8078865529319543,3.8078865529319095,45.55309347705146,1.0000000000000118,0.12285012285012284
10046.0,16876,3,81.19079837618403,739.0,5.385164807134504,4.969039949999533,7.453559924999299,0.0,0.0,0.0,5.211573066470477,5.211573066470443,85.32720787527776,1.0000000000000064,0.2706359945872801
10046.0,16876,4,81.08108108108108,740.0,7.0710678118654755,7.559289460184544,12.535663410560174,0.0,0.0,5.0,8.806305718527108,4.517539514526206,124.98145922327363,1.9493588689618142,0.33783783783783783
10046.0,16876,5,1000.0,60.0,0.0,--,nan,nan,nan,0.0,nan,nan,nan,nan,nan
10046.0,16876,6,81.41112618724559,737.0,13.45362404707371,10.657403385139377,17.950549357115012,0.2222222222222222,0.0,5.0,12.668615834434865,14.142135623730981,562.851771408937,0.8958064164776146,0.27137042062415195
10046.0,16876,7,81.08108108108108,740.0,4.264014327112209,6.6332495807108,7.745966692414834,0.0,0.0,0.0,5.47722557505166,3.162277660168354,54.41398092702609,1.7320508075688907,0.24570024570024568
10046.0,16876,8,81.19079837618403,739.0,5.385164807134504,4.969039949999533,7.453559924999299,0.0,0.0,0.0,5.211573066470477,5.211573066470444,85.32720787527778,1.0000000000000062,0.2706359945872801
10046.0,16876,9,81.08108108108108,740.0,4.714045207910317,4.948716593053935,6.546536707079771,0.0,0.0,0.0,4.517539514526256,4.517539514526205,64.11413578754606,1.000000000000011,0.15015015015015015
10046.0,16876,10,81.08108108108108,740.0,4.47213595499958,4.714045207910317,5.773502691896258,0.0,0.0,0.0,4.006168083848877,4.00616808384883,50.42062283539114,1.0000000000000118,0.13513513513513511
10046.0,16876,11,81.08108108108108,740.0,4.47213595499958,6.849348892187751,8.16496580927726,0.0,0.0,0.0,5.773502691896257,3.333333333333307,60.45997880780678,1.732050807568891,0.27027027027027023
