patient_id,ecg_id,lead,bpm,ibi,sdnn,sdsd,rmssd,pnn20,pnn50,hr_mad,sd1,sd2,s,sd1/sd2,breathingrate
8415.0,17005,0,78.85304659498208,760.9090909090909,7.925270806437588,5.0,7.0710678118654755,0.0,0.0,10.0,4.949747468305833,10.024968827881692,155.88917036337764,0.4937419311010197,0.1194743130227001
8415.0,17005,1,78.85304659498208,760.9090909090909,10.833068443466349,5.385164807134504,10.488088481701515,0.0,0.0,10.0,7.382411530116699,13.802173741842278,320.1073262098358,0.5348731053671922,0.2389486260454002
8415.0,17005,2,78.60262008733623,763.3333333333334,11.547005383792516,6.959705453537527,15.411035007422441,0.0,0.0,10.0,10.56970907830485,10.269797953221858,341.01603930658337,1.0292032157252815,0.14556040756914118
8415.0,17005,3,nan,nan,nan,--,nan,nan,nan,nan,nan,nan,nan,nan,nan
8415.0,17005,4,nan,nan,nan,--,nan,nan,nan,nan,nan,nan,nan,nan,nan
8415.0,17005,5,78.60262008733623,763.3333333333334,11.547005383792516,6.959705453537527,15.411035007422441,0.0,0.0,10.0,10.56970907830485,10.269797953221858,341.01603930658337,1.0292032157252815,0.14556040756914118
8415.0,17005,6,78.85304659498208,760.9090909090909,7.925270806437588,5.0,7.0710678118654755,0.0,0.0,10.0,4.949747468305833,10.024968827881692,155.88917036337764,0.4937419311010197,0.1194743130227001
8415.0,17005,7,78.75894988066825,761.8181818181819,10.2851895445316,6.0,13.416407864998739,0.0,0.0,10.0,9.380831519646858,11.045361017187254,325.51508851372034,0.8493005801304017,0.11933174224343675
8415.0,17005,8,78.74015748031496,762.0,10.770329614269007,4.714045207910317,11.055415967851333,0.0,0.0,10.0,7.777777777777778,13.37954953199146,326.9240684736843,0.5813183589761789,0.26246719160104987
8415.0,17005,9,78.60262008733623,763.3333333333334,11.547005383792516,6.959705453537527,15.411035007422441,0.0,0.0,10.0,10.56970907830485,10.269797953221858,341.01603930658337,1.0292032157252815,0.14556040756914118
8415.0,17005,10,78.60262008733623,763.3333333333334,11.547005383792516,6.959705453537527,15.411035007422441,0.0,0.0,10.0,10.56970907830485,10.269797953221858,341.01603930658337,1.0292032157252815,0.14556040756914118
8415.0,17005,11,78.60262008733623,763.3333333333334,11.547005383792516,6.959705453537527,15.411035007422441,0.0,0.0,10.0,10.56970907830485,10.269797953221858,341.01603930658337,1.0292032157252815,0.14556040756914118
