patient_id,ecg_id,lead,bpm,ibi,sdnn,sdsd,rmssd,pnn20,pnn50,hr_mad,sd1,sd2,s,sd1/sd2,breathingrate
18227.0,17219,0,95.69377990430623,627.0,167.5141785043881,20.57759704144291,334.3837615674541,1.0,1.0,160.0,228.9087563855957,9.642030387838432,6933.951098954629,23.74072131885418,0.15948963317384368
18227.0,17219,1,123.71134020618557,485.0,25.0,0.0,50.0,1.0,0.0,25.0,0.0,0.0,0.0,nan,nan
18227.0,17219,2,136.36363636363637,440.0,0.0,--,nan,nan,nan,0.0,nan,nan,nan,nan,nan
18227.0,17219,3,229.29936305732483,261.6666666666667,187.43146895747137,4.330127018922194,382.52450901870327,1.0,1.0,20.0,3.061862178478948,3.061862178478973,29.45243112740408,0.9999999999999919,0.3184713375796178
18227.0,17219,4,99.29078014184397,604.2857142857143,167.23440716185024,23.323807579381203,336.8085509603341,1.0,1.0,20.0,232.65424990745387,11.313708498984752,8269.24477923087,20.563924722678806,0.23640661938534277
18227.0,17219,5,42.19409282700422,1422.0,211.41428523162762,195.25624189766637,297.9093821953246,0.75,0.5,40.0,210.53503271427297,159.88276955319486,105748.91192319042,1.316808767465249,0.2812939521800281
18227.0,17219,6,130.43478260869566,460.0,8.16496580927726,--,nan,nan,nan,10.0,nan,nan,nan,nan,nan
18227.0,17219,7,142.85714285714286,420.0,0.0,--,nan,nan,nan,0.0,nan,nan,nan,nan,nan
18227.0,17219,8,96.66283084004604,620.7142857142857,165.41999731049472,77.81026840862641,315.887029465623,1.0,0.9230769230769231,165.0,223.36586062401676,69.58031415812374,48826.21441875344,3.210187584327514,0.23014959723820486
18227.0,17219,9,93.88335704125177,639.0909090909091,163.62121141968814,9.428090415820634,330.1346526629534,1.0,1.0,20.0,231.99616855073754,6.666666666666667,4858.91639186651,34.79942528261063,0.14224751066856328
18227.0,17219,10,93.88335704125177,639.0909090909091,163.67676268984582,11.967032904743343,329.10653459193287,1.0,1.0,20.0,231.175204787715,7.027283689263055,5103.6232818378685,32.896808355826906,0.14224751066856328
18227.0,17219,11,96.0,625.0,165.1817181167456,12.24744871391589,330.22719451916737,1.0,1.0,165.0,226.10147058345285,7.071067811865461,5022.711829738681,31.975576617162105,0.16
