patient_id,ecg_id,lead,bpm,ibi,sdnn,sdsd,rmssd,pnn20,pnn50,hr_mad,sd1,sd2,s,sd1/sd2,breathingrate
18074.0,17231,0,66.99751861042184,895.5555555555555,17.06921277304135,7.806247497997997,11.726039399558575,0.0,0.0,10.0,7.0156076002011405,19.98045920393223,440.37294325718597,0.35112344158839165,0.24813895781637715
18074.0,17231,1,66.66666666666667,900.0,13.228756555322953,8.32993127835043,11.952286093343936,0.0,0.0,10.0,7.423074889580902,14.638501094228022,341.3739082892488,0.5070925528371091,0.1388888888888889
18074.0,17231,2,67.13286713286713,893.75,17.275343701356565,8.32993127835043,14.142135623730951,0.0,0.0,15.0,9.147320339189783,21.523598819027644,618.5269820245961,0.42499028234549785,0.2797202797202797
18074.0,17231,3,nan,nan,nan,--,nan,nan,nan,nan,nan,nan,nan,nan,nan
18074.0,17231,4,66.91449814126395,896.6666666666666,16.996731711975947,9.270248108869579,14.577379737113251,0.125,0.0,20.0,9.312290266094585,19.665165903190353,575.3127407286293,0.4735424207422434,0.24783147459727384
18074.0,17231,5,66.99751861042184,895.5555555555555,17.06921277304135,7.806247497997997,11.726039399558575,0.0,0.0,10.0,7.0156076002011405,19.98045920393223,440.37294325718597,0.35112344158839165,0.24813895781637715
18074.0,17231,6,66.99751861042184,895.5555555555555,17.069212773041354,8.660254037844387,13.228756555322953,0.0,0.0,10.0,8.660254037844386,21.43303524935279,583.128385633285,0.4040610178208846,0.24813895781637715
18074.0,17231,7,66.91449814126395,896.6666666666666,15.634719199411432,7.806247497997997,11.726039399558575,0.0,0.0,10.0,7.0156076002011405,18.00607536360991,396.85716546610035,0.3896244716591385,0.12391573729863692
18074.0,17231,8,66.87898089171975,897.1428571428571,15.779087167410372,7.4535599249993,15.275252316519467,0.0,0.0,10.0,9.7182531580755,17.638342073763912,538.5125659044046,0.5509731650193405,0.1592356687898089
18074.0,17231,9,66.99751861042184,895.5555555555555,17.06921277304135,7.806247497997997,11.726039399558575,0.0,0.0,10.0,7.0156076002011405,19.98045920393223,440.37294325718597,0.35112344158839165,0.24813895781637715
18074.0,17231,10,66.66666666666667,900.0,15.811388300841896,10.690449676496975,14.638501094227998,0.14285714285714285,0.0,5.0,9.035079029052511,16.659862556700837,472.8825001873598,0.5423261445466411,0.1388888888888889
18074.0,17231,11,65.21739130434783,920.0,0.0,--,nan,nan,nan,0.0,nan,nan,nan,nan,nan
