patient_id,ecg_id,lead,bpm,ibi,sdnn,sdsd,rmssd,pnn20,pnn50,hr_mad,sd1,sd2,s,sd1/sd2,breathingrate
12684.0,17406,0,69.6774193548387,861.1111111111111,11.967032904743343,9.270248108869579,12.747548783981962,0.125,0.0,10.0,8.970437559004576,15.18119725186387,427.82831426148624,0.5908913118102878,0.12903225806451613
12684.0,17406,1,69.56521739130434,862.5,12.99038105676658,8.32993127835043,14.142135623730951,0.0,0.0,10.0,9.793792286287205,15.97191412499848,491.4255451818808,0.6131883886702363,0.14492753623188406
12684.0,17406,2,nan,nan,nan,--,nan,nan,nan,nan,nan,nan,nan,nan,nan
12684.0,17406,3,70.17543859649123,855.0,7.637626158259733,7.483314773547883,14.142135623730951,0.0,0.0,0.0,10.0,5.291502622129151,166.23745764132067,1.8898223650461468,0.19493177387914232
12684.0,17406,4,68.76790830945559,872.5,8.2915619758885,5.0,7.0710678118654755,0.0,0.0,5.0,3.5355339059327373,3.5355339059326525,39.269908169871464,1.000000000000024,0.28653295128939826
12684.0,17406,5,69.56521739130434,862.5,12.99038105676658,8.32993127835043,14.142135623730951,0.0,0.0,10.0,9.793792286287205,15.97191412499848,491.4255451818808,0.6131883886702363,0.14492753623188406
12684.0,17406,6,69.56521739130434,862.5,12.99038105676658,8.32993127835043,14.142135623730951,0.0,0.0,10.0,9.793792286287205,15.97191412499848,491.4255451818808,0.6131883886702363,0.14492753623188406
12684.0,17406,7,69.60556844547564,862.0,11.661903789690601,8.16496580927726,12.909944487358056,0.0,0.0,5.0,9.09483641319161,14.52966314513556,415.1454767178898,0.6259495710495191,0.23201856148491876
12684.0,17406,8,69.6774193548387,861.1111111111111,13.698697784375504,8.2915619758885,15.0,0.0,0.0,10.0,10.458250331675943,16.863421954040053,554.0572124806711,0.6201736729460422,0.25806451612903225
12684.0,17406,9,69.56521739130434,862.5,12.99038105676658,8.32993127835043,14.142135623730951,0.0,0.0,10.0,9.793792286287205,15.97191412499848,491.4255451818808,0.6131883886702363,0.14492753623188406
12684.0,17406,10,69.56521739130434,862.5,12.99038105676658,8.32993127835043,14.142135623730951,0.0,0.0,10.0,9.793792286287205,15.97191412499848,491.4255451818808,0.6131883886702363,0.14492753623188406
12684.0,17406,11,69.56521739130434,862.5,13.919410907075054,7.2843135908468355,16.035674514745462,0.0,0.0,10.0,11.157499537009505,16.842608746502233,590.372487465331,0.6624567313140622,0.14492753623188406
