patient_id,ecg_id,lead,bpm,ibi,sdnn,sdsd,rmssd,pnn20,pnn50,hr_mad,sd1,sd2,s,sd1/sd2,breathingrate
8023.0,17482,0,109.0909090909091,550.0,0.0,--,nan,nan,nan,0.0,nan,nan,nan,nan,nan
8023.0,17482,1,48.1651376146789,1245.7142857142858,17.61261143705422,9.428090415820632,19.148542155126762,0.16666666666666666,0.0,10.0,12.692955176439845,18.104634152000386,721.9421065813102,0.7010887416930983,0.2293577981651376
8023.0,17482,2,48.1651376146789,1245.7142857142858,17.61261143705422,9.428090415820632,19.148542155126762,0.16666666666666666,0.0,10.0,12.692955176439845,18.104634152000386,721.9421065813102,0.7010887416930983,0.2293577981651376
8023.0,17482,3,48.54368932038835,1236.0,13.564659966250536,15.811388300841896,25.495097567963924,0.5,0.0,10.0,17.677669529663685,7.905694150420937,439.0509206900447,2.2360679774997925,0.16181229773462785
8023.0,17482,4,nan,nan,nan,--,nan,nan,nan,nan,nan,nan,nan,nan,nan
8023.0,17482,5,48.1651376146789,1245.7142857142858,17.61261143705422,9.428090415820632,19.148542155126762,0.16666666666666666,0.0,10.0,12.692955176439845,18.104634152000386,721.9421065813102,0.7010887416930983,0.2293577981651376
8023.0,17482,6,nan,nan,nan,--,nan,nan,nan,nan,nan,nan,nan,nan,nan
8023.0,17482,7,48.38709677419355,1240.0,15.275252316519467,16.24807680927192,28.982753492378876,0.6,0.0,10.0,20.29778313018444,7.211102550927966,459.8330182674333,2.8147960713126183,0.26881720430107525
8023.0,17482,8,48.38709677419355,1240.0,15.275252316519467,16.24807680927192,28.982753492378876,0.6,0.0,10.0,20.29778313018444,7.211102550927966,459.8330182674333,2.8147960713126183,0.26881720430107525
8023.0,17482,9,222.22222222222223,270.0,0.0,--,nan,nan,nan,0.0,nan,nan,nan,nan,nan
8023.0,17482,10,48.38709677419355,1240.0,15.275252316519467,16.24807680927192,28.982753492378876,0.6,0.0,10.0,20.29778313018444,7.211102550927966,459.8330182674333,2.8147960713126183,0.26881720430107525
8023.0,17482,11,48.38709677419355,1240.0,15.275252316519467,16.24807680927192,28.982753492378876,0.6,0.0,10.0,20.29778313018444,7.211102550927966,459.8330182674333,2.8147960713126183,0.26881720430107525
