patient_id,ecg_id,lead,bpm,ibi,sdnn,sdsd,rmssd,pnn20,pnn50,hr_mad,sd1,sd2,s,sd1/sd2,breathingrate
6616.0,17515,0,72.67833109017496,825.5555555555555,4.969039949999533,4.330127018922194,8.660254037844387,0.0,0.0,0.0,6.123724356957944,3.0618621784789974,58.90486225480908,1.9999999999999836,0.2691790040376851
6616.0,17515,1,72.67833109017496,825.5555555555555,4.969039949999533,4.841229182759271,7.905694150420948,0.0,0.0,0.0,5.519850541454904,4.238956239453327,73.50825691929643,1.302172098423636,0.2691790040376851
6616.0,17515,2,72.58064516129032,826.6666666666666,4.714045207910317,4.841229182759271,7.905694150420948,0.0,0.0,0.0,5.519850541454904,3.423265984407316,59.36327276578667,1.6124515496596967,0.4032258064516129
6616.0,17515,3,nan,nan,nan,--,nan,nan,nan,nan,nan,nan,nan,nan,nan
6616.0,17515,4,72.63922518159806,826.0,4.898979485566356,4.15739709641549,8.819171036881968,0.0,0.0,0.0,6.186404847588913,2.93972367896068,57.13401187795206,2.1044171232365882,0.12106537530266344
6616.0,17515,5,72.67833109017496,825.5555555555555,4.969039949999533,4.330127018922194,8.660254037844387,0.0,0.0,0.0,6.123724356957944,3.0618621784789974,58.90486225480908,1.9999999999999836,0.2691790040376851
6616.0,17515,6,72.72727272727273,825.0,5.0,4.330127018922194,8.660254037844387,0.0,0.0,5.0,5.8630196997792865,3.0618621784789974,56.397111901407364,1.9148542155126607,0.20202020202020202
6616.0,17515,7,72.63922518159806,826.0,4.898979485566356,4.714045207910317,8.16496580927726,0.0,0.0,0.0,5.773502691896257,3.3333333333333606,60.45997880780775,1.732050807568863,0.12106537530266344
6616.0,17515,8,72.63922518159806,826.0,4.898979485566356,4.15739709641549,8.819171036881968,0.0,0.0,0.0,6.186404847588913,2.93972367896068,57.13401187795206,2.1044171232365882,0.12106537530266344
6616.0,17515,9,72.67833109017496,825.5555555555555,4.969039949999533,4.330127018922194,8.660254037844387,0.0,0.0,0.0,6.123724356957944,3.0618621784789974,58.90486225480908,1.9999999999999836,0.2691790040376851
6616.0,17515,10,72.67833109017496,825.5555555555555,4.969039949999533,4.330127018922194,8.660254037844387,0.0,0.0,0.0,6.123724356957944,3.0618621784789974,58.90486225480908,1.9999999999999836,0.4037685060565276
6616.0,17515,11,72.63922518159806,826.0,4.898979485566356,4.15739709641549,8.819171036881968,0.0,0.0,0.0,6.186404847588913,2.93972367896068,57.13401187795206,2.1044171232365882,0.12106537530266344
