patient_id,ecg_id,lead,bpm,ibi,sdnn,sdsd,rmssd,pnn20,pnn50,hr_mad,sd1,sd2,s,sd1/sd2,breathingrate
337.0,17535,0,85.51068883610452,701.6666666666666,21.538079972200144,9.359663764533638,12.431631210161221,0.09090909090909091,0.0,20.0,8.18181818181818,28.618320433994885,735.6035882742298,0.2858944220954082,0.11876484560570072
337.0,17535,1,85.71428571428571,700.0,22.156468376279893,10.0,14.142135623730951,0.1,0.0,20.0,9.055385138137416,27.8926513619627,793.4993902782132,0.3246512861264338,0.12987012987012986
337.0,17535,2,86.20689655172414,696.0,19.078784028338912,9.938079899999064,13.333333333333334,0.1111111111111111,0.0,20.0,8.888888888888888,25.043172599076986,699.3373071985907,0.3549426037664455,0.14367816091954022
337.0,17535,3,nan,nan,nan,--,nan,nan,nan,nan,nan,nan,nan,nan,nan
337.0,17535,4,nan,nan,nan,--,nan,nan,nan,nan,nan,nan,nan,nan,nan
337.0,17535,5,85.71428571428571,700.0,22.156468376279893,10.0,14.142135623730951,0.1,0.0,20.0,9.055385138137416,27.8926513619627,793.4993902782132,0.3246512861264338,0.12987012987012986
337.0,17535,6,85.51068883610452,701.6666666666666,22.669117514559073,7.385489458759964,12.431631210161221,0.0,0.0,20.0,8.18181818181818,30.464720145665503,783.0633354814775,0.26856698970800436,0.23752969121140144
337.0,17535,7,85.71428571428571,700.0,22.156468376279893,11.832159566199232,15.491933384829668,0.2,0.0,20.0,10.583005244258361,29.29163703175361,973.8734540622215,0.3612978418647565,0.12987012987012986
337.0,17535,8,85.51068883610452,701.6666666666666,22.669117514559073,7.385489458759964,12.431631210161221,0.0,0.0,20.0,8.18181818181818,30.464720145665503,783.0633354814775,0.26856698970800436,0.23752969121140144
337.0,17535,9,85.51068883610452,701.6666666666666,22.29848026709942,7.158188976374373,10.87114613009218,0.0,0.0,25.0,6.982859770789642,30.16483640552191,661.7350945454111,0.23149005938289707,0.23752969121140144
337.0,17535,10,85.51068883610452,701.6666666666666,21.92157739660984,9.958591954639385,14.770978917519928,0.09090909090909091,0.0,15.0,10.12320793241822,29.429843738615713,935.957193024671,0.3439776310852537,0.11876484560570072
337.0,17535,11,85.51068883610452,701.6666666666666,21.92157739660984,9.958591954639385,14.770978917519928,0.09090909090909091,0.0,15.0,10.12320793241822,29.429843738615713,935.957193024671,0.3439776310852537,0.11876484560570072
