patient_id,ecg_id,lead,bpm,ibi,sdnn,sdsd,rmssd,pnn20,pnn50,hr_mad,sd1,sd2,s,sd1/sd2,breathingrate
3730.0,17661,0,50.919377652050926,1178.3333333333333,3.7267799624996494,4.898979485566356,6.324555320336759,0.0,0.0,0.0,4.472135954999579,3.464101615137783,48.66934411168373,1.290994448735795,0.14144271570014144
3730.0,17661,1,50.97087378640777,1177.142857142857,4.5175395145262565,3.72677996249965,4.08248290463863,0.0,0.0,0.0,2.635231383473649,5.4006172486731865,44.71075728893722,0.48795003647426927,0.12135922330097088
3730.0,17661,2,50.919377652050926,1178.3333333333333,3.7267799624996494,4.0,4.47213595499958,0.0,0.0,0.0,2.82842712474619,2.828427124746213,25.132741228718547,0.9999999999999918,0.14144271570014144
3730.0,17661,3,631.578947368421,95.0,45.0,--,nan,nan,nan,45.0,nan,nan,nan,nan,nan
3730.0,17661,4,50.93378607809847,1178.0,22.271057451320086,17.853571071357123,25.0,0.5,0.0,0.0,12.624381172952596,17.58905909933784,697.5937480478378,0.7177405625652741,0.16977928692699493
3730.0,17661,5,50.93378607809847,1178.0,7.483314773547883,5.0,15.811388300841896,0.0,0.0,10.0,11.180339887498947,3.535533905932766,124.18235332245224,3.1622776601683533,0.16977928692699493
3730.0,17661,6,50.991501416430594,1176.6666666666667,7.4535599249993,4.0,12.649110640673518,0.0,0.0,5.0,8.944271909999157,5.656854249492426,158.95341225273887,1.5811388300841767,0.141643059490085
3730.0,17661,7,50.991501416430594,1176.6666666666667,4.714045207910316,4.898979485566356,6.324555320336759,0.0,0.0,0.0,4.472135954999579,3.4641016151377824,48.66934411168372,1.2909944487357952,0.141643059490085
3730.0,17661,8,50.919377652050926,1178.3333333333333,3.7267799624996494,4.898979485566356,6.324555320336759,0.0,0.0,0.0,4.472135954999579,3.464101615137783,48.66934411168373,1.290994448735795,0.14144271570014144
3730.0,17661,9,50.919377652050926,1178.3333333333333,3.7267799624996494,4.898979485566356,6.324555320336759,0.0,0.0,0.0,4.472135954999579,3.464101615137783,48.66934411168373,1.290994448735795,0.14144271570014144
3730.0,17661,10,50.919377652050926,1178.3333333333333,3.7267799624996494,4.898979485566356,6.324555320336759,0.0,0.0,0.0,4.472135954999579,3.464101615137783,48.66934411168373,1.290994448735795,0.14144271570014144
3730.0,17661,11,50.97087378640777,1177.142857142857,4.5175395145262565,3.72677996249965,4.08248290463863,0.0,0.0,0.0,2.635231383473649,5.4006172486731865,44.71075728893722,0.48795003647426927,0.12135922330097088
