patient_id,ecg_id,lead,bpm,ibi,sdnn,sdsd,rmssd,pnn20,pnn50,hr_mad,sd1,sd2,s,sd1/sd2,breathingrate
5110.0,17671,0,59.82905982905983,1002.8571428571429,4.5175395145262565,5.0,7.0710678118654755,0.0,0.0,0.0,4.85912657903775,3.535533905932766,53.97132643089706,1.3743685418725422,0.14245014245014245
5110.0,17671,1,59.82905982905983,1002.8571428571429,4.5175395145262565,5.0,7.0710678118654755,0.0,0.0,0.0,4.85912657903775,3.535533905932766,53.97132643089706,1.3743685418725422,0.14245014245014245
5110.0,17671,2,59.82905982905983,1002.8571428571429,4.5175395145262565,3.72677996249965,4.08248290463863,0.0,0.0,0.0,2.635231383473649,5.40061724867326,44.71075728893782,0.4879500364742626,0.14245014245014245
5110.0,17671,3,59.9250936329588,1001.25,5.994789404140899,6.998542122237652,10.0,0.0,0.0,0.0,6.998542122237651,3.4992710611188538,76.93696294505676,1.9999999999999838,0.12484394506866417
5110.0,17671,4,60.07509386733417,998.75,9.270248108869579,8.975274678557506,12.24744871391589,0.0,0.0,5.0,7.905694150420947,8.57969178415582,213.08926330755403,0.9214426752509282,0.2503128911138924
5110.0,17671,5,59.82905982905983,1002.8571428571429,4.5175395145262565,5.0,7.0710678118654755,0.0,0.0,0.0,4.85912657903775,3.535533905932766,53.97132643089706,1.3743685418725422,0.14245014245014245
5110.0,17671,6,59.93340732519423,1001.1111111111111,3.1426968052735447,4.330127018922194,5.0,0.0,0.0,0.0,3.5355339059327373,3.0618621784789974,34.008738079391854,1.1547005383792421,0.22197558268590456
5110.0,17671,7,60.0,1000.0,7.0710678118654755,4.948716593053935,7.559289460184544,0.0,0.0,5.0,5.3452248382484875,7.284313590846813,122.32197498541963,0.733799385705345,0.25
5110.0,17671,8,59.9250936329588,1001.25,5.994789404140899,6.998542122237652,10.0,0.0,0.0,0.0,6.998542122237651,3.4992710611188538,76.93696294505676,1.9999999999999838,0.12484394506866417
5110.0,17671,9,nan,nan,nan,--,nan,nan,nan,nan,nan,nan,nan,nan,nan
5110.0,17671,10,59.9250936329588,1001.25,3.307189138830738,4.517539514526256,5.3452248382484875,0.0,0.0,0.0,3.7796447300922718,3.1943828249997255,37.930434254361224,1.1832159566199134,0.12484394506866417
5110.0,17671,11,59.91440798858773,1001.4285714285714,6.388765649999399,4.714045207910317,8.16496580927726,0.0,0.0,0.0,5.773502691896257,7.8173595997056875,141.79121871936434,0.7385489458759991,0.14265335235378032
