patient_id,ecg_id,lead,bpm,ibi,sdnn,sdsd,rmssd,pnn20,pnn50,hr_mad,sd1,sd2,s,sd1/sd2,breathingrate
11355.0,17682,0,79.6812749003984,753.0,28.30194339616981,10.540925533894598,16.99673171197595,0.2222222222222222,0.0,15.0,11.055415967851333,36.12392934890857,1254.642355389696,0.3060413461966135,0.13280212483399734
11355.0,17682,1,79.6812749003984,753.0,27.94637722496424,8.31479419283098,16.666666666666668,0.1111111111111111,0.0,15.0,11.111111111111109,35.55555555555554,1241.1230236404115,0.31250000000000006,0.13280212483399734
11355.0,17682,2,nan,nan,nan,--,nan,nan,nan,nan,nan,nan,nan,nan,nan
11355.0,17682,3,89.55223880597015,670.0,0.0,--,nan,nan,nan,0.0,nan,nan,nan,nan,nan
11355.0,17682,4,79.6812749003984,753.0,27.586228448267445,9.558139185602919,17.320508075688775,0.1111111111111111,0.0,15.0,11.600340565456165,34.765528549248906,1266.9790936889642,0.33367364310377456,0.2656042496679947
11355.0,17682,5,79.06295754026354,758.8888888888889,21.314806770278754,9.921567416492215,16.95582495781317,0.125,0.0,10.0,11.692679333668565,25.723894534070844,944.9321653375548,0.45454545454545453,0.29282576866764276
11355.0,17682,6,173.91304347826087,345.0,285.0,--,nan,nan,nan,285.0,nan,nan,nan,nan,nan
11355.0,17682,7,80.1944106925881,748.1818181818181,30.694441847516604,9.0,15.811388300841896,0.1,0.0,20.0,10.606601717798211,41.28559070668602,1375.7028490689368,0.25690807703716634,0.12150668286755771
11355.0,17682,8,79.6812749003984,753.0,27.586228448267445,9.558139185602919,17.320508075688775,0.1111111111111111,0.0,15.0,11.600340565456165,34.765528549248906,1266.9790936889642,0.33367364310377456,0.2656042496679947
11355.0,17682,9,79.6812749003984,753.0,27.586228448267445,9.558139185602919,17.320508075688775,0.1111111111111111,0.0,15.0,11.600340565456165,34.765528549248906,1266.9790936889642,0.33367364310377456,0.2656042496679947
11355.0,17682,10,79.6812749003984,753.0,27.94637722496424,8.31479419283098,16.666666666666668,0.1111111111111111,0.0,15.0,11.111111111111109,35.55555555555554,1241.1230236404115,0.31250000000000006,0.13280212483399734
11355.0,17682,11,80.1944106925881,748.1818181818181,30.694441847516604,9.0,15.811388300841896,0.1,0.0,20.0,10.606601717798211,41.28559070668602,1375.7028490689368,0.25690807703716634,0.12150668286755771
