patient_id,ecg_id,lead,bpm,ibi,sdnn,sdsd,rmssd,pnn20,pnn50,hr_mad,sd1,sd2,s,sd1/sd2,breathingrate
15206.0,17710,0,66.66666666666667,900.0,8.16496580927726,6.959705453537527,9.354143466934854,0.0,0.0,10.0,6.5550553010634465,9.642030387838433,198.56135530242827,0.6798418006783497,0.2469135802469136
15206.0,17710,1,66.66666666666667,900.0,7.0710678118654755,6.998542122237652,10.0,0.0,0.0,5.0,6.998542122237651,6.998542122237638,153.873925890112,1.0000000000000018,0.2777777777777778
15206.0,17710,2,705.8823529411765,85.0,66.52067347825036,5.0,155.08062419270823,1.0,1.0,5.0,109.60155108391486,3.5355339059327378,1217.3671532660446,30.999999999999996,2.941176470588235
15206.0,17710,3,66.66666666666667,900.0,6.324555320336759,8.16496580927726,12.909944487358056,0.0,0.0,0.0,8.819171036881967,3.33333333333336,92.3541431340683,2.645751311064569,0.2222222222222222
15206.0,17710,4,66.66666666666667,900.0,8.16496580927726,6.959705453537527,9.354143466934854,0.0,0.0,10.0,6.5550553010634465,9.642030387838433,198.56135530242827,0.6798418006783497,0.2469135802469136
15206.0,17710,5,375.0,160.0,40.0,--,nan,nan,nan,40.0,nan,nan,nan,nan,nan
15206.0,17710,6,66.66666666666667,900.0,8.16496580927726,6.959705453537527,9.354143466934854,0.0,0.0,10.0,6.5550553010634465,9.642030387838433,198.56135530242827,0.6798418006783497,0.2469135802469136
15206.0,17710,7,66.66666666666667,900.0,8.16496580927726,6.959705453537527,9.354143466934854,0.0,0.0,10.0,6.5550553010634465,9.642030387838433,198.56135530242827,0.6798418006783497,0.2469135802469136
15206.0,17710,8,66.66666666666667,900.0,9.428090415820634,7.0710678118654755,12.24744871391589,0.0,0.0,10.0,8.660254037844386,11.180339887498949,304.1834006980209,0.7745966692414833,0.2469135802469136
15206.0,17710,9,66.66666666666667,900.0,9.428090415820634,7.0710678118654755,12.24744871391589,0.0,0.0,10.0,8.660254037844386,11.180339887498949,304.1834006980209,0.7745966692414833,0.2469135802469136
15206.0,17710,10,66.66666666666667,900.0,8.16496580927726,7.0710678118654755,12.24744871391589,0.0,0.0,0.0,8.660254037844386,8.660254037844364,235.61944901923385,1.0000000000000024,0.2469135802469136
15206.0,17710,11,66.66666666666667,900.0,8.16496580927726,6.959705453537527,9.354143466934854,0.0,0.0,10.0,6.5550553010634465,9.642030387838433,198.56135530242827,0.6798418006783497,0.2469135802469136
