patient_id,ecg_id,lead,bpm,ibi,sdnn,sdsd,rmssd,pnn20,pnn50,hr_mad,sd1,sd2,s,sd1/sd2,breathingrate
7472.0,17852,0,72.97297297297298,822.2222222222222,87.40426861909839,57.649262788001025,118.69077470469219,1.0,0.75,40.0,83.1367472902326,83.36197424485577,21772.630028863907,0.9972982051269369,0.27027027027027023
7472.0,17852,1,71.17437722419929,843.0,103.73523991392703,67.29335079878543,135.64659966250537,1.0,0.7777777777777778,65.0,91.6515138991168,86.60966786624478,24937.67087603968,1.0582134322539878,0.35587188612099646
7472.0,17852,2,600.0,100.0,0.0,--,nan,nan,nan,0.0,nan,nan,nan,nan,nan
7472.0,17852,3,71.2401055408971,842.2222222222222,99.75278083317085,60.87793072189291,123.23033021831228,1.0,0.7142857142857143,70.0,86.99049912936187,78.71415607974807,21511.690409672447,1.1051442772406623,0.2638522427440633
7472.0,17852,4,72.97297297297298,822.2222222222222,87.40426861909839,57.649262788001025,118.69077470469219,1.0,0.75,40.0,83.1367472902326,83.36197424485577,21772.630028863907,0.9972982051269369,0.27027027027027023
7472.0,17852,5,nan,nan,nan,--,nan,nan,nan,nan,nan,nan,nan,nan,nan
7472.0,17852,6,72.97297297297298,822.2222222222222,87.40426861909839,57.649262788001025,118.69077470469219,1.0,0.75,40.0,83.1367472902326,83.36197424485577,21772.630028863907,0.9972982051269369,0.27027027027027023
7472.0,17852,7,72.97297297297298,822.2222222222222,87.40426861909839,57.649262788001025,118.69077470469219,1.0,0.75,40.0,83.1367472902326,83.36197424485577,21772.630028863907,0.9972982051269369,0.27027027027027023
7472.0,17852,8,71.21661721068249,842.5,71.01936355670895,59.6246764420263,115.20168649559159,1.0,0.7142857142857143,40.0,81.4536302294196,64.41257324340285,16482.799155236284,1.2645610340953441,0.29673590504451036
7472.0,17852,9,71.42857142857143,840.0,89.1227083456127,51.45116346811044,105.11898020814318,1.0,0.6666666666666666,60.0,68.24180862524412,83.74067112222113,17952.992039878172,0.8149183390904986,0.17006802721088435
7472.0,17852,10,72.97297297297298,822.2222222222222,87.40426861909839,57.649262788001025,118.69077470469219,1.0,0.75,40.0,83.1367472902326,83.36197424485577,21772.630028863907,0.9972982051269369,0.27027027027027023
7472.0,17852,11,72.97297297297298,822.2222222222222,87.40426861909839,57.649262788001025,118.69077470469219,1.0,0.75,40.0,83.1367472902326,83.36197424485577,21772.630028863907,0.9972982051269369,0.27027027027027023
