patient_id,ecg_id,lead,bpm,ibi,sdnn,sdsd,rmssd,pnn20,pnn50,hr_mad,sd1,sd2,s,sd1/sd2,breathingrate
15505.0,17954,0,57.69230769230769,1040.0,23.804761428476166,6.324555320336759,20.97617696340303,0.2,0.0,20.0,13.711309200802086,28.071337695236362,1209.182647243574,0.48844516601461646,0.16025641025641024
15505.0,17954,1,57.85123966942149,1037.142857142857,26.029810226126564,9.428090415820632,25.166114784235834,0.6666666666666666,0.0,10.0,17.159383568311664,29.059326290271148,1566.5241567884366,0.5904948861136021,0.13774104683195593
15505.0,17954,2,nan,nan,nan,--,nan,nan,nan,nan,nan,nan,nan,nan,nan
15505.0,17954,3,57.85123966942149,1037.142857142857,24.907993963089563,12.133516482134196,24.8327740429189,0.5,0.0,10.0,17.199806200458575,29.556913084946988,1597.1014379721591,0.5819216015903315,0.13774104683195593
15505.0,17954,4,57.41626794258373,1045.0,17.07825127659933,7.483314773547883,19.493588689617926,0.2,0.0,15.0,13.711309200802086,17.549928774784185,755.9692938477555,0.7812743502698744,0.15948963317384368
15505.0,17954,5,125.0,480.0,0.0,--,nan,nan,nan,0.0,nan,nan,nan,nan,nan
15505.0,17954,6,57.85123966942149,1037.142857142857,24.90799396308956,8.16496580927726,21.602468994692867,0.3333333333333333,0.0,20.0,14.529663145135576,28.18589087547959,1286.5811513934798,0.5154941956358635,0.13774104683195593
15505.0,17954,7,57.7716643741403,1038.5714285714287,22.31499907401901,6.871842709362768,19.578900207451216,0.16666666666666666,0.0,20.0,13.38531533684084,26.060826285186447,1095.8892353234571,0.5136182249313158,0.1375515818431912
15505.0,17954,8,57.7716643741403,1038.5714285714287,22.31499907401901,6.871842709362768,19.578900207451216,0.16666666666666666,0.0,20.0,13.38531533684084,26.060826285186447,1095.8892353234571,0.5136182249313158,0.1375515818431912
15505.0,17954,9,57.85123966942149,1037.142857142857,24.907993963089563,12.133516482134196,24.8327740429189,0.5,0.0,10.0,17.199806200458575,29.556913084946988,1597.1014379721591,0.5819216015903315,0.13774104683195593
15505.0,17954,10,57.784911717495994,1038.3333333333333,26.718699236469,12.0,26.832815729997478,0.6,0.0,20.0,18.11077027627483,32.12475680841801,1827.791457292418,0.5637636538163321,0.16051364365971107
15505.0,17954,11,57.784911717495994,1038.3333333333333,24.77678124553084,10.198039027185569,26.076809620810597,0.4,0.0,15.0,17.54992877478424,28.495613697549977,1571.0978907422787,0.6158817620514404,0.16051364365971107
