patient_id,ecg_id,lead,bpm,ibi,sdnn,sdsd,rmssd,pnn20,pnn50,hr_mad,sd1,sd2,s,sd1/sd2,breathingrate
18677.0,18312,0,82.1917808219178,730.0,13.333333333333334,13.228756555322953,20.0,0.25,0.0,10.0,14.031215200402277,12.119199643540862,534.2187146426736,1.1577674774819358,0.30441400304414
18677.0,18312,1,82.39700374531836,728.1818181818181,15.266232385224244,12.041594578792296,19.235384061671343,0.3,0.0,10.0,13.435028842544401,15.636495771111905,659.9756426035559,0.8592097001276547,0.37453183520599254
18677.0,18312,2,83.91608391608392,715.0,11.180339887498949,0.0,20.0,0.0,0.0,10.0,0.0,0.0,0.0,nan,0.3496503496503497
18677.0,18312,3,nan,nan,nan,--,nan,nan,nan,nan,nan,nan,nan,nan,nan
18677.0,18312,4,82.5,727.2727272727273,18.13630667569091,14.177446878757825,22.135943621178654,0.4,0.0,10.0,15.508062419270821,18.013883534651832,877.6366754363202,0.8608950085326816,0.125
18677.0,18312,5,82.39700374531836,728.1818181818181,15.266232385224244,12.041594578792296,19.235384061671343,0.3,0.0,10.0,13.435028842544401,15.636495771111905,659.9756426035559,0.8592097001276547,0.37453183520599254
18677.0,18312,6,82.75862068965517,725.0,18.027756377319946,16.74979270186815,24.8327740429189,0.3333333333333333,0.0,15.0,16.541194367732672,13.994046353122206,727.2103405057312,1.1820165483475173,0.1724137931034483
18677.0,18312,7,82.41758241758242,728.0,18.867962264113206,14.740554623801778,23.094010767585033,0.4444444444444444,0.0,10.0,16.024672335395508,18.85618083164127,949.2765774467612,0.8498365855987973,0.13736263736263735
18677.0,18312,8,82.39700374531836,728.1818181818181,14.658650451451908,11.0,17.029386365926403,0.2,0.0,10.0,11.853269591129697,15.636495771111903,582.2740916332466,0.7580515330697281,0.12484394506866417
18677.0,18312,9,82.41758241758242,728.0,17.776388834631177,11.653431646335017,19.436506316151,0.3333333333333333,0.0,10.0,13.379549531991438,18.55921454276675,780.1012190567911,0.7209114104026547,0.13736263736263735
18677.0,18312,10,82.41758241758242,728.0,17.204650534085253,14.14213562373095,21.85812841434,0.2222222222222222,0.0,10.0,15.275252316519465,18.08757844011079,867.9979367904393,0.8445161615799965,0.41208791208791207
18677.0,18312,11,83.16831683168317,721.4285714285714,12.453996981544782,10.198039027185569,17.320508075688775,0.2,0.0,10.0,12.165525060596437,10.392304845413243,397.1847891687339,1.1706281947614177,0.19801980198019803
