patient_id,ecg_id,lead,bpm,ibi,sdnn,sdsd,rmssd,pnn20,pnn50,hr_mad,sd1,sd2,s,sd1/sd2,breathingrate
9710.0,18441,0,86.53846153846153,693.3333333333334,28.38231060987733,6.708203932499369,8.366600265340756,0.0,0.0,15.0,5.52268050859363,33.91902121229326,588.4954424932497,0.1628195717685405,0.12019230769230768
9710.0,18441,1,85.4922279792746,701.8181818181819,29.176011883420387,8.717797887081348,11.832159566199232,0.0,0.0,20.0,6.164414002968975,38.31448812133604,742.0013557335112,0.1608898958390683,0.1295336787564767
9710.0,18441,2,84.80565371024736,707.5,32.30711995830021,9.428090415820632,11.547005383792516,0.0,0.0,40.0,6.666666666666667,43.969686527576414,920.8989611712011,0.15161960871578062,0.17667844522968199
9710.0,18441,3,85.71428571428571,700.0,32.01562118716424,22.360679774997898,37.416573867739416,0.5,0.25,25.0,22.360679774997894,32.403703492039334,2276.300136311537,0.6900655593423535,0.17857142857142855
9710.0,18441,4,86.09271523178808,696.9230769230769,28.925531810712563,9.537935951882998,14.433756729740644,0.08333333333333333,0.0,20.0,9.335565209336698,38.01954906506797,1115.0579825898992,0.24554644752254923,0.11037527593818984
9710.0,18441,5,85.4922279792746,701.8181818181819,29.176011883420387,8.717797887081348,11.832159566199232,0.0,0.0,20.0,6.164414002968975,38.31448812133604,742.0013557335112,0.1608898958390683,0.1295336787564767
9710.0,18441,6,84.98583569405099,706.0,29.0516780926679,9.428090415820634,13.743685418725535,0.1111111111111111,0.0,25.0,6.666666666666665,36.20926830400074,758.3651419714029,0.18411492357966455,0.28328611898017
9710.0,18441,7,86.58008658008659,693.0,27.94637722496424,6.614378277661476,14.142135623730951,0.0,0.0,15.0,7.071067811865475,35.35533905932739,785.3981633974485,0.1999999999999999,0.14430014430014432
9710.0,18441,8,86.58008658008659,693.0,27.94637722496424,6.614378277661476,14.142135623730951,0.0,0.0,15.0,7.071067811865475,35.35533905932739,785.3981633974485,0.1999999999999999,0.14430014430014432
9710.0,18441,9,87.09677419354838,688.8888888888889,25.579698740491864,7.2843135908468355,9.258200997725515,0.0,0.0,10.0,5.150787536377127,17.320508075688785,280.2748547635912,0.2973808570665901,0.16129032258064516
9710.0,18441,10,85.85055643879173,698.8888888888889,34.46236093171294,8.32993127835043,11.952286093343936,0.0,0.0,20.0,5.890150893739515,48.21296294481774,892.1545924441649,0.12216944435630518,0.1589825119236884
9710.0,18441,11,nan,nan,nan,--,nan,nan,nan,nan,nan,nan,nan,nan,nan
