patient_id,ecg_id,lead,bpm,ibi,sdnn,sdsd,rmssd,pnn20,pnn50,hr_mad,sd1,sd2,s,sd1/sd2,breathingrate
9353.0,18620,0,112.03319502074689,535.5555555555555,33.701668640229116,36.42156795423418,42.25771273642583,0.14285714285714285,0.14285714285714285,0.0,28.464084064530383,25.753937681885656,2302.982970332889,1.1052323111176487,0.20746887966804978
9353.0,18620,1,228.57142857142858,262.5,231.98868506890588,89.19478315776408,450.67922595331856,1.0,1.0,220.0,316.52087945035737,81.09970795112511,80643.90079620607,3.9028609035325905,0.19047619047619047
9353.0,18620,2,114.83253588516746,522.5,47.893110151670044,70.1585505994973,90.18499505645788,0.3333333333333333,0.3333333333333333,10.0,62.67198558987722,22.360679774997912,4402.590875953419,2.802776401277052,0.23923444976076558
9353.0,18620,3,57.142857142857146,1050.0,0.0,--,nan,nan,nan,0.0,nan,nan,nan,nan,nan
9353.0,18620,4,120.0,500.0,66.9991708074726,63.37191807101944,95.91663046625439,0.6,0.6,10.0,44.81071300481615,59.59865770300536,8390.120639418728,0.7518745342910047,0.2222222222222222
9353.0,18620,5,112.85266457680251,531.6666666666666,17.716909687891082,4.714045207910317,8.16496580927726,0.0,0.0,5.0,3.333333333333333,3.33333333333336,34.90658503988686,0.9999999999999919,0.31347962382445144
9353.0,18620,6,114.28571428571429,525.0,5.0,0.0,10.0,0.0,0.0,5.0,7.071067811865475,0.0,0.0,inf,0.47619047619047616
9353.0,18620,7,112.97071129707113,531.1111111111111,24.695678634325407,26.029810226126568,31.167748898959186,0.14285714285714285,0.14285714285714285,0.0,20.503857277724748,18.40585532389303,1185.6088893753335,1.1139855723579581,0.20920502092050208
9353.0,18620,8,120.0,500.0,44.721359549995796,0.0,0.0,0.0,0.0,0.0,0.0,0.0,0.0,nan,0.3333333333333333
9353.0,18620,9,120.0,500.0,49.32882862316247,4.714045207910317,8.16496580927726,0.0,0.0,0.0,5.773502691896257,3.33333333333336,60.459978807807744,1.7320508075688632,0.3333333333333333
9353.0,18620,10,117.1875,512.0,34.87119154832539,42.999762695121184,50.849919230164815,0.2857142857142857,0.14285714285714285,5.0,34.787987605388345,24.117061451620184,2635.74608038698,1.4424637792284303,0.1953125
9353.0,18620,11,115.10791366906474,521.25,5.994789404140899,4.898979485566356,7.745966692414834,0.0,0.0,0.0,5.2915026221291805,3.4641016151377824,57.586344551170086,1.5275252316519343,0.23980815347721823
