patient_id,ecg_id,lead,bpm,ibi,sdnn,sdsd,rmssd,pnn20,pnn50,hr_mad,sd1,sd2,s,sd1/sd2,breathingrate
18512.0,18889,0,110.09174311926606,545.0,5.0,4.988876515698589,7.302967433402215,0.0,0.0,5.0,5.163977794943222,4.807401700618656,77.99102921683368,1.0741723110591486,0.3440366972477064
18512.0,18889,1,110.09174311926606,545.0,6.123724356957945,6.182412330330469,10.64581294844754,0.0,0.0,0.0,7.512951779723095,4.47213595499958,105.55418867159489,1.6799470891138866,0.1146788990825688
18512.0,18889,2,110.09174311926606,545.0,5.0,0.0,10.0,0.0,0.0,5.0,0.0,0.0,0.0,nan,nan
18512.0,18889,3,111.11111111111111,540.0,0.0,0.0,0.0,0.0,0.0,0.0,0.0,0.0,0.0,nan,nan
18512.0,18889,4,110.16949152542372,544.6153846153846,4.9851851526214315,4.979295977319692,6.741998624632421,0.0,0.0,0.0,4.723774929733301,5.061603966209118,75.11509682112674,0.9332565252573812,0.2824858757062147
18512.0,18889,5,110.23622047244093,544.2857142857143,4.948716593053936,4.865042554105199,6.201736729460423,0.0,0.0,0.0,4.351426345763369,5.4392829322042155,74.35722257017267,0.7999999999999994,0.39370078740157477
18512.0,18889,6,110.15911872705018,544.6666666666666,4.988876515698589,5.0,7.0710678118654755,0.0,0.0,0.0,4.974424384708613,4.974424384708618,77.73838964240053,0.9999999999999991,0.12239902080783353
18512.0,18889,7,110.15911872705018,544.6666666666666,4.988876515698589,5.0,7.0710678118654755,0.0,0.0,0.0,4.974424384708613,4.974424384708618,77.73838964240053,0.9999999999999991,0.12239902080783353
18512.0,18889,8,110.15911872705018,544.6666666666666,4.988876515698589,5.0,7.0710678118654755,0.0,0.0,0.0,4.974424384708613,4.974424384708618,77.73838964240053,0.9999999999999991,0.12239902080783353
18512.0,18889,9,110.15911872705018,544.6666666666666,4.988876515698589,5.0,7.0710678118654755,0.0,0.0,0.0,4.974424384708613,4.974424384708618,77.73838964240053,0.9999999999999991,0.3671970624235006
18512.0,18889,10,110.09174311926606,545.0,5.0,5.0,7.0710678118654755,0.0,0.0,5.0,4.949747468305833,4.949747468305829,76.96902001294988,1.0000000000000007,0.1529051987767584
18512.0,18889,11,110.09174311926606,545.0,6.123724356957945,6.182412330330468,10.64581294844754,0.0,0.0,0.0,7.512951779723095,4.47213595499958,105.55418867159489,1.6799470891138866,0.1146788990825688
