patient_id,ecg_id,lead,bpm,ibi,sdnn,sdsd,rmssd,pnn20,pnn50,hr_mad,sd1,sd2,s,sd1/sd2,breathingrate
15223.0,18927,0,64.51612903225806,930.0,17.320508075688775,12.936264483053453,20.354009783964297,0.42857142857142855,0.0,10.0,14.069796859708719,20.152479970951266,890.7712632177485,0.6981670186492971,0.26881720430107525
15223.0,18927,1,64.51612903225806,930.0,17.320508075688775,12.936264483053453,20.354009783964297,0.42857142857142855,0.0,10.0,14.069796859708719,20.152479970951266,890.7712632177485,0.6981670186492971,0.26881720430107525
15223.0,18927,2,64.51612903225806,930.0,17.320508075688775,11.78030178747903,18.51640199545103,0.2857142857142857,0.0,10.0,12.453996981544782,19.166296949998195,749.8887553396501,0.649786289653931,0.26881720430107525
15223.0,18927,3,nan,nan,nan,--,nan,nan,nan,nan,nan,nan,nan,nan,nan
15223.0,18927,4,64.51612903225806,930.0,17.320508075688775,12.936264483053453,20.354009783964297,0.42857142857142855,0.0,10.0,14.069796859708719,20.152479970951266,890.7712632177485,0.6981670186492971,0.26881720430107525
15223.0,18927,5,64.51612903225806,930.0,17.320508075688775,12.47219128924647,18.257418583505537,0.3333333333333333,0.0,10.0,12.01850425154663,19.860625479688323,749.8824954126245,0.6051422833504456,0.26881720430107525
15223.0,18927,6,64.51612903225806,930.0,16.583123951777,11.78030178747903,19.639610121239315,0.14285714285714285,0.0,5.0,13.552618543578768,19.059520091609045,811.493505659161,0.711068194709966,0.13440860215053763
15223.0,18927,7,64.51612903225806,930.0,15.811388300841896,11.605769149479944,17.320508075688775,0.14285714285714285,0.0,5.0,11.866605518454392,18.680995472317164,696.4282718948393,0.6352234031660239,0.13440860215053763
15223.0,18927,8,64.81481481481482,925.7142857142857,13.997084244475303,12.583057392117917,19.578900207451216,0.3333333333333333,0.0,10.0,13.38531533684084,12.527746981977378,526.8068982221342,1.068453518106422,0.15432098765432098
15223.0,18927,9,64.71494607087827,927.1428571428571,16.65986255670086,13.743685418725535,21.602468994692867,0.5,0.0,10.0,14.529663145135576,14.719601443879718,671.8950930940784,0.9870962335856507,0.15408320493066255
15223.0,18927,10,94.48818897637796,635.0,5.0,--,nan,nan,nan,5.0,nan,nan,nan,nan,nan
15223.0,18927,11,64.51612903225806,930.0,15.811388300841896,12.777531299998799,18.126539343499314,0.14285714285714285,0.0,5.0,12.453996981544782,18.294640678379587,715.7848677544094,0.6807456457050169,0.13440860215053763
