patient_id,ecg_id,lead,bpm,ibi,sdnn,sdsd,rmssd,pnn20,pnn50,hr_mad,sd1,sd2,s,sd1/sd2,breathingrate
9640.0,19068,0,63.1578947368421,950.0,28.284271247461902,30.0,42.42640687119285,0.5,0.5,0.0,21.213203435596423,21.213203435596483,1413.7166941154105,0.9999999999999971,nan
9640.0,19068,1,64.51612903225806,930.0,39.68626966596886,24.77678124553084,54.31390245600108,0.8333333333333334,0.16666666666666666,40.0,37.50925811642299,37.36085295243315,4402.558442791782,1.0039722102752522,0.26881720430107525
9640.0,19068,2,64.42953020134229,931.25,22.603926650031404,15.90789817951435,30.237157840738178,0.42857142857142855,0.0,15.0,21.285234893930483,25.31435020952762,1692.7588924646232,0.840836707944386,0.1342281879194631
9640.0,19068,3,64.42953020134229,931.25,27.58509561339239,20.995626366712955,35.45621041711673,0.5714285714285714,0.0,20.0,24.74358296526967,30.904725218262758,2402.3558979736363,0.8006407690254357,0.1342281879194631
9640.0,19068,4,64.42953020134229,931.25,22.603926650031404,15.90789817951435,30.237157840738178,0.42857142857142855,0.0,15.0,21.285234893930483,25.31435020952762,1692.7588924646232,0.840836707944386,0.1342281879194631
9640.0,19068,5,64.22018348623853,934.2857142857143,22.58769757263128,15.723301886761007,32.4037034920393,0.5,0.0,10.0,22.882550362909964,24.97220677295282,1795.1933130507748,0.9163207149034924,0.1529051987767584
9640.0,19068,6,600.0,100.0,20.0,0.0,40.0,1.0,0.0,20.0,0.0,0.0,0.0,nan,nan
9640.0,19068,7,nan,nan,nan,--,nan,nan,nan,nan,nan,nan,nan,nan,nan
9640.0,19068,8,nan,nan,nan,--,nan,nan,nan,nan,nan,nan,nan,nan,nan
9640.0,19068,9,65.93406593406593,910.0,45.8257569495584,33.9934634239519,80.82903768654761,1.0,0.6666666666666666,30.0,56.96002496878353,29.05932629027111,5200.026838356361,1.9601288894248525,0.2747252747252747
9640.0,19068,10,64.42953020134229,931.25,23.684119151870522,12.777531299998799,30.0,0.5714285714285714,0.0,20.0,20.995626366712955,26.108095546424366,1722.0822947442664,0.8041806928957869,0.1342281879194631
9640.0,19068,11,64.42953020134229,931.25,23.684119151870522,12.777531299998799,30.0,0.5714285714285714,0.0,20.0,20.995626366712955,26.108095546424366,1722.0822947442664,0.8041806928957869,0.1342281879194631
