patient_id,ecg_id,lead,bpm,ibi,sdnn,sdsd,rmssd,pnn20,pnn50,hr_mad,sd1,sd2,s,sd1/sd2,breathingrate
19746.0,19143,0,58.895705521472394,1018.75,9.270248108869579,6.3887656499993986,10.690449676496975,0.0,0.0,5.0,7.284313590846835,10.497813183356465,240.23558979736342,0.6938886664887116,0.12269938650306748
19746.0,19143,1,58.906030855539974,1018.5714285714286,6.388765649999399,4.714045207910316,5.773502691896258,0.0,0.0,0.0,3.3333333333333335,6.666666666666627,69.81317007977277,0.500000000000003,0.1402524544179523
19746.0,19143,2,58.895705521472394,1018.75,9.270248108869579,6.3887656499993986,10.690449676496975,0.0,0.0,5.0,7.284313590846835,10.497813183356465,240.23558979736342,0.6938886664887116,0.36809815950920244
19746.0,19143,3,nan,nan,nan,--,nan,nan,nan,nan,nan,nan,nan,nan,nan
19746.0,19143,4,58.895705521472394,1018.75,9.270248108869579,6.3887656499993986,10.690449676496975,0.0,0.0,5.0,7.284313590846835,10.497813183356465,240.23558979736342,0.6938886664887116,0.12269938650306748
19746.0,19143,5,58.8235294117647,1020.0,9.258200997725515,6.871842709362768,10.801234497346433,0.0,0.0,0.0,6.7700320038632995,7.546154281781165,160.4967618387157,0.8971499589146125,0.2801120448179272
19746.0,19143,6,58.8235294117647,1020.0,9.258200997725515,6.871842709362768,10.801234497346433,0.0,0.0,0.0,6.7700320038632995,7.546154281781165,160.4967618387157,0.8971499589146125,0.2801120448179272
19746.0,19143,7,58.8235294117647,1020.0,11.180339887498949,9.89743318610787,15.118578920369089,0.14285714285714285,0.0,5.0,10.497813183356476,11.952286093343936,394.1846356902242,0.8783100656536798,0.24509803921568626
19746.0,19143,8,58.8235294117647,1020.0,9.258200997725515,6.871842709362768,10.801234497346433,0.0,0.0,0.0,6.7700320038632995,7.546154281781165,160.4967618387157,0.8971499589146125,0.2801120448179272
19746.0,19143,9,58.74125874125874,1021.4285714285714,6.388765649999399,4.714045207910316,5.773502691896258,0.0,0.0,0.0,3.3333333333333335,6.666666666666667,69.81317007977319,0.5,0.13986013986013984
19746.0,19143,10,58.8235294117647,1020.0,7.0710678118654755,4.5175395145262565,5.3452248382484875,0.0,0.0,5.0,3.1943828249996993,8.451542547285152,84.81502940883743,0.3779644730092278,0.24509803921568626
19746.0,19143,11,58.8235294117647,1020.0,10.0,8.80630571852711,11.338934190276817,0.0,0.0,10.0,7.423074889580903,9.583148474999087,223.48168214548446,0.7745966692414844,0.24509803921568626
