patient_id,ecg_id,lead,bpm,ibi,sdnn,sdsd,rmssd,pnn20,pnn50,hr_mad,sd1,sd2,s,sd1/sd2,breathingrate
14271.0,19145,0,56.75675675675676,1057.142857142857,18.29464067837957,7.453559924999299,18.257418583505537,0.16666666666666666,0.0,10.0,10.801234497346433,17.638342073763923,598.523254075536,0.612372435695795,0.13513513513513511
14271.0,19145,1,56.3758389261745,1064.2857142857142,20.60315014550851,13.844373104863458,28.577380332470412,0.5,0.0,20.0,19.329022507905336,19.329022507905343,1173.733921966187,0.9999999999999997,0.2684563758389262
14271.0,19145,2,57.142857142857146,1050.0,20.0,14.142135623730951,24.49489742783178,0.3333333333333333,0.0,15.0,14.529663145135578,17.32050807568882,790.6168132555299,0.8388704928078587,0.15873015873015872
14271.0,19145,3,nan,nan,nan,--,nan,nan,nan,nan,nan,nan,nan,nan,nan
14271.0,19145,4,56.3758389261745,1064.2857142857142,20.60315014550851,13.844373104863458,28.577380332470412,0.5,0.0,20.0,19.329022507905336,19.329022507905343,1173.733921966187,0.9999999999999997,0.2684563758389262
14271.0,19145,5,56.60377358490566,1060.0,22.360679774997898,13.850513878332368,26.72612419124244,0.42857142857142855,0.0,20.0,17.899948694488096,22.990681342044386,1292.8659596714583,0.7785740852209293,0.35377358490566035
14271.0,19145,6,56.3758389261745,1064.2857142857142,19.897697538834457,11.055415967851333,20.0,0.3333333333333333,0.0,10.0,12.247448713915889,20.41241452319317,785.3981633974488,0.5999999999999993,0.40268456375838924
14271.0,19145,7,56.75675675675676,1057.142857142857,18.29464067837957,7.453559924999299,18.257418583505537,0.16666666666666666,0.0,10.0,10.801234497346433,17.638342073763923,598.523254075536,0.612372435695795,0.13513513513513511
14271.0,19145,8,nan,nan,nan,--,nan,nan,nan,nan,nan,nan,nan,nan,nan
14271.0,19145,9,56.3758389261745,1064.2857142857142,18.405855323893036,10.671873729054749,15.811388300841896,0.16666666666666666,0.0,10.0,9.501461875826148,21.376258897301124,638.0754031724413,0.4444866579074677,0.2684563758389262
14271.0,19145,10,56.3758389261745,1064.2857142857142,18.405855323893036,10.671873729054749,15.811388300841896,0.16666666666666666,0.0,10.0,9.501461875826148,21.376258897301124,638.0754031724413,0.4444866579074677,0.2684563758389262
14271.0,19145,11,56.3758389261745,1064.2857142857142,19.897697538834457,11.055415967851333,20.0,0.3333333333333333,0.0,10.0,12.247448713915889,20.41241452319317,785.3981633974488,0.5999999999999993,0.40268456375838924
