patient_id,ecg_id,lead,bpm,ibi,sdnn,sdsd,rmssd,pnn20,pnn50,hr_mad,sd1,sd2,s,sd1/sd2,breathingrate
9858.0,19404,0,79.80652962515114,751.8181818181819,23.671302847802796,34.0,38.47076812334269,0.2,0.1,0.0,26.8700576850888,11.74734012447076,991.6490831473318,2.2873312086296083,0.12091898428053205
9858.0,19404,1,1500.0,40.0,0.0,--,nan,nan,nan,0.0,nan,nan,nan,nan,nan
9858.0,19404,2,79.76366322008863,752.2222222222222,4.15739709641549,4.948716593053935,7.559289460184544,0.0,0.0,0.0,5.3452248382484875,3.4992710611188538,58.76157607262254,1.5275252316519343,0.14771048744460855
9858.0,19404,3,nan,nan,nan,--,nan,nan,nan,nan,nan,nan,nan,nan,nan
9858.0,19404,4,nan,nan,nan,--,nan,nan,nan,nan,nan,nan,nan,nan,nan
9858.0,19404,5,1200.0,50.0,0.0,--,nan,nan,nan,0.0,nan,nan,nan,nan,nan
9858.0,19404,6,79.80652962515114,751.8181818181819,3.8569460791993495,4.58257569495584,5.477225575051661,0.0,0.0,0.0,3.8078865529319543,3.2403703492039564,38.76399450606038,1.1751393027859969,0.12091898428053205
9858.0,19404,7,80.0,750.0,0.0,0.0,0.0,0.0,0.0,0.0,0.0,0.0,0.0,nan,0.3333333333333333
9858.0,19404,8,79.80652962515114,751.8181818181819,3.8569460791993495,4.58257569495584,5.477225575051661,0.0,0.0,0.0,3.8078865529319543,3.2403703492039564,38.76399450606038,1.1751393027859969,0.12091898428053205
9858.0,19404,9,79.7872340425532,752.0,20.396078054371138,28.674417556808756,33.166247903554,0.2222222222222222,0.1111111111111111,0.0,23.120724496316456,10.243938285881,744.0776587390325,2.257015207538223,0.13297872340425532
9858.0,19404,10,80.0,750.0,0.0,0.0,0.0,0.0,0.0,0.0,0.0,0.0,0.0,nan,0.3333333333333333
9858.0,19404,11,79.86688851913478,751.25,3.307189138830738,4.517539514526256,5.3452248382484875,0.0,0.0,0.0,3.7796447300922718,3.1943828249997255,37.930434254361224,1.1832159566199134,0.1663893510815308
