patient_id,ecg_id,lead,bpm,ibi,sdnn,sdsd,rmssd,pnn20,pnn50,hr_mad,sd1,sd2,s,sd1/sd2,breathingrate
21485.0,19427,0,72.8744939271255,823.3333333333334,103.17191693694774,85.40345426269361,157.63882770434446,1.0,0.875,40.0,111.34125470821675,96.67923768834758,33817.321093945626,1.151656315983099,0.2699055330634278
21485.0,19427,1,72.28915662650603,830.0,106.53637876331258,86.96703574413958,167.24661004465403,1.0,1.0,45.0,117.63832500594387,98.75758818688213,36498.009519011954,1.1911826439436037,0.1506024096385542
21485.0,19427,2,72.97297297297298,822.2222222222222,107.68036835187304,91.02712507818755,168.04017376806058,1.0,0.875,50.0,118.66115097200093,97.5921039326441,36380.87248015985,1.2158888495107987,0.27027027027027023
21485.0,19427,3,nan,nan,nan,--,nan,nan,nan,nan,nan,nan,nan,nan,nan
21485.0,19427,4,67.96116504854369,882.8571428571429,159.52736314449862,155.82040944625965,269.5922847560738,1.0,0.8,60.0,175.874955579241,96.39502061828715,53260.89670841205,1.8245232424990598,0.16181229773462785
21485.0,19427,5,74.6268656716418,804.0,48.0,33.54101966249684,100.74720839804942,1.0,0.75,50.0,71.23903424387503,23.717082451262883,5307.978552493864,3.0037014202850107,0.24875621890547261
21485.0,19427,6,nan,nan,nan,--,nan,nan,nan,nan,nan,nan,nan,nan,nan
21485.0,19427,7,72.8744939271255,823.3333333333334,101.6530045465127,86.27716963368698,153.94804318340653,1.0,0.875,40.0,108.72844613991316,96.03059408334413,32802.17715432819,1.1322271530003103,0.2699055330634278
21485.0,19427,8,71.2871287128713,841.6666666666666,117.53250141509322,76.93341276714558,140.44571905188138,1.0,1.0,50.0,95.70462371275485,106.93163703974614,32150.594530918224,0.8950075614869878,0.19801980198019803
21485.0,19427,9,72.97297297297298,822.2222222222222,103.47063757175836,85.13775601928911,158.54809995707927,1.0,1.0,50.0,111.93957633473515,95.25869382896244,33499.48679651568,1.175111392307387,0.27027027027027023
21485.0,19427,10,72.97297297297298,822.2222222222222,103.47063757175836,85.13775601928911,158.54809995707927,1.0,1.0,50.0,111.93957633473515,95.25869382896244,33499.48679651568,1.175111392307387,0.27027027027027023
21485.0,19427,11,72.28915662650603,830.0,105.94810050208545,88.109393972053,163.00744943538186,1.0,0.8571428571428571,40.0,114.62449786238575,100.83326305726457,36310.40896760363,1.1367726719038036,0.1506024096385542
