patient_id,ecg_id,lead,bpm,ibi,sdnn,sdsd,rmssd,pnn20,pnn50,hr_mad,sd1,sd2,s,sd1/sd2,breathingrate
9771.0,19470,0,73.2519422863485,819.0909090909091,16.762808104168883,10.04987562112089,16.431676725154983,0.1,0.0,20.0,11.067971810589325,18.82817038376275,654.6754219632866,0.5878410692594034,0.22197558268590456
9771.0,19470,1,73.2824427480916,818.75,12.686114456365274,8.80630571852711,19.27248223318863,0.2857142857142857,0.0,10.0,13.477115902938005,12.371791482634848,523.816805495568,1.0893423092245451,0.15267175572519084
9771.0,19470,2,73.17073170731707,820.0,18.708286933869708,13.564659966250536,19.493588689617926,0.2,0.0,15.0,13.114877048604,19.697715603592265,811.5774265657609,0.6658070058749476,0.3048780487804878
9771.0,19470,3,nan,nan,nan,--,nan,nan,nan,nan,nan,nan,nan,nan,nan
9771.0,19470,4,73.66984993178717,814.4444444444445,14.989708403591157,12.183492931011205,18.371173070873837,0.125,0.0,10.0,12.716868718359876,15.983389815680562,638.5559443259621,0.7956302677348173,0.2728512960436562
9771.0,19470,5,73.46938775510205,816.6666666666666,4.714045207910316,0.0,10.0,0.0,0.0,0.0,0.0,0.0,0.0,nan,nan
9771.0,19470,6,73.39449541284404,817.5,13.919410907075054,14.98298354528788,21.712405933672375,0.14285714285714285,0.0,10.0,15.319721849662294,14.069796859708747,677.1557646423055,1.0888374581677807,0.3058103975535168
9771.0,19470,7,72.99270072992701,822.0,14.696938456699069,9.428090415820632,19.148542155126762,0.3333333333333333,0.0,10.0,11.547005383792513,13.333333333333334,483.67983046245797,0.8660254037844384,0.24330900243309
9771.0,19470,8,nan,nan,nan,--,nan,nan,nan,nan,nan,nan,nan,nan,nan
9771.0,19470,9,73.42657342657343,817.1428571428571,12.777531299998799,9.428090415820632,19.148542155126762,0.3333333333333333,0.0,10.0,13.540064007726599,13.333333333333348,567.1648748774601,1.0155048005794938,0.17482517482517484
9771.0,19470,10,73.29842931937173,818.5714285714286,18.070158058105022,8.2915619758885,15.0,0.0,0.0,20.0,10.458250331675943,20.841665000666318,684.7646251868031,0.5017953379128581,0.34904013961605584
9771.0,19470,11,73.2824427480916,818.75,12.686114456365274,8.80630571852711,19.27248223318863,0.2857142857142857,0.0,10.0,13.477115902938005,12.371791482634848,523.816805495568,1.0893423092245451,0.15267175572519084
