patient_id,ecg_id,lead,bpm,ibi,sdnn,sdsd,rmssd,pnn20,pnn50,hr_mad,sd1,sd2,s,sd1/sd2,breathingrate
14515.0,19605,0,66.91449814126395,896.6666666666666,24.26703296426839,22.360679774997898,37.416573867739416,0.5,0.25,20.0,26.457513110645905,25.495097567963878,2119.1201010078785,1.0377490433255434,0.1858736059479554
14515.0,19605,1,68.18181818181819,880.0,20.0,--,nan,nan,nan,20.0,nan,nan,nan,nan,nan
14515.0,19605,2,66.25766871165644,905.5555555555555,28.327886186626582,21.176342932621772,39.84344362627307,0.625,0.25,30.0,28.04850709039609,26.6780574630163,2350.7899578002857,1.051369918116401,0.24539877300613497
14515.0,19605,3,65.93406593406593,910.0,27.0801280154532,19.58758457257441,43.26001122779063,0.8571428571428571,0.2857142857142857,20.0,30.438965360946447,21.946130708196023,2098.638909530669,1.3869855131036235,0.24420024420024422
14515.0,19605,4,66.07929515418502,908.0,17.204650534085253,8.16496580927726,40.824829046386306,1.0,0.0,10.0,28.480012484391768,8.81917103688204,789.0741448330709,3.229329872987778,0.22026431718061673
14515.0,19605,5,67.3076923076923,891.4285714285714,39.79539507766891,8.2915619758885,38.40572873934304,1.0,0.0,40.0,27.099354235848494,45.92793267718462,3910.080619426916,0.5900408021045219,0.3205128205128205
14515.0,19605,6,nan,nan,nan,--,nan,nan,nan,nan,nan,nan,nan,nan,nan
14515.0,19605,7,nan,nan,nan,--,nan,nan,nan,nan,nan,nan,nan,nan,nan
14515.0,19605,8,66.2251655629139,906.0,32.0,24.94438257849294,36.51483716701107,0.3333333333333333,0.3333333333333333,30.0,24.037008503093258,29.05932629027111,2194.400185013725,0.8271701918685124,0.22075055187637968
14515.0,19605,9,1000.0,60.0,0.0,--,nan,nan,nan,0.0,nan,nan,nan,nan,nan
14515.0,19605,10,66.83168316831683,897.7777777777778,40.49081590730799,39.53815000885156,58.309518948453004,0.5714285714285714,0.2857142857142857,30.0,38.72983346207417,31.7194333016779,3859.4100359673744,1.221012780831284,0.12376237623762376
14515.0,19605,11,1500.0,40.0,0.0,--,nan,nan,nan,0.0,nan,nan,nan,nan,nan
