patient_id,ecg_id,lead,bpm,ibi,sdnn,sdsd,rmssd,pnn20,pnn50,hr_mad,sd1,sd2,s,sd1/sd2,breathingrate
11858.0,19614,0,78.3289817232376,766.0,8.0,8.748897637790902,14.142135623730951,0.0,0.0,5.0,10.0,6.186404847588867,194.35164021317468,1.6164477182409862,0.2610966057441253
11858.0,19614,1,78.3744557329463,765.5555555555555,8.31479419283098,7.806247497997997,11.726039399558575,0.0,0.0,10.0,8.244316223920574,7.015607600201117,181.70622424715594,1.17513930278601,0.29027576197387517
11858.0,19614,2,nan,nan,nan,--,nan,nan,nan,nan,nan,nan,nan,nan,nan
11858.0,19614,3,nan,nan,nan,--,nan,nan,nan,nan,nan,nan,nan,nan,nan
11858.0,19614,4,78.43137254901961,765.0,8.06225774829855,9.428090415820634,13.743685418725535,0.0,0.0,5.0,9.686442096757052,6.666666666666614,202.87236887063082,1.4529663145135694,0.26143790849673204
11858.0,19614,5,nan,nan,nan,--,nan,nan,nan,nan,nan,nan,nan,nan,nan
11858.0,19614,6,78.3744557329463,765.5555555555555,4.969039949999533,5.0,7.0710678118654755,0.0,0.0,0.0,5.0,4.677071733467411,73.46727099086849,1.0690449676497011,0.29027576197387517
11858.0,19614,7,78.43137254901961,765.0,5.0,5.0,7.0710678118654755,0.0,0.0,5.0,5.0,3.535533905932766,55.53603672698002,1.4142135623730836,0.2178649237472767
11858.0,19614,8,85.71428571428571,700.0,0.0,--,nan,nan,nan,0.0,nan,nan,nan,nan,nan
11858.0,19614,9,79.47019867549669,755.0,12.583057392117917,4.714045207910316,23.804761428476166,0.3333333333333333,0.0,15.0,15.275252316519465,5.773502691896304,277.06242940220494,2.645751311064569,0.22075055187637968
11858.0,19614,10,78.3744557329463,765.5555555555555,6.849348892187752,6.959705453537527,9.354143466934854,0.0,0.0,0.0,6.5550553010634465,4.921254921257365,101.34494578923133,1.3319885691653321,0.29027576197387517
11858.0,19614,11,78.3744557329463,765.5555555555555,8.31479419283098,7.806247497997997,11.726039399558575,0.0,0.0,10.0,8.244316223920574,7.015607600201117,181.70622424715594,1.17513930278601,0.29027576197387517
