patient_id,ecg_id,lead,bpm,ibi,sdnn,sdsd,rmssd,pnn20,pnn50,hr_mad,sd1,sd2,s,sd1/sd2,breathingrate
15495.0,19753,0,49.45054945054945,1213.3333333333333,14.907119849998598,13.2664991614216,22.360679774997898,0.2,0.0,15.0,15.231546211727817,13.856406460551042,663.0472520432656,1.099242163189408,0.13736263736263735
15495.0,19753,1,49.45054945054945,1213.3333333333333,14.907119849998598,13.2664991614216,22.360679774997898,0.2,0.0,15.0,15.231546211727817,13.856406460551042,663.0472520432656,1.099242163189408,0.13736263736263735
15495.0,19753,2,49.382716049382715,1215.0,15.0,14.696938456699069,26.457513110645905,0.2,0.0,5.0,18.654758106177628,13.416407864998774,786.2773172896701,1.39044357430761,0.13717421124828533
15495.0,19753,3,nan,nan,nan,--,nan,nan,nan,nan,nan,nan,nan,nan,nan
15495.0,19753,4,107.78443113772455,556.6666666666666,103.38708279513882,70.0,138.92443989449805,1.0,0.5,50.0,49.49747468305833,84.8528137423857,13194.689145077133,0.5833333333333334,nan
15495.0,19753,5,49.45054945054945,1213.3333333333333,11.055415967851333,8.0,17.88854381999832,0.2,0.0,10.0,12.328828005937952,9.380831519646845,363.3398250522104,1.3142574813455437,0.13736263736263735
15495.0,19753,6,nan,nan,nan,--,nan,nan,nan,nan,nan,nan,nan,nan,nan
15495.0,19753,7,178.21782178217822,336.6666666666667,213.28124364061856,200.0,336.00595232822883,1.0,1.0,180.0,141.42135623730948,190.91883092036784,84823.0016469244,0.7407407407407406,0.49504950495049505
15495.0,19753,8,49.586776859504134,1210.0,14.142135623730951,10.897247358851684,25.0,0.25,0.0,10.0,16.86342195404005,7.705517503711218,408.222925769563,2.1884866196096624,0.1652892561983471
15495.0,19753,9,49.45054945054945,1213.3333333333333,11.055415967851333,8.0,17.88854381999832,0.2,0.0,10.0,12.328828005937952,9.380831519646845,363.3398250522104,1.3142574813455437,0.13736263736263735
15495.0,19753,10,49.45054945054945,1213.3333333333333,15.986105077709064,13.564659966250536,27.568097504180443,0.2,0.0,10.0,19.287301521985906,13.711309200802114,830.807229984542,1.4066710362608987,0.13736263736263735
15495.0,19753,11,49.45054945054945,1213.3333333333333,11.055415967851333,8.0,17.88854381999832,0.2,0.0,10.0,12.328828005937952,9.380831519646845,363.3398250522104,1.3142574813455437,0.13736263736263735
