patient_id,ecg_id,lead,bpm,ibi,sdnn,sdsd,rmssd,pnn20,pnn50,hr_mad,sd1,sd2,s,sd1/sd2,breathingrate
17417.0,19820,0,80.0,750.0,0.0,--,nan,nan,nan,0.0,nan,nan,nan,nan,nan
17417.0,19820,1,55.81395348837209,1075.0,36.40054944640259,15.0,38.07886552931954,0.5,0.0,35.0,10.60660171779821,24.748737341529136,824.6680715673194,0.42857142857142894,0.23255813953488372
17417.0,19820,2,55.29953917050691,1085.0,29.297326385411576,24.979991993593593,36.05551275463989,0.4,0.2,25.0,25.455844122715707,31.112698372208087,2488.1413816431154,0.8181818181818181,0.15360983102918588
17417.0,19820,3,nan,nan,nan,--,nan,nan,nan,nan,nan,nan,nan,nan,nan
17417.0,19820,4,54.94505494505494,1092.0,27.85677655436824,21.213203435596427,36.742346141747674,0.5,0.0,20.0,25.739075352467495,23.97915761656354,1938.995210551062,1.0733936430981335,0.18315018315018314
17417.0,19820,5,55.46995377503852,1081.6666666666667,35.78485092263981,18.547236990991408,30.331501776206203,0.4,0.0,30.0,18.220867158288595,41.80908992073377,2393.2586027654006,0.43581114042026986,0.15408320493066255
17417.0,19820,6,55.70291777188329,1077.142857142857,34.93434074467852,19.50783318453271,34.39961240091716,0.5,0.0,30.0,24.065881796989416,38.60411607300158,2918.6718182975014,0.6234019644817171,0.13262599469496023
17417.0,19820,7,55.6199304750869,1078.75,31.399641717701176,24.159335036125373,39.64124835860459,0.5714285714285714,0.2857142857142857,25.0,27.737839769925134,36.44957377763736,3176.25207701656,0.7609921569766867,0.11587485515643105
17417.0,19820,8,55.70291777188329,1077.142857142857,34.93434074467852,19.50783318453271,34.39961240091716,0.5,0.0,30.0,24.065881796989416,38.60411607300158,2918.6718182975014,0.6234019644817171,0.13262599469496023
17417.0,19820,9,55.70291777188329,1077.142857142857,34.93434074467852,19.50783318453271,34.39961240091716,0.5,0.0,30.0,24.065881796989416,38.60411607300158,2918.6718182975014,0.6234019644817171,0.13262599469496023
17417.0,19820,10,55.46995377503852,1081.6666666666667,35.78485092263981,18.547236990991408,30.331501776206203,0.4,0.0,30.0,18.220867158288595,41.80908992073377,2393.2586027654006,0.43581114042026986,0.15408320493066255
17417.0,19820,11,55.70291777188329,1077.142857142857,31.03651568914347,14.907119849998598,30.550504633038933,0.5,0.0,30.0,21.473497877875207,34.80102169636853,2347.7111393058376,0.6170364210920841,0.13262599469496023
