patient_id,ecg_id,lead,bpm,ibi,sdnn,sdsd,rmssd,pnn20,pnn50,hr_mad,sd1,sd2,s,sd1/sd2,breathingrate
17510.0,19869,0,57.25190839694657,1048.0,25.612496949731394,16.99673171197595,49.6655480858378,1.0,0.3333333333333333,20.0,29.627314724385297,12.018504251546624,1118.6457707799182,2.4651415936864733,0.19083969465648853
17510.0,19869,1,58.53658536585366,1025.0,36.40054944640259,26.5329983228432,43.12771730569565,0.4,0.4,20.0,30.463092423455628,32.24903099319419,3086.316995964503,0.9446203958774617,0.16260162601626016
17510.0,19869,2,58.57740585774059,1024.2857142857142,34.99271061118826,20.344259359556172,46.36809247747852,0.8333333333333334,0.3333333333333333,30.0,32.25333746727271,37.50925811642299,3800.6948972910513,0.8598767100954994,0.1394700139470014
17510.0,19869,3,nan,nan,nan,--,nan,nan,nan,nan,nan,nan,nan,nan,nan
17510.0,19869,4,59.016393442622956,1016.6666666666666,27.48737083745107,20.396078054371138,34.64101615137755,0.4,0.2,20.0,24.331050121192874,34.17601498127013,2612.354719550858,0.7119335046677413,0.16393442622950818
17510.0,19869,5,58.57740585774059,1024.2857142857142,34.16645926600399,27.938424357067017,47.43416490252569,0.6666666666666666,0.3333333333333333,30.0,33.019354593598244,34.980153103025565,3628.6088782685583,0.9439453994483025,0.1394700139470014
17510.0,19869,6,nan,nan,nan,--,nan,nan,nan,nan,nan,nan,nan,nan,nan
17510.0,19869,7,58.4958217270195,1025.7142857142858,33.74574803147919,24.324199198877373,42.62237284181474,0.5,0.3333333333333333,20.0,29.556913084946995,34.74110597612639,3225.912528580428,0.850776400303954,0.1392757660167131
17510.0,19869,8,58.57740585774059,1024.2857142857142,36.58928135675914,31.09126351029605,50.66228051190221,0.5,0.5,20.0,35.11884584284246,35.82364210034111,3952.390481911165,0.9803259463254871,0.1394700139470014
17510.0,19869,9,59.016393442622956,1016.6666666666666,31.972210155418132,21.908902300206645,45.60701700396552,0.8,0.4,15.0,32.2490309931942,37.52332607858743,3801.612699447849,0.8594395636904109,0.16393442622950818
17510.0,19869,10,59.016393442622956,1016.6666666666666,28.087165910587863,17.204650534085253,36.3318042491699,0.6,0.2,15.0,25.534290669607405,34.46737587922814,2764.915676576444,0.7408249110427845,0.16393442622950818
17510.0,19869,11,59.016393442622956,1016.6666666666666,28.087165910587863,17.204650534085253,36.3318042491699,0.6,0.2,15.0,25.534290669607405,34.46737587922814,2764.915676576444,0.7408249110427845,0.16393442622950818
