patient_id,ecg_id,lead,bpm,ibi,sdnn,sdsd,rmssd,pnn20,pnn50,hr_mad,sd1,sd2,s,sd1/sd2,breathingrate
14689.0,19906,0,84.26966292134831,712.0,13.2664991614216,8.7488976377909,12.47219128924647,0.1111111111111111,0.0,10.0,8.678055195451837,17.033010796395423,464.36951615916746,0.5094845121150462,0.1404494382022472
14689.0,19906,1,84.50704225352112,710.0,11.547005383792516,6.55554777357089,8.528028654224418,0.0,0.0,5.0,5.891582453098055,15.374122295716129,284.5588939607281,0.38321423101595176,0.2347417840375587
14689.0,19906,2,nan,nan,nan,--,nan,nan,nan,nan,nan,nan,nan,nan,nan
14689.0,19906,3,84.65608465608466,708.75,10.532687216470448,5.0,7.0710678118654755,0.0,0.0,5.0,4.859126579037749,12.076147288491176,184.34717490364352,0.4023739080814789,0.1763668430335097
14689.0,19906,4,84.0,714.2857142857143,16.781914463529613,8.0,17.88854381999832,0.2,0.0,20.0,12.328828005937952,21.725560982400413,841.477806095772,0.5674803065350243,0.2
14689.0,19906,5,84.50704225352112,710.0,11.547005383792516,6.55554777357089,8.528028654224418,0.0,0.0,5.0,5.891582453098055,15.374122295716129,284.5588939607281,0.38321423101595176,0.11737089201877934
14689.0,19906,6,84.3989769820972,710.9090909090909,13.111095547141778,8.717797887081348,11.832159566199232,0.1,0.0,10.0,8.24621125123532,16.970562748477132,439.6434152707552,0.4859126579037752,0.2557544757033248
14689.0,19906,7,84.2911877394636,711.8181818181819,14.024771473219559,6.4031242374328485,14.491376746189438,0.1,0.0,10.0,10.222524150130436,17.902513789968136,574.9393515862209,0.5710105446676844,0.1277139208173691
14689.0,19906,8,84.2911877394636,711.8181818181819,14.024771473219559,6.4031242374328485,14.491376746189438,0.1,0.0,10.0,10.222524150130436,17.902513789968136,574.9393515862209,0.5710105446676844,0.2554278416347382
14689.0,19906,9,84.3989769820972,710.9090909090909,13.111095547141778,8.717797887081348,11.832159566199232,0.1,0.0,10.0,8.24621125123532,16.970562748477132,439.6434152707552,0.4859126579037752,0.2557544757033248
14689.0,19906,10,84.3989769820972,710.9090909090909,13.111095547141778,8.717797887081348,11.832159566199232,0.1,0.0,10.0,8.24621125123532,16.970562748477132,439.6434152707552,0.4859126579037752,0.2557544757033248
14689.0,19906,11,84.3989769820972,710.9090909090909,11.642044068059723,6.6332495807108,8.94427190999916,0.0,0.0,10.0,6.164414002968976,15.427248620541492,298.7652961832279,0.39957961102415984,0.1278772378516624
