patient_id,ecg_id,lead,bpm,ibi,sdnn,sdsd,rmssd,pnn20,pnn50,hr_mad,sd1,sd2,s,sd1/sd2,breathingrate
19121.0,19922,0,69.63249516441006,861.6666666666666,13.437096247164249,6.324555320336759,11.832159566199232,0.0,0.0,10.0,7.211102550927977,16.370705543744926,370.8676407204889,0.4404881959216024,0.19342359767891684
19121.0,19922,1,69.63249516441006,861.6666666666666,12.133516482134196,8.0,10.0,0.0,0.0,10.0,5.65685424949238,14.422205101855974,256.3046759106258,0.3922322702763676,0.19342359767891684
19121.0,19922,2,nan,nan,nan,--,nan,nan,nan,nan,nan,nan,nan,nan,nan
19121.0,19922,3,nan,nan,nan,--,nan,nan,nan,nan,nan,nan,nan,nan,nan
19121.0,19922,4,69.88352745424292,858.5714285714286,14.56862718169367,4.714045207910317,8.16496580927726,0.0,0.0,10.0,3.333333333333333,18.104634152000404,189.5912854928511,0.1841149235796642,0.1663893510815308
19121.0,19922,5,69.28406466512702,866.0,13.564659966250536,8.16496580927726,12.909944487358056,0.0,0.0,10.0,5.773502691896257,12.018504251546624,217.9915537050151,0.48038446141526164,0.23094688221709006
19121.0,19922,6,69.63249516441006,861.6666666666666,12.133516482134196,8.0,10.0,0.0,0.0,10.0,5.65685424949238,14.422205101855974,256.3046759106258,0.3922322702763676,0.19342359767891684
19121.0,19922,7,69.63249516441006,861.6666666666666,12.133516482134196,8.0,10.0,0.0,0.0,10.0,5.65685424949238,14.422205101855974,256.3046759106258,0.3922322702763676,0.19342359767891684
19121.0,19922,8,nan,nan,nan,--,nan,nan,nan,nan,nan,nan,nan,nan,nan
19121.0,19922,9,69.63249516441006,861.6666666666666,12.133516482134196,8.0,10.0,0.0,0.0,10.0,5.65685424949238,14.422205101855974,256.3046759106258,0.3922322702763676,0.19342359767891684
19121.0,19922,10,69.63249516441006,861.6666666666666,12.133516482134196,8.0,10.0,0.0,0.0,10.0,5.65685424949238,14.422205101855974,256.3046759106258,0.3922322702763676,0.19342359767891684
19121.0,19922,11,69.63249516441006,861.6666666666666,12.133516482134196,8.0,10.0,0.0,0.0,10.0,5.65685424949238,14.422205101855974,256.3046759106258,0.3922322702763676,0.19342359767891684
