patient_id,ecg_id,lead,bpm,ibi,sdnn,sdsd,rmssd,pnn20,pnn50,hr_mad,sd1,sd2,s,sd1/sd2,breathingrate
9042.0,19956,0,49.645390070921984,1208.5714285714287,118.61445002655469,89.70631093865258,114.81869766433223,0.6666666666666666,0.3333333333333333,20.0,72.504789113854,109.60155108391481,24965.0975128752,0.6615306845278291,0.11820330969267138
9042.0,19956,1,50.0,1200.0,115.75836902790225,93.45958419312072,112.6308762538687,0.42857142857142855,0.14285714285714285,15.0,70.85483867221282,101.61953853587848,22620.208549686704,0.697256056198251,0.10416666666666667
9042.0,19956,2,49.42339373970346,1214.0,138.79481258317978,16.32993161855452,25.81988897471611,0.3333333333333333,0.0,20.0,17.638342073763933,11.547005383792516,639.8482727907735,1.527525231651946,0.16474464579901152
9042.0,19956,3,444.44444444444446,135.0,75.0,--,nan,nan,nan,75.0,nan,nan,nan,nan,nan
9042.0,19956,4,49.645390070921984,1208.5714285714287,117.88960591873004,95.64111156935716,117.5443178833697,0.6666666666666666,0.16666666666666666,40.0,74.65662134808345,106.281857968956,24927.420639325373,0.7024399344795985,0.11820330969267138
9042.0,19956,5,50.05213764337852,1198.75,112.85361093026665,90.14727179590571,109.08712114635715,0.5714285714285714,0.14285714285714285,25.0,68.55654600401043,99.98979539769783,21535.47629417907,0.6856354264086121,0.10427528675703858
9042.0,19956,6,52.17391304347826,1150.0,16.32993161855452,0.0,40.0,1.0,0.0,20.0,0.0,0.0,0.0,nan,nan
9042.0,19956,7,49.645390070921984,1208.5714285714287,118.61445002655469,89.70631093865258,114.81869766433223,0.6666666666666666,0.3333333333333333,20.0,72.504789113854,109.60155108391481,24965.0975128752,0.6615306845278291,0.11820330969267138
9042.0,19956,8,nan,nan,nan,--,nan,nan,nan,nan,nan,nan,nan,nan,nan
9042.0,19956,9,50.0,1200.0,112.58330249197702,89.09980645435814,109.87005311470715,0.7142857142857143,0.14285714285714285,25.0,69.17885721601857,99.33452037824271,21588.549084210237,0.6964231261458916,0.10416666666666667
9042.0,19956,10,49.645390070921984,1208.5714285714287,118.61445002655469,89.70631093865258,114.81869766433223,0.6666666666666666,0.3333333333333333,20.0,72.504789113854,109.60155108391481,24965.0975128752,0.6615306845278291,0.11820330969267138
9042.0,19956,11,nan,nan,nan,--,nan,nan,nan,nan,nan,nan,nan,nan,nan
