patient_id,ecg_id,lead,bpm,ibi,sdnn,sdsd,rmssd,pnn20,pnn50,hr_mad,sd1,sd2,s,sd1/sd2,breathingrate
18519.0,19975,0,237.62376237623764,252.5,265.3653142368083,196.64533494365446,508.1619539365097,0.8571428571428571,0.8571428571428571,20.0,359.3020445024958,140.10200365651957,158144.43263511502,2.564574632232791,0.49504950495049505
18519.0,19975,1,78.68852459016394,762.5,167.5870420607353,141.80652632756684,221.37996952997105,0.8181818181818182,0.7272727272727273,85.0,156.31606041543412,172.49745476622675,84710.2893473348,0.9061934312438286,0.2185792349726776
18519.0,19975,2,115.38461538461539,520.0,94.16297927883689,--,nan,nan,nan,50.0,nan,nan,nan,nan,nan
18519.0,19975,3,131.00436681222706,458.0,216.83173199511182,75.86537784494028,267.64404221527764,1.0,1.0,180.0,188.8856208867625,120.96831541082702,71782.8014641266,1.5614470635990743,0.4366812227074236
18519.0,19975,4,94.24083769633508,636.6666666666666,100.77477638553982,--,nan,nan,nan,70.0,nan,nan,nan,nan,nan
18519.0,19975,5,75.47169811320755,795.0,191.83326093250878,134.09159390340454,291.06127648085834,0.8333333333333334,0.8333333333333334,170.0,204.31797114628299,173.04864441345197,111077.12788963181,1.1806967447726524,0.15723270440251572
18519.0,19975,6,78.125,768.0,157.4674569553976,106.19106935084768,168.72067646458353,0.7777777777777778,0.6666666666666666,80.0,119.2621347709467,189.94151146544502,71165.96474766599,0.6278887319091561,0.13020833333333334
18519.0,19975,7,76.70454545454545,782.2222222222222,161.57404754324307,111.55155758661553,180.96961070853857,0.75,0.75,80.0,127.85489822451073,190.91883092036778,76685.98669402316,0.6696819669812403,0.14204545454545456
18519.0,19975,8,87.37864077669903,686.6666666666666,67.49485577105528,54.365021434333634,125.69805089976535,1.0,1.0,50.0,88.38049055708568,66.4161961505709,18440.82214064137,1.3307069010203467,0.24271844660194175
18519.0,19975,9,85.71428571428571,700.0,66.332495807108,54.365021434333634,125.69805089976535,1.0,1.0,40.0,88.38049055708568,66.4161961505709,18440.82214064137,1.3307069010203467,0.2857142857142857
18519.0,19975,10,87.91208791208791,682.5,79.80444849756184,35.0,158.90248582070703,1.0,1.0,40.0,109.60155108391487,24.748737341529136,8521.570072862305,4.428571428571433,0.3663003663003663
18519.0,19975,11,nan,nan,nan,--,nan,nan,nan,nan,nan,nan,nan,nan,nan
