patient_id,ecg_id,lead,bpm,ibi,sdnn,sdsd,rmssd,pnn20,pnn50,hr_mad,sd1,sd2,s,sd1/sd2,breathingrate
10061.0,20132,0,67.09265175718849,894.2857142857143,9.035079029052513,10.0,14.142135623730951,0.0,0.0,0.0,9.718253158075498,7.071067811865419,215.88530572358474,1.3743685418725642,0.1597444089456869
10061.0,20132,1,98.36065573770492,610.0,10.0,--,nan,nan,nan,10.0,nan,nan,nan,nan,nan
10061.0,20132,2,67.24782067247821,892.2222222222222,7.856742013183861,7.0710678118654755,12.24744871391589,0.0,0.0,0.0,8.660254037844386,7.905694150420936,215.090145357955,1.095445115010334,0.24906600249066005
10061.0,20132,3,nan,nan,nan,--,nan,nan,nan,nan,nan,nan,nan,nan,nan
10061.0,20132,4,67.09265175718849,894.2857142857143,9.035079029052513,10.0,14.142135623730951,0.0,0.0,0.0,9.718253158075498,7.071067811865419,215.88530572358474,1.3743685418725642,0.1597444089456869
10061.0,20132,5,68.18181818181819,880.0,0.0,--,nan,nan,nan,0.0,nan,nan,nan,nan,nan
10061.0,20132,6,67.24782067247821,892.2222222222222,9.162456945817024,9.270248108869579,14.577379737113251,0.0,0.0,0.0,10.269797953221863,7.8561281812352926,253.46636286789425,1.307234010991792,0.24906600249066005
10061.0,20132,7,67.24782067247821,892.2222222222222,10.304020550550783,6.959705453537527,15.411035007422441,0.0,0.0,10.0,10.861341998114227,9.960860906568245,339.88362158320274,1.0904019341292277,0.24906600249066005
10061.0,20132,8,nan,nan,nan,--,nan,nan,nan,nan,nan,nan,nan,nan,nan
10061.0,20132,9,67.24782067247821,892.2222222222222,7.856742013183861,7.0710678118654755,12.24744871391589,0.0,0.0,0.0,8.660254037844386,7.905694150420936,215.090145357955,1.095445115010334,0.24906600249066005
10061.0,20132,10,67.24782067247821,892.2222222222222,9.162456945817024,9.270248108869579,14.577379737113251,0.0,0.0,0.0,10.269797953221863,7.8561281812352926,253.46636286789425,1.307234010991792,0.24906600249066005
10061.0,20132,11,67.26457399103138,892.0,7.483314773547883,7.370277311900889,11.547005383792516,0.0,0.0,0.0,8.164965809277259,7.5359222034725075,193.30391484353368,1.0834726777719244,0.336322869955157
