patient_id,ecg_id,lead,bpm,ibi,sdnn,sdsd,rmssd,pnn20,pnn50,hr_mad,sd1,sd2,s,sd1/sd2,breathingrate
11427.0,20507,0,80.53691275167785,745.0,6.708203932499369,4.948716593053935,7.559289460184544,0.0,0.0,0.0,5.3452248382484875,3.4992710611188538,58.76157607262254,1.5275252316519343,0.2684563758389262
11427.0,20507,1,80.2675585284281,747.5,4.330127018922194,4.714045207910316,5.773502691896258,0.0,0.0,0.0,3.333333333333333,3.33333333333336,34.90658503988686,0.9999999999999919,0.33444816053511706
11427.0,20507,2,80.53691275167785,745.0,8.660254037844387,7.158188976374374,10.87114613009218,0.0,0.0,5.0,7.441229792611316,7.977240352174629,186.48644339355695,0.9328075204080827,0.2237136465324385
11427.0,20507,3,80.42895442359249,746.0,4.898979485566356,0.0,0.0,0.0,0.0,0.0,0.0,6.666666666666614,0.0,0.0,0.2680965147453083
11427.0,20507,4,192.0,312.5,33.44772040064913,15.0,66.70832032063167,1.0,0.5,30.0,10.606601717798213,3.5355339059327378,117.80972450961725,3.0,0.8
11427.0,20507,5,nan,nan,nan,--,nan,nan,nan,nan,nan,nan,nan,nan,nan
11427.0,20507,6,80.68459657701712,743.6363636363636,7.7138921583987,6.708203932499369,8.366600265340756,0.0,0.0,0.0,5.873670062235365,8.631338250816016,159.27131164117353,0.6805051420247679,0.24449877750611249
11427.0,20507,7,80.58608058608058,744.5454545454545,6.555547773570889,4.898979485566356,6.324555320336759,0.0,0.0,0.0,4.242640687119285,7.071067811865442,94.24777960769333,0.6000000000000028,0.12210012210012211
11427.0,20507,8,80.92485549132948,741.4285714285714,6.388765649999399,4.898979485566356,6.324555320336759,0.0,0.0,0.0,3.464101615137754,7.211102550927938,78.47695933380503,0.480384461415264,0.19267822736030826
11427.0,20507,9,80.53691275167785,745.0,6.708203932499369,4.841229182759271,7.905694150420948,0.0,0.0,0.0,5.519850541454904,3.423265984407316,59.36327276578667,1.6124515496596967,0.2684563758389262
11427.0,20507,10,80.53691275167785,745.0,8.660254037844387,7.7138921583987,10.0,0.0,0.0,5.0,6.8030134304980745,8.5280286542244,182.26356135499563,0.7977240352174672,0.11185682326621925
11427.0,20507,11,80.53691275167785,745.0,6.454972243679028,4.979295977319692,7.385489458759964,0.0,0.0,0.0,5.061603966209111,6.363636363636342,101.1913498630583,0.7953949089757201,0.33557046979865773
