patient_id,ecg_id,lead,bpm,ibi,sdnn,sdsd,rmssd,pnn20,pnn50,hr_mad,sd1,sd2,s,sd1/sd2,breathingrate
15346.0,20554,0,73.2519422863485,819.0909090909091,9.958591954639383,7.0,13.038404810405298,0.0,0.0,10.0,8.972179222463181,8.972179222463154,252.89820861397763,1.0000000000000029,0.33296337402885684
15346.0,20554,1,73.17073170731707,820.0,7.559289460184544,6.324555320336759,11.832159566199232,0.0,0.0,10.0,7.211102550927977,5.291502622129151,119.87553548571091,1.3627702877385013,0.17421602787456444
15346.0,20554,2,74.53416149068323,805.0,20.615528128088304,14.142135623730951,33.166247903554,0.75,0.0,10.0,15.41103500742244,18.371173070873798,889.4439149124668,0.8388704928078627,0.15527950310559005
15346.0,20554,3,73.29842931937173,818.5714285714286,8.32993127835043,4.714045207910316,14.142135623730951,0.0,0.0,10.0,10.0,5.773502691896211,181.3799364234203,1.7320508075688912,0.17452006980802792
15346.0,20554,4,260.8695652173913,230.0,0.0,--,nan,nan,nan,0.0,nan,nan,nan,nan,nan
15346.0,20554,5,nan,nan,nan,--,nan,nan,nan,nan,nan,nan,nan,nan,nan
15346.0,20554,6,73.17073170731707,820.0,7.745966692414834,5.665577237325317,12.47219128924647,0.0,0.0,10.0,8.678055195451837,5.773502691896212,157.4025099629987,1.5030832509409764,0.24390243902439027
15346.0,20554,7,nan,nan,nan,--,nan,nan,nan,nan,nan,nan,nan,nan,nan
15346.0,20554,8,73.17073170731707,820.0,6.666666666666667,5.994789404140899,10.606601717798213,0.0,0.0,0.0,7.447734554883114,5.519850541454853,129.15207286916194,1.3492638068638962,0.2710027100271003
15346.0,20554,9,73.17073170731707,820.0,10.0,6.285393610547089,13.743685418725535,0.0,0.0,10.0,9.428090415820632,8.461970117626537,250.63695105872586,1.1141720290623147,0.24390243902439027
15346.0,20554,10,73.17073170731707,820.0,10.0,6.285393610547089,13.743685418725535,0.0,0.0,10.0,9.428090415820632,8.461970117626537,250.63695105872586,1.1141720290623147,0.24390243902439027
15346.0,20554,11,73.17073170731707,820.0,10.0,6.285393610547089,13.743685418725535,0.0,0.0,10.0,9.428090415820632,8.461970117626537,250.63695105872586,1.1141720290623147,0.24390243902439027
