patient_id,ecg_id,lead,bpm,ibi,sdnn,sdsd,rmssd,pnn20,pnn50,hr_mad,sd1,sd2,s,sd1/sd2,breathingrate
16001.0,20609,0,73.5551663747811,815.7142857142857,9.035079029052513,8.16496580927726,12.909944487358056,0.0,0.0,10.0,8.819171036881967,8.164965809277229,226.22052631042706,1.0801234497346472,0.17513134851138354
16001.0,20609,1,73.4966592427617,816.3636363636364,10.67940011315521,11.180339887498949,18.708286933869708,0.2,0.0,10.0,13.209844813622905,8.396427811873307,348.4513463072008,1.573269622462899,0.11135857461024498
16001.0,20609,2,73.34963325183374,818.0,7.483314773547883,7.0710678118654755,12.24744871391589,0.0,0.0,10.0,8.660254037844386,7.905694150420911,215.09014535795433,1.0954451150103373,0.24449877750611249
16001.0,20609,3,nan,nan,nan,--,nan,nan,nan,nan,nan,nan,nan,nan,nan
16001.0,20609,4,73.3695652173913,817.7777777777778,9.162456945817024,7.806247497997997,13.693063937629153,0.0,0.0,10.0,9.642030387838444,8.615030470056354,260.9607467123259,1.1192102478745352,0.2717391304347826
16001.0,20609,5,74.07407407407408,810.0,5.773502691896258,4.714045207910316,5.773502691896258,0.0,0.0,0.0,3.333333333333333,3.33333333333336,34.90658503988686,0.9999999999999919,0.20576131687242796
16001.0,20609,6,73.50689127105666,816.25,9.921567416492215,6.998542122237652,14.638501094227998,0.0,0.0,5.0,10.301575072754254,9.25820099772549,299.626423043766,1.1126972805283764,0.30627871362940273
16001.0,20609,7,73.4966592427617,816.3636363636364,8.813963377120599,6.324555320336759,11.832159566199232,0.0,0.0,10.0,8.24621125123532,8.831760866327823,228.79768736457467,0.9336995618478549,0.11135857461024498
16001.0,20609,8,73.3695652173913,817.7777777777778,9.162456945817024,5.994789404140899,12.747548783981962,0.0,0.0,10.0,8.970437559004576,9.312290266094566,262.43394248551397,0.9632901577032394,0.2717391304347826
16001.0,20609,9,74.46808510638299,805.7142857142857,18.405855323893036,12.99038105676658,35.0,0.5,0.0,10.0,24.173849507267143,10.458250331675941,794.2454212097139,2.3114621223063865,0.1773049645390071
16001.0,20609,10,73.4966592427617,816.3636363636364,8.813963377120599,6.0,13.416407864998739,0.0,0.0,10.0,9.486832980505138,8.831760866327823,263.2197236068128,1.0741723110591523,0.11135857461024498
16001.0,20609,11,73.46938775510205,816.6666666666666,8.16496580927726,8.2915619758885,11.180339887498949,0.0,0.0,0.0,7.905694150420948,9.185586535436883,228.13755052351476,0.8606629658238737,0.13605442176870747
