patient_id,ecg_id,lead,bpm,ibi,sdnn,sdsd,rmssd,pnn20,pnn50,hr_mad,sd1,sd2,s,sd1/sd2,breathingrate
19560.0,20749,0,77.36389684813754,775.5555555555555,9.558139185602919,6.959705453537527,7.905694150420948,0.0,0.0,0.0,4.921254921257382,9.312290266094509,143.97339287707152,0.5284688063445977,0.14326647564469913
19560.0,20749,1,77.82101167315174,771.0,11.357816691600547,6.666666666666667,7.453559924999299,0.0,0.0,0.0,4.714045207910316,14.142135623730859,209.43951023931817,0.3333333333333354,0.2594033722438392
19560.0,20749,2,77.51937984496124,774.0,11.135528725660043,4.969039949999533,7.453559924999299,0.0,0.0,5.0,4.714045207910317,13.333333333333293,197.461463918149,0.35355339059327484,0.12919896640826872
19560.0,20749,3,nan,nan,nan,--,nan,nan,nan,nan,nan,nan,nan,nan,nan
19560.0,20749,4,77.51937984496124,774.0,11.135528725660043,4.969039949999533,7.453559924999299,0.0,0.0,5.0,4.714045207910317,13.333333333333293,197.461463918149,0.35355339059327484,0.12919896640826872
19560.0,20749,5,77.51937984496124,774.0,11.135528725660043,4.969039949999533,6.666666666666667,0.0,0.0,5.0,3.5136418446315325,12.668615834434823,139.84164690294983,0.2773500981126155,0.12919896640826872
19560.0,20749,6,77.82101167315174,771.0,11.357816691600547,6.666666666666667,7.453559924999299,0.0,0.0,0.0,4.714045207910316,14.142135623730859,209.43951023931817,0.3333333333333354,0.2594033722438392
19560.0,20749,7,77.82101167315174,771.0,11.357816691600547,6.666666666666667,7.453559924999299,0.0,0.0,0.0,4.714045207910316,14.142135623730859,209.43951023931817,0.3333333333333354,0.2594033722438392
19560.0,20749,8,77.73851590106007,771.8181818181819,11.134044285378081,6.4031242374328485,7.0710678118654755,0.0,0.0,0.0,4.527692569068708,13.874436925511517,197.3522899988707,0.326333428403386,0.23557126030624262
19560.0,20749,9,77.73851590106007,771.8181818181819,11.92261549873091,6.708203932499369,8.366600265340756,0.0,0.0,0.0,5.522680508593631,14.916433890176219,258.80031465763705,0.3702413424854047,0.11778563015312131
19560.0,20749,10,77.73851590106007,771.8181818181819,11.92261549873091,6.708203932499369,8.366600265340756,0.0,0.0,0.0,5.522680508593631,14.916433890176219,258.80031465763705,0.3702413424854047,0.11778563015312131
19560.0,20749,11,77.73851590106007,771.8181818181819,11.92261549873091,6.708203932499369,8.366600265340756,0.0,0.0,0.0,5.522680508593631,14.916433890176219,258.80031465763705,0.3702413424854047,0.11778563015312131
