patient_id,ecg_id,lead,bpm,ibi,sdnn,sdsd,rmssd,pnn20,pnn50,hr_mad,sd1,sd2,s,sd1/sd2,breathingrate
16379.0,20786,0,78.29181494661921,766.3636363636364,88.44851890149302,128.78276282173792,154.30489298787643,0.3,0.3,10.0,109.05273953459398,71.78091668403238,24592.090759563707,1.519244174807992,0.2372479240806643
16379.0,20786,1,78.29181494661921,766.3636363636364,85.94636036217085,127.54999019992123,150.03332963045244,0.3,0.3,10.0,106.0683741743975,70.16053021464418,23379.146215974368,1.5117955045365163,0.2372479240806643
16379.0,20786,2,nan,nan,nan,--,nan,nan,nan,nan,nan,nan,nan,nan,nan
16379.0,20786,3,78.29181494661921,766.3636363636364,87.93310755886361,131.15258289488622,155.20953578952552,0.3,0.3,0.0,109.72921215428458,69.9464080564542,24112.239619931937,1.5687612159543836,0.2372479240806643
16379.0,20786,4,78.29181494661921,766.3636363636364,88.34567718731886,128.98061869908983,152.8397853963424,0.3,0.3,10.0,108.03703068855603,73.15736463268753,24830.21982971645,1.4767758684446086,0.35587188612099646
16379.0,20786,5,78.09110629067244,768.3333333333334,13.437096247164249,4.330127018922194,5.0,0.0,0.0,5.0,3.061862178478972,5.863019699779249,56.39711190140653,0.5222329678670968,0.21691973969631234
16379.0,20786,6,78.30342577487765,766.25,11.110243021644486,5.0,7.0710678118654755,0.0,0.0,0.0,4.85912657903775,4.85912657903779,74.1764932097596,0.9999999999999918,0.1631321370309951
16379.0,20786,7,nan,nan,nan,--,nan,nan,nan,nan,nan,nan,nan,nan,nan
16379.0,20786,8,122.44897959183673,490.0,235.3720459187964,240.0,416.17304093369626,1.0,1.0,60.0,169.7056274847714,155.5634918610404,82938.04605477052,1.0909090909090913,0.5102040816326531
16379.0,20786,9,218.1818181818182,275.0,185.0,0.0,370.0,1.0,1.0,185.0,0.0,0.0,0.0,nan,nan
16379.0,20786,10,78.3289817232376,766.0,90.13323471394999,132.24556283251582,158.11388300841898,0.3333333333333333,0.3333333333333333,10.0,111.79235601863628,73.94525836433262,25970.02169195105,1.5118258897389851,0.2610966057441253
16379.0,20786,11,78.03468208092485,768.8888888888889,96.77516261296302,140.17845768876185,161.40012391568973,0.25,0.25,0.0,112.7497228377968,47.03721930556695,16661.22753316295,2.39703206316987,0.14450867052023122
