patient_id,ecg_id,lead,bpm,ibi,sdnn,sdsd,rmssd,pnn20,pnn50,hr_mad,sd1,sd2,s,sd1/sd2,breathingrate
13579.0,20816,0,86.7630700778643,691.5384615384615,5.329387100211931,4.930066485916346,7.637626158259733,0.0,0.0,0.0,5.368374469468802,4.5261585380001055,76.33477625051955,1.1860774262319216,0.11123470522803114
13579.0,20816,1,86.72798948751642,691.8181818181819,3.85694607919935,4.0,4.47213595499958,0.0,0.0,0.0,3.162277660168379,4.6904157598234395,46.59734936924704,0.6741998624632406,0.1314060446780552
13579.0,20816,2,95.23809523809524,630.0,0.0,--,nan,nan,nan,0.0,nan,nan,nan,nan,nan
13579.0,20816,3,92.3076923076923,650.0,0.0,--,nan,nan,nan,0.0,nan,nan,nan,nan,nan
13579.0,20816,4,86.64259927797833,692.5,4.330127018922194,4.453617714151233,5.222329678670935,0.0,0.0,0.0,3.6363636363636362,4.635472285084362,52.955511551782266,0.784464540552734,0.24067388688327315
13579.0,20816,5,86.72798948751642,691.8181818181819,3.85694607919935,4.0,4.47213595499958,0.0,0.0,0.0,3.162277660168379,4.6904157598234395,46.59734936924704,0.6741998624632406,0.1314060446780552
13579.0,20816,6,88.49557522123894,678.0,19.390719429665317,15.0,29.154759474226502,0.5,0.0,10.0,17.677669529663685,10.606601717798242,589.0486225480877,1.6666666666666619,0.2949852507374631
13579.0,20816,7,86.72798948751642,691.8181818181819,3.85694607919935,4.0,4.47213595499958,0.0,0.0,0.0,3.162277660168379,4.6904157598234395,46.59734936924704,0.6741998624632406,0.1314060446780552
13579.0,20816,8,86.72798948751642,691.8181818181819,3.85694607919935,4.0,4.47213595499958,0.0,0.0,0.0,3.162277660168379,4.6904157598234395,46.59734936924704,0.6741998624632406,0.1314060446780552
13579.0,20816,9,86.64259927797833,692.5,4.330127018922194,4.453617714151233,5.222329678670935,0.0,0.0,0.0,3.6363636363636362,4.635472285084362,52.955511551782266,0.784464540552734,0.24067388688327315
13579.0,20816,10,86.64259927797833,692.5,4.330127018922194,4.453617714151233,5.222329678670935,0.0,0.0,0.0,3.6363636363636362,4.635472285084362,52.955511551782266,0.784464540552734,0.24067388688327315
13579.0,20816,11,86.64259927797833,692.5,4.330127018922194,4.453617714151233,5.222329678670935,0.0,0.0,0.0,3.6363636363636362,4.635472285084362,52.955511551782266,0.784464540552734,0.24067388688327315
