patient_id,ecg_id,lead,bpm,ibi,sdnn,sdsd,rmssd,pnn20,pnn50,hr_mad,sd1,sd2,s,sd1/sd2,breathingrate
8117.0,20815,0,62.33766233766234,962.5,8.2915619758885,5.0,7.0710678118654755,0.0,0.0,5.0,3.5355339059327373,3.535533905932766,39.26990816987273,0.9999999999999918,0.2597402597402597
8117.0,20815,1,62.93706293706293,953.3333333333334,20.548046676563253,16.24807680927192,30.659419433511783,0.4,0.0,10.0,21.63330765278393,21.63330765278389,1470.2653618800196,1.0000000000000018,0.17482517482517484
8117.0,20815,2,62.608695652173914,958.3333333333334,24.094720491334936,22.776083947860748,35.70714214271425,0.5,0.0,5.0,25.186802099512352,19.605483926697584,1551.316704759163,1.2846814796147144,0.17391304347826086
8117.0,20815,3,nan,nan,nan,--,nan,nan,nan,nan,nan,nan,nan,nan,nan
8117.0,20815,4,62.58148631029987,958.75,20.27159342528357,17.261494247992246,25.354627641855497,0.2857142857142857,0.0,5.0,17.670452681218542,23.255457994428138,1290.9887122806365,0.759841095602257,0.1303780964797914
8117.0,20815,5,62.93706293706293,953.3333333333334,19.720265943665385,21.540659228538015,32.2490309931942,0.4,0.0,0.0,22.803508501982755,19.79898987322327,1418.3864639505136,1.151751106899796,0.17482517482517484
8117.0,20815,6,62.745098039215684,956.25,18.666480653835098,19.58758457257441,29.03200204700225,0.2857142857142857,0.0,10.0,20.503857277724745,18.51640199545098,1192.7297275099145,1.1073348527841442,0.26143790849673204
8117.0,20815,7,62.874251497005986,954.2857142857143,14.982983545287878,15.0,21.213203435596427,0.3333333333333333,0.0,0.0,14.953632037438632,15.679073101855623,736.5749542503212,0.95373189092848,0.29940119760479045
8117.0,20815,8,62.572421784472766,958.8888888888889,16.62958838566196,11.989578808281799,21.213203435596427,0.25,0.0,10.0,14.89546910976623,18.37117307087384,859.688161961039,0.8108066399625788,0.2317497103128621
8117.0,20815,9,62.608695652173914,958.3333333333334,24.094720491334936,22.776083947860748,35.70714214271425,0.5,0.0,5.0,25.186802099512352,19.605483926697584,1551.316704759163,1.2846814796147144,0.17391304347826086
8117.0,20815,10,62.780269058295964,955.7142857142857,19.897697538834453,15.986105077709066,28.284271247461902,0.3333333333333333,0.0,10.0,20.0,21.081851067789156,1324.611768772811,0.9486832980505155,0.14947683109118085
8117.0,20815,11,63.1578947368421,950.0,24.49489742783178,10.0,31.622776601683793,0.5,0.0,10.0,7.071067811865475,21.21320343559637,471.23889803846765,0.3333333333333342,0.2631578947368421
