patient_id,ecg_id,lead,bpm,ibi,sdnn,sdsd,rmssd,pnn20,pnn50,hr_mad,sd1,sd2,s,sd1/sd2,breathingrate
8573.0,20841,0,87.5912408759124,685.0,5.0,4.453617714151233,8.528028654224418,0.0,0.0,5.0,6.030226891555272,3.636363636363629,68.88915091632589,1.6583123951777032,0.0
8573.0,20841,1,87.54208754208754,685.3846153846154,4.9851851526214315,4.330127018922194,8.660254037844387,0.0,0.0,0.0,6.095307849303246,3.486083443891974,66.7549224864851,1.7484687178050595,0.2244668911335578
8573.0,20841,2,87.5,685.7142857142857,4.948716593053935,4.0,8.94427190999916,0.0,0.0,0.0,6.324555320336758,2.8284271247461676,56.19851784832535,2.236067977499807,0.20833333333333334
8573.0,20841,3,87.54208754208754,685.3846153846154,4.9851851526214315,4.330127018922194,8.660254037844387,0.0,0.0,0.0,6.095307849303246,3.4860834438919746,66.75492248648511,1.7484687178050593,0.2244668911335578
8573.0,20841,4,87.5912408759124,685.0,5.0,4.453617714151233,8.528028654224418,0.0,0.0,5.0,6.030226891555272,3.636363636363629,68.88915091632589,1.6583123951777032,0.0
8573.0,20841,5,87.5912408759124,685.0,5.0,4.453617714151233,8.528028654224418,0.0,0.0,5.0,6.030226891555272,3.636363636363629,68.88915091632589,1.6583123951777032,0.0
8573.0,20841,6,87.52025931928688,685.5555555555555,4.969039949999533,4.517539514526256,8.451542547285166,0.0,0.0,0.0,5.890150893739515,3.779644730092272,69.94026497850109,1.558387444947959,0.1620745542949757
8573.0,20841,7,87.54208754208754,685.3846153846154,4.9851851526214315,4.330127018922194,8.660254037844387,0.0,0.0,0.0,6.095307849303246,3.486083443891974,66.7549224864851,1.7484687178050595,0.2244668911335578
8573.0,20841,8,87.64044943820224,684.6153846153846,4.985185152621431,4.714045207910317,8.16496580927726,0.0,0.0,0.0,5.773502691896257,4.08248290463863,74.04804896930611,1.414213562373095,0.449438202247191
8573.0,20841,9,87.53315649867373,685.4545454545455,4.979295977319691,4.58257569495584,8.366600265340756,0.0,0.0,0.0,5.873670062235365,3.8078865529319468,70.26570715252876,1.5425013273341437,0.3978779840848807
8573.0,20841,10,87.64044943820224,684.6153846153846,4.9851851526214315,4.714045207910317,8.16496580927726,0.0,0.0,0.0,5.773502691896257,4.08248290463863,74.04804896930611,1.414213562373095,0.11235955056179775
8573.0,20841,11,87.53315649867373,685.4545454545455,4.979295977319691,4.58257569495584,8.366600265340756,0.0,0.0,0.0,5.873670062235365,3.8078865529319468,70.26570715252876,1.5425013273341437,0.3978779840848807
