patient_id,ecg_id,lead,bpm,ibi,sdnn,sdsd,rmssd,pnn20,pnn50,hr_mad,sd1,sd2,s,sd1/sd2,breathingrate
8055.0,21077,0,62.82722513089005,955.0,10.0,6.9985421222376525,14.638501094227998,0.0,0.0,5.0,10.301575072754254,9.035079029052493,292.4054481057195,1.1401754250991403,0.2617801047120419
8055.0,21077,1,62.874251497005986,954.2857142857143,16.781914463529613,12.1335164821342,30.822070014844883,0.5,0.0,10.0,21.762608095334322,11.365151414154877,777.0268750860503,1.9148542155126764,0.29940119760479045
8055.0,21077,2,nan,nan,nan,--,nan,nan,nan,nan,nan,nan,nan,nan,nan
8055.0,21077,3,nan,nan,nan,--,nan,nan,nan,nan,nan,nan,nan,nan,nan
8055.0,21077,4,62.745098039215684,956.25,15.761900266148114,16.413036132965797,26.99206232527312,0.5714285714285714,0.0,5.0,19.05952009160905,13.09307341415956,783.9772078395288,1.4556948921555002,0.26143790849673204
8055.0,21077,5,62.82722513089005,955.0,8.660254037844387,9.428090415820634,16.32993161855452,0.0,0.0,0.0,11.547005383792515,6.666666666666614,241.8399152312271,1.732050807568891,0.2617801047120419
8055.0,21077,6,62.874251497005986,954.2857142857143,10.49781318335648,5.0,15.811388300841896,0.0,0.0,10.0,11.118053386771944,8.89756521002609,310.7776707891402,1.2495613265350087,0.29940119760479045
8055.0,21077,7,62.745098039215684,956.25,14.086784586980807,10.690449676496975,22.677868380553633,0.2857142857142857,0.0,10.0,16.035674514745462,11.60576914947993,584.6702997684384,1.3816985594155164,0.26143790849673204
8055.0,21077,8,nan,nan,nan,--,nan,nan,nan,nan,nan,nan,nan,nan,nan
8055.0,21077,9,62.968515742128936,952.8571428571429,8.80630571852711,7.4535599249993,15.275252316519467,0.0,0.0,0.0,10.801234497346433,6.6666666666666545,226.22052631042754,1.620185174601968,0.29985007496251875
8055.0,21077,10,62.968515742128936,952.8571428571429,8.80630571852711,7.4535599249993,15.275252316519467,0.0,0.0,0.0,10.801234497346433,6.6666666666666545,226.22052631042754,1.620185174601968,0.29985007496251875
8055.0,21077,11,63.047285464098074,951.6666666666666,8.975274678557506,4.898979485566356,16.73320053068151,0.0,0.0,5.0,11.83215956619923,4.472135954999615,166.23745764132292,2.645751311064569,0.17513134851138354
