patient_id,ecg_id,lead,bpm,ibi,sdnn,sdsd,rmssd,pnn20,pnn50,hr_mad,sd1,sd2,s,sd1/sd2,breathingrate
8951.0,21256,0,83.7696335078534,716.25,108.04368329523018,61.824123303304695,140.94916341243984,1.0,0.8333333333333334,55.0,99.55456348712052,96.75283515799993,30260.405624770414,1.028957583770494,0.34904013961605584
8951.0,21256,1,57.69230769230769,1040.0,117.75681155103796,0.0,80.0,1.0,1.0,80.0,0.0,0.0,0.0,nan,nan
8951.0,21256,2,83.91608391608392,715.0,109.20164833920778,77.54926749421229,141.4802695313614,1.0,0.8333333333333334,45.0,99.97916449607554,95.08037535568404,29864.157227418906,1.05152261044475,0.3496503496503497
8951.0,21256,3,96.7741935483871,620.0,0.0,--,nan,nan,nan,0.0,nan,nan,nan,nan,nan
8951.0,21256,4,233.76623376623374,256.6666666666667,130.97921802925669,--,nan,nan,nan,140.0,nan,nan,nan,nan,nan
8951.0,21256,5,57.69230769230769,1040.0,117.75681155103796,0.0,80.0,1.0,1.0,80.0,0.0,0.0,0.0,nan,nan
8951.0,21256,6,236.2204724409449,254.0,241.7933001553186,15.0,495.22722057657535,1.0,1.0,10.0,10.606601717798213,3.5355339059327378,117.80972450961725,3.0,0.7874015748031495
8951.0,21256,7,83.14087759815243,721.6666666666666,123.20939718850813,124.98888839501784,155.9914527573012,0.3333333333333333,0.3333333333333333,20.0,91.71210994798402,153.00689890038004,44084.66762684643,0.5993985278251804,0.23094688221709006
8951.0,21256,8,76.59574468085106,783.3333333333334,196.24248039380035,161.61296358893986,240.05207768315609,1.0,0.875,70.0,168.62495366937836,234.01388847673118,123969.07169762082,0.7205766921228922,0.28368794326241137
8951.0,21256,9,83.7696335078534,716.25,108.04368329523018,61.824123303304695,140.94916341243984,1.0,0.8333333333333334,55.0,99.55456348712052,96.75283515799993,30260.405624770414,1.028957583770494,0.34904013961605584
8951.0,21256,10,83.7696335078534,716.25,108.04368329523018,61.824123303304695,140.94916341243984,1.0,0.8333333333333334,55.0,99.55456348712052,96.75283515799993,30260.405624770414,1.028957583770494,0.34904013961605584
8951.0,21256,11,76.59574468085106,783.3333333333334,195.8457442875784,162.24980739587951,238.64199127563447,1.0,0.875,70.0,167.62122478970255,233.98717913595175,123217.08892575713,0.7163692703535304,0.28368794326241137
