patient_id,ecg_id,lead,bpm,ibi,sdnn,sdsd,rmssd,pnn20,pnn50,hr_mad,sd1,sd2,s,sd1/sd2,breathingrate
8705.0,21380,0,54.9618320610687,1091.6666666666667,39.75620147292187,24.166091947189145,59.16079783099616,0.8,0.6,30.0,41.61730409336962,43.95452195167185,5746.817129283902,0.9468264525576683,0.15267175572519084
8705.0,21380,1,55.04587155963303,1090.0,39.58114029012639,22.271057451320086,56.568542494923804,0.8,0.6,30.0,39.89987468652,45.51922670696416,5705.796521778442,0.87654992347257,0.1529051987767584
8705.0,21380,2,425.80645161290323,140.9090909090909,152.46189064541196,152.2618582225626,291.4985910282047,0.8571428571428571,0.8571428571428571,10.0,204.9190980233269,122.32442644918653,78749.08138955744,1.6752099639596523,0.6451612903225806
8705.0,21380,3,nan,nan,nan,--,nan,nan,nan,nan,nan,nan,nan,nan,nan
8705.0,21380,4,504.9504950495049,118.82352941176471,125.83286547878531,141.04746631932827,218.15787206254362,0.8571428571428571,0.7142857142857143,40.0,153.9621275986204,109.84334856735656,53129.72163931579,1.401651803287934,0.49504950495049505
8705.0,21380,5,55.04587155963303,1090.0,40.0,26.832815729997478,56.74504383644443,0.8,0.6,40.0,39.89987468652,45.077710678338555,5650.4528614685005,0.885135338199269,0.1529051987767584
8705.0,21380,6,55.04587155963303,1090.0,40.0,26.832815729997478,56.74504383644443,0.8,0.6,40.0,39.89987468652,45.077710678338555,5650.4528614685005,0.885135338199269,0.1529051987767584
8705.0,21380,7,55.04587155963303,1090.0,40.0,26.832815729997478,56.74504383644443,0.8,0.6,40.0,39.89987468652,45.077710678338555,5650.4528614685005,0.885135338199269,0.1529051987767584
8705.0,21380,8,54.9618320610687,1091.6666666666667,39.75620147292187,24.166091947189145,59.16079783099616,0.8,0.6,30.0,41.61730409336962,43.95452195167185,5746.817129283902,0.9468264525576683,0.15267175572519084
8705.0,21380,9,55.04587155963303,1090.0,39.58114029012639,22.271057451320086,56.568542494923804,0.8,0.6,30.0,39.89987468652,45.51922670696416,5705.796521778442,0.87654992347257,0.1529051987767584
8705.0,21380,10,55.04587155963303,1090.0,39.58114029012639,22.271057451320086,56.568542494923804,0.8,0.6,30.0,39.89987468652,45.51922670696416,5705.796521778442,0.87654992347257,0.1529051987767584
8705.0,21380,11,55.04587155963303,1090.0,39.58114029012639,22.271057451320086,56.568542494923804,0.8,0.6,30.0,39.89987468652,45.51922670696416,5705.796521778442,0.87654992347257,0.1529051987767584
