patient_id,ecg_id,lead,bpm,ibi,sdnn,sdsd,rmssd,pnn20,pnn50,hr_mad,sd1,sd2,s,sd1/sd2,breathingrate
10305.0,21481,0,64.67065868263472,927.7777777777778,32.92340531117568,11.659223816361019,24.238399287081645,0.25,0.0,20.0,15.181197251863898,39.439431410708735,1880.9902354136045,0.38492434370496137,0.23952095808383234
10305.0,21481,1,65.21739130434783,920.0,25.98076211353316,12.453996981544782,24.784787961282106,0.2857142857142857,0.0,15.0,16.035674514745462,28.499910490371434,1435.7558723736827,0.5626570132619554,0.1358695652173913
10305.0,21481,2,65.33575317604355,918.3333333333334,26.087459737497547,12.24744871391589,23.45207879911715,0.25,0.0,15.0,14.999999999999998,31.024184114977153,1461.9802334884407,0.48349377841522795,0.18148820326678766
10305.0,21481,3,nan,nan,nan,--,nan,nan,nan,nan,nan,nan,nan,nan,nan
10305.0,21481,4,64.74820143884892,926.6666666666666,32.65986323710904,13.169567191065923,20.91650066335189,0.25,0.0,20.0,12.468710839537502,39.75510973447312,1557.2716688636426,0.3136379429667483,0.23980815347721823
10305.0,21481,5,65.21739130434783,920.0,27.83882181415011,16.65986255670086,23.904572186687872,0.2857142857142857,0.0,15.0,14.846149779161804,29.965967090575806,1397.6293386227112,0.49543369430686146,0.2717391304347826
10305.0,21481,6,65.21739130434783,920.0,25.98076211353316,12.453996981544782,24.784787961282106,0.2857142857142857,0.0,15.0,16.035674514745462,28.499910490371434,1435.7558723736827,0.5626570132619554,0.1358695652173913
10305.0,21481,7,64.42953020134229,931.25,33.33072906493346,11.605769149479944,25.63479777846623,0.2857142857142857,0.0,25.0,16.22545241657221,40.48179232944213,2063.509252111847,0.4008086471203883,0.2684563758389262
10305.0,21481,8,64.74820143884892,926.6666666666666,32.317865716108855,16.583123951777,22.360679774997898,0.25,0.0,20.0,14.142135623730947,40.620192023179804,1804.7075808450209,0.3481553119113956,0.23980815347721823
10305.0,21481,9,nan,nan,nan,--,nan,nan,nan,nan,nan,nan,nan,nan,nan
10305.0,21481,10,65.21739130434783,920.0,25.98076211353316,12.453996981544782,24.784787961282106,0.2857142857142857,0.0,15.0,16.035674514745462,28.499910490371434,1435.7558723736827,0.5626570132619554,0.1358695652173913
10305.0,21481,11,65.21739130434783,920.0,25.98076211353316,12.453996981544782,24.784787961282106,0.2857142857142857,0.0,15.0,16.035674514745462,28.499910490371434,1435.7558723736827,0.5626570132619554,0.1358695652173913
