patient_id,ecg_id,lead,bpm,ibi,sdnn,sdsd,rmssd,pnn20,pnn50,hr_mad,sd1,sd2,s,sd1/sd2,breathingrate
20022.0,21503,0,65.42056074766356,917.1428571428571,12.777531299998799,14.624940645653538,18.708286933869708,0.16666666666666666,0.0,10.0,13.176156917368246,13.994046353122238,579.271202878062,0.9415544714433856,0.1557632398753894
20022.0,21503,1,65.21739130434783,920.0,9.428090415820634,10.0,14.142135623730951,0.125,0.0,10.0,10.0,8.477912478906571,266.34147561510116,1.179535649239179,0.24154589371980678
20022.0,21503,2,65.21739130434783,920.0,14.142135623730951,14.982983545287878,20.701966780270627,0.2857142857142857,0.0,10.0,14.498416521560312,13.477115902938023,613.8572766706925,1.0757803543412168,0.2717391304347826
20022.0,21503,3,nan,nan,nan,--,nan,nan,nan,nan,nan,nan,nan,nan,nan
20022.0,21503,4,65.21739130434783,920.0,13.228756555322953,15.518257844571737,19.27248223318863,0.2857142857142857,0.0,10.0,13.477115902938003,12.371791482634857,523.8168054955682,1.0893423092245442,0.1358695652173913
20022.0,21503,5,64.81481481481482,925.7142857142857,17.612611437054216,16.0,24.08318915758459,0.4,0.0,10.0,16.97056274847714,19.183326093250876,1022.7512663619899,0.8846517369293828,0.15432098765432098
20022.0,21503,6,65.3061224489796,918.75,9.270248108869579,9.89743318610787,13.093073414159543,0.14285714285714285,0.0,5.0,9.035079029052511,9.035079029052499,256.45654315018675,1.0000000000000013,0.13605442176870747
20022.0,21503,7,65.42056074766356,917.1428571428571,12.777531299998799,14.624940645653538,18.708286933869708,0.16666666666666666,0.0,10.0,13.176156917368246,13.994046353122238,579.271202878062,0.9415544714433856,0.1557632398753894
20022.0,21503,8,65.21739130434783,920.0,10.540925533894598,9.682458365518542,15.811388300841896,0.125,0.0,10.0,11.180339887498947,9.842509842514756,345.70904066055493,1.1359236684941303,0.24154589371980678
20022.0,21503,9,65.21739130434783,920.0,9.428090415820634,10.0,14.142135623730951,0.125,0.0,10.0,10.0,8.477912478906571,266.34147561510116,1.179535649239179,0.24154589371980678
20022.0,21503,10,65.21739130434783,920.0,9.428090415820634,10.0,14.142135623730951,0.125,0.0,10.0,10.0,8.477912478906571,266.34147561510116,1.179535649239179,0.24154589371980678
20022.0,21503,11,65.21739130434783,920.0,9.428090415820634,10.0,14.142135623730951,0.125,0.0,10.0,10.0,8.477912478906571,266.34147561510116,1.179535649239179,0.24154589371980678
