patient_id,ecg_id,lead,bpm,ibi,sdnn,sdsd,rmssd,pnn20,pnn50,hr_mad,sd1,sd2,s,sd1/sd2,breathingrate
15407.0,21511,0,72.19251336898395,831.1111111111111,5.665577237325317,4.841229182759271,7.905694150420948,0.0,0.0,0.0,5.519850541454904,4.921254921257422,85.3400815394583,1.1216347516589398,0.267379679144385
15407.0,21511,1,72.20216606498195,831.0,5.385164807134504,6.666666666666667,9.428090415820634,0.0,0.0,0.0,6.666666666666666,4.44444444444448,93.08422677303165,1.4999999999999878,0.24067388688327315
15407.0,21511,2,72.20216606498195,831.0,5.385164807134504,6.666666666666667,9.428090415820634,0.0,0.0,0.0,6.666666666666666,4.44444444444448,93.08422677303165,1.4999999999999878,0.24067388688327315
15407.0,21511,3,72.20216606498195,831.0,5.385164807134504,4.714045207910317,8.16496580927726,0.0,0.0,0.0,5.773502691896257,5.555555555555601,100.76663134634624,1.0392304845413178,0.3610108303249097
15407.0,21511,4,72.09612817089453,832.2222222222222,4.15739709641549,5.0,7.0710678118654755,0.0,0.0,0.0,5.0,3.535533905932766,55.53603672698002,1.4142135623730836,0.26702269692923897
15407.0,21511,5,72.20216606498195,831.0,5.385164807134504,6.666666666666667,9.428090415820634,0.0,0.0,0.0,6.666666666666666,4.44444444444448,93.08422677303165,1.4999999999999878,0.24067388688327315
15407.0,21511,6,72.28915662650603,830.0,4.714045207910317,4.714045207910316,5.773502691896258,0.0,0.0,0.0,3.3333333333333335,4.082482904638663,42.75166100539582,0.8164965809277195,0.2677376171352075
15407.0,21511,7,72.09612817089453,832.2222222222222,4.15739709641549,5.0,7.0710678118654755,0.0,0.0,0.0,5.0,3.535533905932766,55.53603672698002,1.4142135623730836,0.26702269692923897
15407.0,21511,8,72.07207207207207,832.5,4.330127018922194,4.948716593053935,7.559289460184544,0.0,0.0,0.0,5.3452248382484875,3.4992710611188538,58.76157607262254,1.5275252316519343,0.15015015015015015
15407.0,21511,9,72.19251336898395,831.1111111111111,3.1426968052735447,4.330127018922194,5.0,0.0,0.0,0.0,3.5355339059327373,3.0618621784789974,34.008738079391854,1.1547005383792421,0.267379679144385
15407.0,21511,10,72.19251336898395,831.1111111111111,5.665577237325317,6.959705453537527,9.354143466934854,0.0,0.0,0.0,6.5550553010634465,3.423265984407316,70.4963898767592,1.9148542155126604,0.267379679144385
15407.0,21511,11,72.09612817089453,832.2222222222222,4.15739709641549,5.0,7.0710678118654755,0.0,0.0,0.0,5.0,3.535533905932766,55.53603672698002,1.4142135623730836,0.26702269692923897
