patient_id,ecg_id,lead,bpm,ibi,sdnn,sdsd,rmssd,pnn20,pnn50,hr_mad,sd1,sd2,s,sd1/sd2,breathingrate
14496.0,21576,0,70.12987012987013,855.5555555555555,8.31479419283098,5.994789404140899,10.606601717798213,0.0,0.0,10.0,7.447734554883114,9.642030387838426,225.6017987995314,0.7724238832805386,0.2597402597402597
14496.0,21576,1,70.12987012987013,855.5555555555555,8.31479419283098,5.994789404140899,10.606601717798213,0.0,0.0,10.0,7.447734554883114,9.642030387838426,225.6017987995314,0.7724238832805386,0.2597402597402597
14496.0,21576,2,70.07299270072993,856.25,8.569568250501305,4.517539514526256,8.451542547285166,0.0,0.0,5.0,5.890150893739515,9.99999999999999,185.04454776307392,0.5890150893739521,0.145985401459854
14496.0,21576,3,nan,nan,nan,--,nan,nan,nan,nan,nan,nan,nan,nan,nan
14496.0,21576,4,70.03891050583658,856.6666666666666,8.16496580927726,4.330127018922194,8.660254037844387,0.0,0.0,0.0,6.123724356957944,10.458250331675934,201.19840780021838,0.5855400437691204,0.1297016861219196
14496.0,21576,5,70.03891050583658,856.6666666666666,8.16496580927726,4.330127018922194,8.660254037844387,0.0,0.0,0.0,6.123724356957944,10.458250331675934,201.19840780021838,0.5855400437691204,0.1297016861219196
14496.0,21576,6,1500.0,40.0,0.0,--,nan,nan,nan,0.0,nan,nan,nan,nan,nan
14496.0,21576,7,70.03891050583658,856.6666666666666,8.16496580927726,4.330127018922194,8.660254037844387,0.0,0.0,0.0,6.123724356957944,10.458250331675934,201.19840780021838,0.5855400437691204,0.1297016861219196
14496.0,21576,8,70.12987012987013,855.5555555555555,8.31479419283098,5.994789404140899,10.606601717798213,0.0,0.0,10.0,7.447734554883114,9.642030387838426,225.6017987995314,0.7724238832805386,0.2597402597402597
14496.0,21576,9,70.12987012987013,855.5555555555555,8.31479419283098,5.994789404140899,10.606601717798213,0.0,0.0,10.0,7.447734554883114,9.642030387838426,225.6017987995314,0.7724238832805386,0.2597402597402597
14496.0,21576,10,70.12987012987013,855.5555555555555,8.31479419283098,4.841229182759271,7.905694150420948,0.0,0.0,10.0,5.519850541454904,10.861341998114215,188.3478556949408,0.5082107296145615,0.2597402597402597
14496.0,21576,11,69.93006993006993,858.0,10.770329614269007,6.666666666666667,12.01850425154663,0.0,0.0,10.0,8.164965809277259,11.1111111111111,285.0110733693028,0.734846922834954,0.34965034965034963
