patient_id,ecg_id,lead,bpm,ibi,sdnn,sdsd,rmssd,pnn20,pnn50,hr_mad,sd1,sd2,s,sd1/sd2,breathingrate
19481.0,21659,0,85.27131782945736,703.6363636363636,6.428243465332251,7.483314773547883,10.954451150103322,0.0,0.0,0.0,7.745966692414833,5.291502622129188,128.76698099214005,1.4638501094227978,0.25839793281653745
19481.0,21659,1,85.38163001293661,702.7272727272727,7.496555682941201,6.4031242374328485,9.486832980505138,0.0,0.0,0.0,6.670832032063166,7.778174593052031,163.00749200215577,0.8576346483687811,0.258732212160414
19481.0,21659,2,157.43440233236151,381.1111111111111,289.460972016933,4.714045207910317,583.3523806414096,1.0,1.0,0.0,389.1800497341958,3.3333333333333335,4075.4839505621994,116.75401492025873,0.29154518950437314
19481.0,21659,3,85.44303797468355,702.2222222222222,6.285393610547089,4.517539514526256,8.451542547285166,0.0,0.0,0.0,5.890150893739515,5.150787536377138,95.3125150292586,1.1435437497937289,0.1582278481012658
19481.0,21659,4,85.38163001293661,702.7272727272727,12.8564869306645,15.0,21.213203435596427,0.2,0.0,0.0,14.983324063771695,10.977249200050087,516.7155945579445,1.364943419859989,0.258732212160414
19481.0,21659,5,85.30805687203791,703.3333333333334,6.236095644623236,4.810456929208347,7.977240352174657,0.0,0.0,5.0,5.604012729971796,6.923430096239909,121.89062318974267,0.8094272134003803,0.23696682464454977
19481.0,21659,6,85.27131782945736,703.6363636363636,6.428243465332251,6.6332495807108,8.94427190999916,0.0,0.0,0.0,6.324555320336758,6.9282032302755265,137.65769302909175,0.9128709291752745,0.25839793281653745
19481.0,21659,7,85.43263964950712,702.3076923076923,6.965680875490321,4.930066485916346,7.637626158259733,0.0,0.0,10.0,5.368374469468802,8.395600699837454,141.59386939945108,0.639427083469172,0.21905805038335158
19481.0,21659,8,nan,nan,nan,--,nan,nan,nan,nan,nan,nan,nan,nan,nan
19481.0,21659,9,85.27131782945736,703.6363636363636,6.428243465332251,5.0,7.0710678118654755,0.0,0.0,10.0,4.949747468305833,6.670832032063158,103.73204036500798,0.741998516004453,0.12919896640826872
19481.0,21659,10,85.27131782945736,703.6363636363636,6.428243465332251,4.898979485566356,7.745966692414834,0.0,0.0,10.0,5.2915026221291805,6.164414002968972,102.47565117021242,0.8583950752789528,0.25839793281653745
19481.0,21659,11,85.27131782945736,703.6363636363636,6.428243465332251,7.483314773547883,10.954451150103322,0.0,0.0,0.0,7.745966692414833,5.291502622129188,128.76698099214005,1.4638501094227978,0.25839793281653745
