patient_id,ecg_id,lead,bpm,ibi,sdnn,sdsd,rmssd,pnn20,pnn50,hr_mad,sd1,sd2,s,sd1/sd2,breathingrate
14805.0,21655,0,58.91980360065466,1018.3333333333334,23.392781412696998,16.73320053068151,26.076809620810597,0.2,0.0,25.0,18.220867158288595,30.528675044947477,1747.5389758751214,0.59684434818943,0.1636661211129296
14805.0,21655,1,200.0,300.0,0.0,--,nan,nan,nan,0.0,nan,nan,nan,nan,nan
14805.0,21655,2,nan,nan,nan,--,nan,nan,nan,nan,nan,nan,nan,nan,nan
14805.0,21655,3,1000.0,60.0,0.0,--,nan,nan,nan,0.0,nan,nan,nan,nan,nan
14805.0,21655,4,59.701492537313435,1005.0,29.154759474226502,14.98298354528788,29.7609523657138,0.5714285714285714,0.0,20.0,20.65261756400137,37.11537444790449,2408.123867615878,0.5564437344688409,0.24875621890547261
14805.0,21655,5,nan,nan,nan,--,nan,nan,nan,nan,nan,nan,nan,nan,nan
14805.0,21655,6,1000.0,60.0,0.0,--,nan,nan,nan,0.0,nan,nan,nan,nan,nan
14805.0,21655,7,58.91980360065466,1018.3333333333334,22.669117514559073,11.661903789690601,21.447610589527216,0.2,0.0,20.0,14.560219778561034,30.133038346638667,1378.3538619643684,0.48319786445249796,0.1636661211129296
14805.0,21655,8,1090.909090909091,55.0,8.660254037844387,0.0,0.0,0.0,0.0,0.0,0.0,0.0,0.0,nan,4.545454545454546
14805.0,21655,9,59.40594059405941,1010.0,30.237157840738178,15.0,29.154759474226502,0.6666666666666666,0.0,30.0,18.892973414591054,34.8209706929603,2066.7648166997274,0.5425745761421469,0.14144271570014144
14805.0,21655,10,59.49008498583569,1008.5714285714286,29.485382057928987,15.986105077709066,31.09126351029605,0.6666666666666666,0.0,20.0,20.816659994661325,33.33333333333333,2179.9155370501517,0.6244997998398398,0.141643059490085
14805.0,21655,11,59.49008498583569,1008.5714285714286,29.485382057928987,15.986105077709066,31.09126351029605,0.6666666666666666,0.0,20.0,20.816659994661325,33.33333333333333,2179.9155370501517,0.6244997998398398,0.141643059490085
