patient_id,ecg_id,lead,bpm,ibi,sdnn,sdsd,rmssd,pnn20,pnn50,hr_mad,sd1,sd2,s,sd1/sd2,breathingrate
9082.0,21686,0,74.16563658838072,809.0,13.0,8.748897637790902,12.47219128924647,0.0,0.0,5.0,8.819171036881968,17.249082995844482,477.9072839788897,0.5112834716492822,0.24721878862793573
9082.0,21686,1,74.25742574257426,808.0,13.2664991614216,7.856742013183861,11.055415967851333,0.0,0.0,5.0,7.777777777777777,17.950549357115005,438.61466435277146,0.4332891224131212,0.24752475247524752
9082.0,21686,2,74.20494699646643,808.5714285714286,21.66535841157586,18.547236990991408,23.2379000772445,0.2,0.0,0.0,14.832396974191322,21.44761058952724,999.401803775761,0.6915640748081237,0.17667844522968199
9082.0,21686,3,74.17582417582418,808.8888888888889,13.698697784375504,8.2915619758885,11.180339887498949,0.0,0.0,10.0,7.70551750371122,17.677669529663696,427.9339030864905,0.4358898943540671,0.13736263736263735
9082.0,21686,4,400.0,150.0,0.0,--,nan,nan,nan,0.0,nan,nan,nan,nan,nan
9082.0,21686,5,74.25742574257426,808.0,12.489995996796797,7.856742013183861,11.055415967851333,0.0,0.0,5.0,7.777777777777777,16.666666666666647,407.2434921320097,0.4666666666666672,0.24752475247524752
9082.0,21686,6,74.27785419532324,807.7777777777778,13.966450099973928,6.959705453537527,9.354143466934854,0.0,0.0,0.0,6.05959982177041,18.006075363609916,342.77795255506396,0.3365308485832952,0.2751031636863824
9082.0,21686,7,75.47169811320755,795.0,5.0,0.0,10.0,0.0,0.0,5.0,0.0,0.0,0.0,nan,nan
9082.0,21686,8,74.17582417582418,808.8888888888889,14.487116456005886,6.614378277661476,10.0,0.0,0.0,10.0,6.123724356957944,16.955824957813164,326.2003562984635,0.3611575592573077,0.13736263736263735
9082.0,21686,9,74.25742574257426,808.0,12.489995996796797,7.856742013183861,11.055415967851333,0.0,0.0,5.0,7.777777777777777,16.666666666666647,407.2434921320097,0.4666666666666672,0.24752475247524752
9082.0,21686,10,74.27785419532324,807.7777777777778,13.146843962443592,6.959705453537527,9.354143466934854,0.0,0.0,10.0,6.05959982177041,16.5595516243647,315.24077770446604,0.36592777142919075,0.1375515818431912
9082.0,21686,11,73.71007371007371,814.0,19.595917942265423,15.761900266148114,20.91650066335189,0.125,0.0,10.0,14.114487238295267,20.596571316605097,913.2925354162777,0.6852833426171312,0.12285012285012284
