patient_id,ecg_id,lead,bpm,ibi,sdnn,sdsd,rmssd,pnn20,pnn50,hr_mad,sd1,sd2,s,sd1/sd2,breathingrate
12931.0,21809,0,67.66917293233082,886.6666666666666,6.666666666666667,5.0,11.180339887498949,0.0,0.0,10.0,7.905694150420947,5.000000000000041,124.18235332245226,1.5811388300841764,0.2506265664160401
12931.0,21809,1,67.66917293233082,886.6666666666666,6.666666666666667,4.841229182759271,7.905694150420948,0.0,0.0,10.0,5.519850541454904,7.856128181235397,136.23407653098397,0.7026171689305217,0.12531328320802004
12931.0,21809,2,67.66917293233082,886.6666666666666,6.666666666666667,5.0,11.180339887498949,0.0,0.0,10.0,7.905694150420947,5.000000000000041,124.18235332245226,1.5811388300841764,0.2506265664160401
12931.0,21809,3,nan,nan,nan,--,nan,nan,nan,nan,nan,nan,nan,nan,nan
12931.0,21809,4,67.6056338028169,887.5,6.614378277661476,6.998542122237652,10.0,0.0,0.0,5.0,6.998542122237652,6.388765649999451,140.46703370315566,1.0954451150103233,0.2816901408450704
12931.0,21809,5,67.70098730606487,886.25,6.959705453537527,6.3887656499993986,10.690449676496975,0.0,0.0,5.0,7.5592894601845435,6.388765649999451,151.7217370174449,1.1832159566199134,0.14104372355430184
12931.0,21809,6,67.6056338028169,887.5,6.614378277661476,5.3452248382484875,11.338934190276817,0.0,0.0,5.0,7.953949089757174,5.150787536377169,128.70822935371982,1.5442199922988131,0.2816901408450704
12931.0,21809,7,nan,nan,nan,--,nan,nan,nan,nan,nan,nan,nan,nan,nan
12931.0,21809,8,67.66917293233082,886.6666666666666,6.666666666666667,5.0,11.180339887498949,0.0,0.0,10.0,7.905694150420947,5.000000000000041,124.18235332245226,1.5811388300841764,0.2506265664160401
12931.0,21809,9,67.66917293233082,886.6666666666666,6.666666666666667,5.0,11.180339887498949,0.0,0.0,10.0,7.905694150420947,5.000000000000041,124.18235332245226,1.5811388300841764,0.2506265664160401
12931.0,21809,10,66.96428571428571,896.0,28.705400188814647,29.355210696939793,34.318767136623336,0.1111111111111111,0.1111111111111111,10.0,22.95997591085758,20.03084041924441,1444.8423799018778,1.1462312828771295,0.11160714285714285
12931.0,21809,11,67.66917293233082,886.6666666666666,6.666666666666667,4.330127018922194,8.660254037844387,0.0,0.0,10.0,6.123724356957944,7.071067811865532,136.0349523175674,0.8660254037844315,0.12531328320802004
