patient_id,ecg_id,lead,bpm,ibi,sdnn,sdsd,rmssd,pnn20,pnn50,hr_mad,sd1,sd2,s,sd1/sd2,breathingrate
16291.0,21805,0,163.00940438871473,368.0769230769231,76.2091873509119,48.20622366458505,69.74238309665078,0.68,0.28,25.0,48.675250384564016,81.43905696899984,12453.48216033732,0.5976892684684756,0.3134796238244514
16291.0,21805,1,168.64864864864865,355.7692307692308,54.50286350438402,61.13067969522341,82.09750300709517,0.64,0.28,25.0,58.03447251418762,52.43205126637713,9559.446847730336,1.1068510789201782,0.32432432432432434
16291.0,21805,2,178.21782178217822,336.6666666666667,32.99831645537222,21.540659228538015,50.79370039680118,0.8,0.4,20.0,32.372828112477286,35.88871688985273,3649.962861605039,0.9020335893265236,0.33003300330033003
